Application,Buyer_Name,Headquarters_Location,Manufacturing_Locations,Contact_Information,Website,Review_Score,Annual_Volume_kg,Annual_Revenue_USD,Established_Year,Employee_Count,Procurement_Contact,Required_Certifications,Typical_Lead_Time_Days,Payment_Terms,Contract_Duration_Months,Quality_Standards,Sustainability_Commitment,Supply_Chain_Tier,Recent_Growth_Rate
Abrasive grinding wheels,Norton Abrasives (Saint-Gobain),"Worcester, Massachusetts, USA","Worcester (USA), Stephanshausen (Germany), Tianjin (China), Sao Paulo (Brazil)",procurement@nortonabrasives.com,www.nortonabrasives.com,4.8,12500,"$850,000,000",1885,4200,"Jennifer Wilson, +1-508-795-5000","ISO 9001, ISO 14001, ANSI B74.12",30,"Net 60, 2% discount for early payment",24,"Six Sigma, ISO 9001:2015, FEPA standards","Carbon neutral by 2030, 40% recycled materials in packaging",1,6.8%
Abrasive grinding wheels,3M Abrasive Systems,"Saint Paul, Minnesota, USA","Saint Paul (USA), Wroclaw (Poland), Shanghai (China), Bangalore (India)",abrasives.procurement@3m.com,www.3m.com/abrasives,4.9,18700,"$1,250,000,000",1902,5800,"Robert Chen, +1-651-733-1110","ISO 9001, ISO 14001, ANSI B74.12, FEPA",21,"Net 45",36,"Six Sigma, ISO 9001:2015, FEPA standards","30% reduction in manufacturing waste by 2025, Sustainable forestry initiative",1,5.2%
Abrasive grinding wheels,Tyrolit Group,"Schwaz, Austria","Schwaz (Austria), Neuenrade (Germany), Caledonia (USA), Shanghai (China)",procurement@tyrolit.com,www.tyrolit.com,4.7,9800,"$720,000,000",1919,4500,"Markus Schneider, +43-5242-606-0","ISO 9001, ISO 14001, FEPA",28,"Net 60",24,"ISO 9001:2015, FEPA standards, TQM","Energy efficiency program, 25% renewable energy in production",1,4.3%
Abrasive grinding wheels,Klingspor Abrasive Technology,"Haiger, Germany","Haiger (Germany), Hickory (USA), Qingdao (China)",einkauf@klingspor.de,www.klingspor.com,4.6,7500,"$480,000,000",1893,2800,"Dieter Hoffman, +49-2773-922-0","ISO 9001, ISO 14001, FEPA",35,"Net 45, volume discounts",12,"ISO 9001:2015, FEPA standards","Waste reduction initiative, Sustainable supply chain program",1,3.8%
Abrasive grinding wheels,Carborundum Universal Ltd.,"Chennai, India","Chennai (India), Cochin (India), Rangsdorf (Germany), Wenzhou (China)",procurement@cumi.murugappa.com,www.cumi-murugappa.com,4.5,14200,"$390,000,000",1954,5100,"Rajesh Kumar, +91-44-2847-8383","ISO 9001, ISO 14001, ANSI B74.12",42,"Net 60, Letter of Credit for international",12,"ISO 9001:2015, Six Sigma","Water conservation program, Solar powered facilities initiative",2,8.7%
Abrasive grinding wheels,Hermes Schleifmittel GmbH,"Hamburg, Germany","Hamburg (Germany), Dresden (Germany), Virginia Beach (USA), Shanghai (China)",info@hermes-schleifmittel.com,www.hermes-abrasives.com,4.4,5800,"$320,000,000",1927,1900,"Klaus Weber, +49-40-8330-0","ISO 9001, ISO 14001, FEPA",30,"Net 30, Early payment discounts",24,"ISO 9001:2015, FEPA standards","Reduced CO2 emissions program, Sustainable packaging",2,4.1%
Abrasive grinding wheels,Shandong Xinfa Abrasives,"Jinan, Shandong, China","Jinan (China), Zhengzhou (China), Qingdao (China)",sales@xinfaabrasives.com,www.xinfaabrasives.com,4.2,22500,"$280,000,000",1998,3200,"Li Wei, +86-531-8765-4321","ISO 9001, GB/T 19001",21,"50% advance, 50% before delivery",6,"GB/T 19001-2016, ISO 9001:2015","Energy efficiency initiative, Dust reduction systems",2,11.5%
Abrasive grinding wheels,Noritake Co. Limited,"Nagoya, Japan","Nagoya (Japan), Miyoshi (Japan), Suzhou (China), Banten (Indonesia)",abrasives@noritake.co.jp,www.noritake-abrasives.com,4.7,8900,"$420,000,000",1904,3500,"Takahiro Yamada, +81-52-561-9111","ISO 9001, JIS R 6001, ISO 14001",45,"Net 60, Letter of Credit",12,"JIS Q 9001, TQM","Zero landfill waste initiative, Energy conservation program",1,3.9%
Abrasive grinding wheels,Pferd Inc.,"Leominster, Massachusetts, USA","Leominster (USA), Marienheide (Germany), Puebla (Mexico)",sales@pferdusa.com,www.pferdusa.com,4.5,4200,"$180,000,000",1968,1400,"Michael Johnson, +1-978-840-6420","ISO 9001, ISO 14001, ANSI B74.12",14,"Net 45",12,"ISO 9001:2015, ANSI standards","Sustainable manufacturing practices, Reduced packaging waste",2,6.2%
Abrasive grinding wheels,Weiler Abrasives Group,"Cresco, Pennsylvania, USA","Cresco (USA), Niagara Falls (USA), Suzhou (China)",info@weilerabrasives.com,www.weilerabrasives.com,4.3,5100,"$210,000,000",1944,1600,"Sarah Thompson, +1-570-595-7495","ISO 9001, ISO 14001",21,"Net 30, volume discounts",12,"ISO 9001:2015, ANSI standards","Reduced energy consumption program, Sustainable material sourcing",2,5.8%
Bulletproof armor plates,Ceradyne Inc. (3M),"Costa Mesa, California, USA","Costa Mesa (USA), Lexington (USA), Tianjin (China), Kempten (Germany)",defense.procurement@3m.com,www.3m.com/defense,4.9,3200,"$420,000,000",1967,1800,"Michael Rodriguez, +1-714-549-0421","ISO 9001, AS9100D, MIL-STD-662F, NIJ 0101.06",60,"Net 60, progress payments",36,"AS9100D, MIL-STD-810","Carbon neutral manufacturing by 2030, Sustainable material sourcing",1,7.2%
Bulletproof armor plates,Tencate Advanced Armor,"Hoofddorp, Netherlands","Hoofddorp (Netherlands), Newark (USA), Primarette (France), Sao Jose dos Campos (Brazil)",info@tencateadvancedarmor.com,www.tencateadvancedarmor.com,4.7,2800,"$380,000,000",1982,1200,"Jan van der Meer, +31-23-568-9300","ISO 9001, AS9100D, NIJ 0101.06",45,"Net 45",24,"AS9100D, MIL-STD-810, NIJ standards","Reduced carbon footprint initiative, Sustainable packaging",1,5.8%
Bulletproof armor plates,Koninklijke DSM N.V.,"Heerlen, Netherlands","Heerlen (Netherlands), Greenville (USA), Shanghai (China), Singapore",materials.procurement@dsm.com,www.dsm.com,4.8,4100,"$560,000,000",1902,23000,"Pieter de Vries, +31-45-578-8111","ISO 9001, AS9100D, NIJ 0101.06",30,"Net 45, volume discounts",24,"AS9100D, Six Sigma","Circular economy initiatives, Bio-based material research",1,6.5%
Bulletproof armor plates,Armorworks Enterprises LLC,"Chandler, Arizona, USA","Chandler (USA), Florence (USA)",sales@armorworks.com,www.armorworks.com,4.5,1800,"$180,000,000",1993,450,"Jennifer Adams, +1-480-899-1239","ISO 9001, AS9100D, MIL-STD-662F, NIJ 0101.06",40,"Net 30",12,"AS9100D, MIL-STD-810","Energy efficient facilities, Recycling program",2,9.3%
Bulletproof armor plates,CoorsTek Inc.,"Golden, Colorado, USA","Golden (USA), Grand Junction (USA), Gumi (South Korea), Lauffen (Germany)",defense@coorstek.com,www.coorstek.com,4.6,2500,"$290,000,000",1910,6000,"David Wilson, +1-303-271-7100","ISO 9001, AS9100D, MIL-STD-662F",50,"Net 60",24,"AS9100D, Six Sigma","Water conservation initiative, Solar powered facilities",1,4.7%
Bulletproof armor plates,Morgan Advanced Materials,"Windsor, UK","Windsor (UK), Augusta (USA), Shanghai (China), Melbourne (Australia)",defense@morganplc.com,www.morganadvancedmaterials.com,4.7,2900,"$340,000,000",1856,8500,"Richard Taylor, +44-1753-837000","ISO 9001, AS9100D, NIJ 0101.06",45,"Net 45, Letter of Credit for international",24,"AS9100D, MIL-STD-810","Net zero carbon emissions by 2050, Sustainable supply chain",1,3.9%
Bulletproof armor plates,Beijing Protech New Material,"Beijing, China","Beijing (China), Tianjin (China), Shenzhen (China)",sales@bjprotech.com,www.bjprotech.com,4.2,3800,"$150,000,000",2002,1100,"Li Wei, +86-10-6841-7520","ISO 9001, GB/T 19001",30,"50% advance, 50% before delivery",12,"GB/T 19001-2016, MIL-STD-810 equivalent","Energy efficiency program, Waste reduction initiative",2,11.5%
Bulletproof armor plates,Plasan Sasa Ltd.,"Kibbutz Sasa, Israel","Kibbutz Sasa (Israel), Grand Rapids (USA), Arad (Romania)",info@plasan.com,www.plasan.com,4.8,2200,"$270,000,000",1985,500,"David Cohen, +972-4-696-8000","ISO 9001, AS9100D, NIJ 0101.06, ITAR",60,"Net 60, Letter of Credit",36,"AS9100D, MIL-STD-810","Reduced environmental impact program, Sustainable material research",1,8.3%
Bulletproof armor plates,Tata Advanced Materials Limited,"Bangalore, India","Bangalore (India), Hosur (India)",sales@taml.com,www.tamlindia.com,4.4,1900,"$120,000,000",1984,850,"Rajesh Kumar, +91-80-6778-8000","ISO 9001, AS9100D, NIJ 0101.06",45,"Net 60, Letter of Credit",12,"AS9100D, MIL-STD-810","Water conservation program, Energy efficiency initiative",2,10.2%
Bulletproof armor plates,Saint-Gobain Performance Ceramics & Refractories,"Courbevoie, France","Courbevoie (France), Worcester (USA), Shanghai (China), Minhang (China)",ceramics@saint-gobain.com,www.ceramics.saint-gobain.com,4.6,2700,"$310,000,000",1665,170000,"Marie Dupont, +33-1-4764-4500","ISO 9001, AS9100D, MIL-STD-662F",40,"Net 45",24,"AS9100D, Six Sigma","Carbon neutrality by 2050, Circular economy approach",1,4.5%
Power electronics semiconductors,Wolfspeed Inc.,"Durham, North Carolina, USA","Durham (USA), Fayetteville (USA), Marcy (USA), Mesa (USA)",procurement@wolfspeed.com,www.wolfspeed.com,4.8,5800,"$870,000,000",1987,4000,"Jennifer Wilson, +1-919-407-5300","ISO 9001, ISO 14001, IATF 16949, JEDEC JESD22",45,"Net 60, progress payments",24,"JEDEC JESD22, AEC-Q101, Six Sigma","Carbon neutral by 2030, 40% renewable energy in manufacturing",1,22.5%
Power electronics semiconductors,Infineon Technologies AG,"Neubiberg, Germany","Neubiberg (Germany), Villach (Austria), Dresden (Germany), Kulim (Malaysia)",procurement@infineon.com,www.infineon.com,4.9,9200,"$1,450,000,000",1999,50280,"Klaus Weber, +49-89-234-0","ISO 9001, ISO 14001, IATF 16949, JEDEC JESD22",30,"Net 45",36,"JEDEC JESD22, AEC-Q101, Zero Defect","Carbon neutral by 2030, Sustainable water management",1,15.8%
Power electronics semiconductors,STMicroelectronics,"Geneva, Switzerland","Geneva (Switzerland), Catania (Italy), Tours (France), Shenzhen (China)",procurement@st.com,www.st.com,4.7,7500,"$1,250,000,000",1987,48000,"Pierre Dubois, +41-22-929-2929","ISO 9001, ISO 14001, IATF 16949, JEDEC JESD22",40,"Net 60",24,"JEDEC JESD22, AEC-Q101, Six Sigma","Responsible Products program, 100% renewable electricity by 2027",1,12.3%
Power electronics semiconductors,ROHM Semiconductor,"Kyoto, Japan","Kyoto (Japan), Yokohama (Japan), San Diego (USA), Nuremberg (Germany)",sales@rohm.com,www.rohm.com,4.6,6300,"$980,000,000",1958,23000,"Takahiro Yamada, +81-75-311-2121","ISO 9001, ISO 14001, IATF 16949, JEDEC JESD22",35,"Net 45, Letter of Credit for international",12,"JEDEC JESD22, AEC-Q101, JIS Q 9001","Zero emissions by 2050, Sustainable procurement guidelines",1,9.7%
Power electronics semiconductors,ON Semiconductor (onsemi),"Phoenix, Arizona, USA","Phoenix (USA), Bucheon (South Korea), Roznov (Czech Republic), Suzhou (China)",procurement@onsemi.com,www.onsemi.com,4.5,8100,"$1,090,000,000",1999,31000,"Michael Johnson, +1-602-244-6600","ISO 9001, ISO 14001, IATF 16949, JEDEC JESD22",30,"Net 45",24,"JEDEC JESD22, AEC-Q101, Six Sigma","Carbon neutrality by 2040, Intelligent power technologies",1,10.5%
Power electronics semiconductors,Mitsubishi Electric,"Tokyo, Japan","Tokyo (Japan), Fukuoka (Japan), Shanghai (China), Livingston (UK)",semi.procurement@melco.co.jp,www.mitsubishielectric.com/semiconductors,4.7,5900,"$1,180,000,000",1921,145000,"Hiroshi Tanaka, +81-3-3218-2111","ISO 9001, ISO 14001, IATF 16949, JEDEC JESD22",45,"Net 60, Letter of Credit",12,"JEDEC JESD22, JIS Q 9001, Six Sigma","Environmental Vision 2050, Sustainable factory initiative",1,7.8%
Power electronics semiconductors,Fuji Electric Co.,"Tokyo, Japan","Tokyo (Japan), Matsumoto (Japan), Shenzhen (China), Frankfurt (Germany)",semi@fujielectric.com,www.fujielectric.com,4.4,4800,"$850,000,000",1923,27000,"Kenji Sato, +81-3-5435-7111","ISO 9001, ISO 14001, IATF 16949, JEDEC JESD22",40,"Net 60, Letter of Credit",12,"JEDEC JESD22, JIS Q 9001, TQM","Clean energy solutions, Sustainable manufacturing",2,8.3%
Power electronics semiconductors,CRRC Times Semiconductor Co.,"Zhuzhou, China","Zhuzhou (China), Changsha (China), Shenzhen (China)",sales@timessemi.com,www.timessemi.com,4.2,7200,"$680,000,000",2006,3500,"Li Wei, +86-731-2289-9999","ISO 9001, ISO 14001, GB/T 19001",30,"50% advance, 50% before delivery",6,"GB/T 19001-2016, JEDEC JESD22 equivalent","Energy efficiency program, Green factory initiative",2,18.5%
Power electronics semiconductors,GeneSiC Semiconductor Inc.,"Dulles, Virginia, USA","Dulles (USA), Ronkonkoma (USA)",info@genesicsemi.com,www.genesicsemi.com,4.3,1200,"$120,000,000",2004,280,"Sarah Thompson, +1-703-996-8200","ISO 9001, ISO 14001, JEDEC JESD22",21,"Net 30",12,"JEDEC JESD22, AEC-Q101","Sustainable packaging, Energy efficient facilities",2,25.7%
Power electronics semiconductors,United Silicon Carbide Inc.,"Princeton, New Jersey, USA","Princeton (USA), Monmouth Junction (USA)",sales@unitedsic.com,www.unitedsic.com,4.4,950,"$85,000,000",2001,150,"David Williams, +1-609-531-9200","ISO 9001, ISO 14001, JEDEC JESD22",25,"Net 45",12,"JEDEC JESD22, AEC-Q101","Reduced carbon footprint initiative, Sustainable supply chain",2,23.8%
Electric vehicle power modules,Tesla Inc.,"Austin, Texas, USA","Fremont (USA), Austin (USA), Shanghai (China), Berlin (Germany)",supplier@tesla.com,www.tesla.com,4.9,8700,"$2,300,000,000",2003,127855,"Jennifer Adams, +1-512-516-8000","ISO 9001, ISO 14001, IATF 16949, ISO 26262",30,"Net 60, progress payments",36,"ISO 26262, AEC-Q101, Six Sigma","100% renewable energy in manufacturing, Closed-loop battery recycling",1,37.5%
Electric vehicle power modules,BYD Company Ltd.,"Shenzhen, China","Shenzhen (China), Xi'an (China), Lancaster (USA), Komarom (Hungary)",procurement@byd.com,www.byd.com,4.7,12500,"$1,950,000,000",1995,462000,"Li Wei, +86-755-8988-8888","ISO 9001, ISO 14001, IATF 16949, ISO 26262",45,"Net 45, Letter of Credit for international",24,"ISO 26262, GB/T 19001-2016, AEC-Q101","Zero emissions factory initiative, Sustainable battery supply chain",1,28.3%
Electric vehicle power modules,Volkswagen Group,"Wolfsburg, Germany","Wolfsburg (Germany), Zwickau (Germany), Chattanooga (USA), Shanghai (China)",e-mobility.procurement@volkswagen.com,www.volkswagenag.com,4.8,9800,"$2,100,000,000",1937,662600,"Klaus Weber, +49-5361-9-0","ISO 9001, ISO 14001, IATF 16949, ISO 26262",60,"Net 60",48,"ISO 26262, AEC-Q101, VDA 6.3","Carbon neutral by 2050, Electric mobility ecosystem",1,15.2%
Electric vehicle power modules,Vitesco Technologies,"Regensburg, Germany","Regensburg (Germany), Tianjin (China), Chennai (India), Debrecen (Hungary)",procurement@vitesco-technologies.com,www.vitesco-technologies.com,4.6,7200,"$950,000,000",2019,37000,"Markus Schneider, +49-941-2031-0","ISO 9001, ISO 14001, IATF 16949, ISO 26262",30,"Net 45",24,"ISO 26262, AEC-Q101, VDA 6.3","Sustainable product portfolio, Reduced CO2 footprint",1,12.7%
Electric vehicle power modules,Danfoss Silicon Power,"Flensburg, Germany","Flensburg (Germany), Utica (USA), Shenzhen (China)",siliconpower@danfoss.com,www.siliconpower.danfoss.com,4.5,5400,"$780,000,000",1933,28000,"Hans Schmidt, +49-461-4915-0","ISO 9001, ISO 14001, IATF 16949, ISO 26262",35,"Net 45, volume discounts",12,"ISO 26262, AEC-Q101, VDA 6.3","Energy efficiency program, Sustainable factories initiative",2,18.5%
Electric vehicle power modules,Hitachi Astemo Ltd.,"Tokyo, Japan","Tokyo (Japan), Hitachinaka (Japan), Farmington Hills (USA), Guangzhou (China)",ev-components@hitachiastemo.com,www.hitachiastemo.com,4.7,6800,"$1,350,000,000",2021,90000,"Hiroshi Tanaka, +81-3-3503-2111","ISO 9001, ISO 14001, IATF 16949, ISO 26262",40,"Net 60, Letter of Credit",24,"ISO 26262, AEC-Q101, JIS Q 9001","Carbon neutrality by 2050, Sustainable supply chain",1,9.8%
Electric vehicle power modules,Hyundai Mobis,"Seoul, South Korea","Seoul (South Korea), Ulsan (South Korea), Beijing (China), Detroit (USA)",procurement@mobis.co.kr,www.mobis.co.kr,4.6,7500,"$1,280,000,000",1977,30000,"Kim Sung-ho, +82-2-2018-5114","ISO 9001, ISO 14001, IATF 16949, ISO 26262",45,"Net 45, Letter of Credit for international",12,"ISO 26262, AEC-Q101, KS Q ISO 9001","Carbon neutrality roadmap, Eco-friendly materials initiative",1,14.2%
Electric vehicle power modules,Delta Electronics,"Taipei, Taiwan","Taipei (Taiwan), Dongguan (China), Detroit (USA), Soest (Netherlands)",ev-power@delta.com.tw,www.deltaww.com,4.4,6200,"$850,000,000",1971,85000,"David Chen, +886-2-8797-2088","ISO 9001, ISO 14001, IATF 16949, ISO 26262",30,"Net 45",12,"ISO 26262, AEC-Q101, Six Sigma","RE100 initiative member, Circular economy approach",2,16.8%
Electric vehicle power modules,Delphi Technologies (BorgWarner),"Auburn Hills, Michigan, USA","Auburn Hills (USA), Kokomo (USA), Suzhou (China), Blois (France)",procurement@delphiauto.com,www.borgwarner.com,4.5,5900,"$920,000,000",1994,49000,"Michael Johnson, +1-248-813-2000","ISO 9001, ISO 14001, IATF 16949, ISO 26262",35,"Net 60",24,"ISO 26262, AEC-Q101, Six Sigma","Achieving Balance sustainability strategy, Clean energy manufacturing",1,8.7%
Electric vehicle power modules,Valeo SA,"Paris, France","Paris (France), Sablé-sur-Sarthe (France), Wuhan (China), Troy (USA)",procurement@valeo.com,www.valeo.com,4.6,6500,"$1,050,000,000",1923,103300,"Marie Dupont, +33-1-4955-5000","ISO 9001, ISO 14001, IATF 16949, ISO 26262",40,"Net 45",24,"ISO 26262, AEC-Q101, Six Sigma","Carbon neutrality by 2050, Sustainable mobility solutions",1,10.5%
5G/6G RF components,Qualcomm Technologies Inc.,"San Diego, California, USA","San Diego (USA), San Jose (USA), Bangalore (India), Shanghai (China)",procurement@qualcomm.com,www.qualcomm.com,4.9,9500,"$2,750,000,000",1985,45000,"Sarah Johnson, +1-858-587-1121","ISO 9001, ISO 14001, JEDEC JESD22, 3GPP",30,"Net 60, progress payments",36,"3GPP, ETSI, Six Sigma","Carbon neutral by 2030, Sustainable product design",1,18.7%
5G/6G RF components,Qorvo Inc.,"Greensboro, North Carolina, USA","Greensboro (USA), Richardson (USA), Dezhou (China), Edinburg (UK)",supplier.info@qorvo.com,www.qorvo.com,4.7,7800,"$1,250,000,000",2015,8600,"Michael Williams, +1-336-664-1233","ISO 9001, ISO 14001, JEDEC JESD22, 3GPP",45,"Net 45",24,"3GPP, ETSI, Six Sigma","Sustainable packaging, Energy efficiency program",1,12.5%
5G/6G RF components,Skyworks Solutions Inc.,"Irvine, California, USA","Irvine (USA), Woburn (USA), Mexicali (Mexico), Singapore (Singapore)",procurement@skyworksinc.com,www.skyworksinc.com,4.6,6500,"$980,000,000",2002,11000,"David Chen, +1-949-231-3000","ISO 9001, ISO 14001, JEDEC JESD22, 3GPP",30,"Net 45",24,"3GPP, ETSI, Six Sigma","Green manufacturing initiative, Sustainable supply chain",1,14.2%
5G/6G RF components,NXP Semiconductors,"Eindhoven, Netherlands","Eindhoven (Netherlands), Hamburg (Germany), Austin (USA), Tianjin (China)",procurement@nxp.com,www.nxp.com,4.8,8200,"$1,420,000,000",2006,31000,"Jan de Vries, +31-40-272-9999","ISO 9001, ISO 14001, JEDEC JESD22, 3GPP",30,"Net 60",24,"3GPP, ETSI, Six Sigma","Carbon neutrality by 2035, Circular economy approach",1,9.8%
5G/6G RF components,Murata Manufacturing Co.,"Kyoto, Japan","Kyoto (Japan), Smyrna (USA), Vantaa (Finland), Wuxi (China)",rf-components@murata.com,www.murata.com,4.7,7400,"$1,350,000,000",1944,73000,"Takahiro Yamada, +81-75-955-6525","ISO 9001, ISO 14001, JEDEC JESD22, 3GPP",40,"Net 45, Letter of Credit for international",12,"3GPP, ETSI, JIS Q 9001","Environmental Vision 2050, Sustainable factory initiative",1,8.3%
5G/6G RF components,Huawei Technologies Co.,"Shenzhen, China","Shenzhen (China), Dongguan (China), Munich (Germany), Bangalore (India)",procurement@huawei.com,www.huawei.com,4.6,12500,"$2,100,000,000",1987,195000,"Li Wei, +86-755-2878-0808","ISO 9001, ISO 14001, GB/T 19001, 3GPP",45,"Net 60, Letter of Credit for international",24,"3GPP, ETSI, GB/T 19001-2016","Digital power initiative, Green partner program",1,15.7%
5G/6G RF components,Ericsson AB,"Stockholm, Sweden","Stockholm (Sweden), Plano (USA), Atsugi (Japan), Nanjing (China)",procurement@ericsson.com,www.ericsson.com,4.8,9200,"$1,850,000,000",1876,101000,"Erik Svensson, +46-10-719-0000","ISO 9001, ISO 14001, JEDEC JESD22, 3GPP",60,"Net 60",36,"3GPP, ETSI, Six Sigma","Carbon neutral by 2030, Circular economy approach",1,7.5%
5G/6G RF components,Nokia Corporation,"Espoo, Finland","Espoo (Finland), Murray Hill (USA), Beijing (China), Bengaluru (India)",procurement.global@nokia.com,www.nokia.com,4.7,8500,"$1,650,000,000",1865,92000,"Matti Virtanen, +358-10-44-88000","ISO 9001, ISO 14001, JEDEC JESD22, 3GPP",45,"Net 60",36,"3GPP, ETSI, Six Sigma","Science Based Targets initiative, Circular product design",1,8.9%
5G/6G RF components,Samsung Electronics,"Suwon, South Korea","Suwon (South Korea), Austin (USA), Hwaseong (South Korea), Xi'an (China)",procurement@samsung.com,www.samsung.com,4.9,10500,"$2,850,000,000",1969,267937,"Kim Ji-hoon, +82-31-200-1114","ISO 9001, ISO 14001, JEDEC JESD22, 3GPP",30,"Net 45, Letter of Credit for international",24,"3GPP, ETSI, KS Q ISO 9001","Galaxy for the Planet initiative, Circular economy program",1,12.3%
5G/6G RF components,Analog Devices Inc.,"Wilmington, Massachusetts, USA","Wilmington (USA), San Jose (USA), Limerick (Ireland), Manila (Philippines)",procurement@analog.com,www.analog.com,4.7,7800,"$1,150,000,000",1965,24700,"Robert Johnson, +1-781-329-4700","ISO 9001, ISO 14001, JEDEC JESD22, 3GPP",30,"Net 45",24,"3GPP, ETSI, Six Sigma","Net Zero by 2050, Sustainable product lifecycle",1,10.5%
High-temperature sensors,Honeywell International Inc.,"Charlotte, North Carolina, USA","Charlotte (USA), Phoenix (USA), Shanghai (China), Brno (Czech Republic)",sensors@honeywell.com,www.honeywell.com,4.8,8500,"$1,850,000,000",1906,110000,"Jennifer Adams, +1-704-627-6200","ISO 9001, ISO 14001, AMS-H-6875, AMS 2750F",30,"Net 45",24,"AMS 2750F, Six Sigma, NIST traceable","Carbon neutrality by 2035, Sustainable materials program",1,9.8%
High-temperature sensors,Sensata Technologies,"Attleboro, Massachusetts, USA","Attleboro (USA), Almelo (Netherlands), Baoying (China), Aguascalientes (Mexico)",procurement@sensata.com,www.sensata.com,4.7,7200,"$950,000,000",1916,21300,"Michael Johnson, +1-508-236-3800","ISO 9001, ISO 14001, AMS-H-6875, AMS 2750F",45,"Net 60",12,"AMS 2750F, Six Sigma, NIST traceable","Sustainable manufacturing, Reduced carbon footprint",1,12.5%
High-temperature sensors,TE Connectivity,"Schaffhausen, Switzerland","Schaffhausen (Switzerland), Berwyn (USA), Shanghai (China), Bangalore (India)",sensor.solutions@te.com,www.te.com,4.9,9500,"$1,650,000,000",1941,80000,"Hans Weber, +41-52-633-6666","ISO 9001, ISO 14001, AMS-H-6875, AMS 2750F",30,"Net 45",24,"AMS 2750F, Six Sigma, NIST traceable","2030 sustainability strategy, Circular economy approach",1,8.7%
High-temperature sensors,Watlow Electric Manufacturing Co.,"St. Louis, Missouri, USA","St. Louis (USA), Hannibal (USA), Shanghai (China), Queretaro (Mexico)",info@watlow.com,www.watlow.com,4.6,6800,"$650,000,000",1922,3800,"Sarah Thompson, +1-314-878-4600","ISO 9001, ISO 14001, AMS-H-6875, AMS 2750F",30,"Net 45",12,"AMS 2750F, Six Sigma, NIST traceable","Energy efficient operations, Sustainable product design",1,15.3%
High-temperature sensors,Heraeus Sensor Technology,"Hanau, Germany","Hanau (Germany), Kleinostheim (Germany), Shanghai (China), Santa Fe Springs (USA)",sensors@heraeus.com,www.heraeus-sensor-technology.com,4.7,7500,"$850,000,000",1851,15600,"Klaus Schmidt, +49-6181-35-0","ISO 9001, ISO 14001, AMS-H-6875, AMS 2750F",45,"Net 60",12,"AMS 2750F, Six Sigma, DIN EN 60751","Precious metals recycling, Sustainable supply chain",1,7.5%
High-temperature sensors,Amphenol Corporation,"Wallingford, Connecticut, USA","Wallingford (USA), Sidney (USA), Shenzhen (China), Pune (India)",sensors@amphenol.com,www.amphenol.com,4.5,8200,"$1,250,000,000",1932,80000,"Robert Wilson, +1-203-265-8900","ISO 9001, ISO 14001, AMS-H-6875, AMS 2750F",30,"Net 45",24,"AMS 2750F, Six Sigma, NIST traceable","Eco-friendly manufacturing, Energy efficiency program",1,10.2%
High-temperature sensors,JUMO GmbH & Co. KG,"Fulda, Germany","Fulda (Germany), Metz (France), Dalian (China), East Troy (USA)",info@jumo.net,www.jumo.net,4.4,5500,"$580,000,000",1948,2400,"Markus Müller, +49-661-6003-0","ISO 9001, ISO 14001, AMS-H-6875, AMS 2750F",30,"Net 45, Letter of Credit for international",12,"AMS 2750F, DIN EN 60751, DAkkS calibration","Resource efficiency program, Sustainable packaging",2,13.8%
High-temperature sensors,Endress+Hauser Group,"Reinach, Switzerland","Reinach (Switzerland), Greenwood (USA), Suzhou (China), Aurangabad (India)",info@endress.com,www.endress.com,4.8,7900,"$950,000,000",1953,14000,"Thomas Weber, +41-61-715-7700","ISO 9001, ISO 14001, AMS-H-6875, AMS 2750F",45,"Net 60",24,"AMS 2750F, Six Sigma, SIL certification","Carbon neutral operations, Sustainable product lifecycle",1,8.5%
High-temperature sensors,Omega Engineering Inc.,"Norwalk, Connecticut, USA","Norwalk (USA), Manchester (UK), Shanghai (China), Campinas (Brazil)",info@omega.com,www.omega.com,4.5,6200,"$450,000,000",1962,1500,"David Williams, +1-203-359-1660","ISO 9001, ISO 14001, AMS-H-6875, AMS 2750F",21,"Net 30",12,"AMS 2750F, NIST traceable, A2LA accredited","Energy conservation program, Sustainable operations",2,16.7%
High-temperature sensors,Thermo Sensors Corporation,"Carrollton, Texas, USA","Carrollton (USA), Houston (USA)",sales@thermosensors.com,www.thermosensors.com,4.3,1200,"$85,000,000",1972,250,"John Anderson, +1-972-446-4585","ISO 9001, ISO 14001, AMS-H-6875, AMS 2750F",15,"Net 30",6,"AMS 2750F, NIST traceable, ANSI MC96.1","Reduced waste initiative, Energy efficient facility",2,22.5%
Aerospace turbine components,GE Aviation,"Cincinnati, Ohio, USA","Cincinnati (USA), Lynn (USA), Asheville (USA), Greenville (USA)",procurement@ge.com,www.geaviation.com,4.9,9800,"$2,850,000,000",1917,40000,"Jennifer Wilson, +1-513-243-2000","ISO 9001, AS9100D, NADCAP, FAA-PMA",60,"Net 60, progress payments",48,"AS9100D, Six Sigma, NADCAP","Carbon neutral by 2030, Sustainable aviation fuel initiative",1,8.5%
Aerospace turbine components,Rolls-Royce plc,"London, United Kingdom","London (UK), Derby (UK), Indianapolis (USA), Singapore (Singapore)",procurement@rolls-royce.com,www.rolls-royce.com,4.8,9500,"$2,450,000,000",1906,50000,"James Smith, +44-20-7222-9020","ISO 9001, AS9100D, NADCAP, EASA Part 21",45,"Net 60, milestone payments",36,"AS9100D, Six Sigma, NADCAP","Net zero carbon by 2050, Sustainable power systems",1,7.2%
Aerospace turbine components,Safran Aircraft Engines,"Paris, France","Paris (France), Villaroche (France), Cincinnati (USA), Suzhou (China)",procurement@safran-group.com,www.safran-group.com,4.7,8800,"$1,950,000,000",1945,95000,"Pierre Dubois, +33-1-4060-8080","ISO 9001, AS9100D, NADCAP, EASA Part 21",60,"Net 45, milestone payments",36,"AS9100D, Six Sigma, NADCAP","Low-carbon strategy, Eco-design approach",1,9.5%
Aerospace turbine components,Pratt & Whitney,"East Hartford, Connecticut, USA","East Hartford (USA), Middletown (USA), Singapore (Singapore), Rzeszow (Poland)",procurement@pw.utc.com,www.prattwhitney.com,4.8,9200,"$2,150,000,000",1925,33000,"Robert Johnson, +1-860-565-4321","ISO 9001, AS9100D, NADCAP, FAA-PMA",45,"Net 60, progress payments",48,"AS9100D, Six Sigma, NADCAP","Sustainable aviation ecosystem, Geared turbofan technology",1,8.8%
Aerospace turbine components,MTU Aero Engines,"Munich, Germany","Munich (Germany), Hannover (Germany), Vancouver (Canada), Zhuhai (China)",procurement@mtu.de,www.mtu.de,4.6,7500,"$1,250,000,000",1934,10000,"Klaus Weber, +49-89-1489-0","ISO 9001, AS9100D, NADCAP, EASA Part 21",30,"Net 45",24,"AS9100D, Six Sigma, NADCAP","Clean Air Engine agenda, Sustainable supply chain",1,10.5%
Aerospace turbine components,IHI Corporation,"Tokyo, Japan","Tokyo (Japan), Mizuho (Japan), Somerville (USA), Rzeszow (Poland)",aero.procurement@ihi.co.jp,www.ihi.co.jp,4.5,6800,"$950,000,000",1853,29000,"Hiroshi Tanaka, +81-3-6204-7800","ISO 9001, AS9100D, NADCAP, JCAB certification",45,"Net 60, Letter of Credit for international",24,"AS9100D, Six Sigma, NADCAP","Group environmental vision, Sustainable manufacturing",1,12.3%
Aerospace turbine components,Hanwha Aerospace,"Seoul, South Korea","Seoul (South Korea), Changwon (South Korea), Vietnam (Vietnam)",procurement@hanwha.com,www.hanwhaaerospace.com,4.4,6200,"$850,000,000",1977,5000,"Kim Sung-ho, +82-2-729-5500","ISO 9001, AS9100D, NADCAP, KAI certification",30,"Net 45, Letter of Credit for international",24,"AS9100D, Six Sigma, NADCAP","Eco-friendly management system, Green energy initiative",2,15.7%
Aerospace turbine components,Avio Aero (GE Aviation),"Turin, Italy","Turin (Italy), Pomigliano d'Arco (Italy), Bielsko-Biala (Poland), Brindisi (Italy)",procurement@avioaero.com,www.avioaero.com,4.6,7200,"$1,050,000,000",1908,5200,"Marco Rossi, +39-011-007-1111","ISO 9001, AS9100D, NADCAP, EASA Part 21",45,"Net 60",24,"AS9100D, Six Sigma, NADCAP","Decarbonization roadmap, Circular economy approach",1,9.2%
Aerospace turbine components,Howmet Aerospace,"Pittsburgh, Pennsylvania, USA","Pittsburgh (USA), Whitehall (USA), Cleveland (USA), Wichita (USA)",procurement@howmet.com,www.howmet.com,4.7,7800,"$1,350,000,000",2020,19700,"Sarah Thompson, +1-412-553-1400","ISO 9001, AS9100D, NADCAP, FAA-PMA",30,"Net 45",24,"AS9100D, Six Sigma, NADCAP","Environmental sustainability program, Energy efficiency initiative",1,11.5%
Aerospace turbine components,Honeywell Aerospace,"Phoenix, Arizona, USA","Phoenix (USA), Torrance (USA), Mexicali (Mexico), Bangalore (India)",aerospace.procurement@honeywell.com,www.aerospace.honeywell.com,4.8,8500,"$1,750,000,000",1936,41000,"Michael Davis, +1-602-365-3099","ISO 9001, AS9100D, NADCAP, FAA-PMA",45,"Net 60",36,"AS9100D, Six Sigma, NADCAP","Carbon neutrality by 2035, Sustainable aviation technology",1,8.3%
LED substrates,Cree Inc.,"Durham, North Carolina, USA","Durham (USA), Huizhou (China), Racine (USA)",procurement@cree.com,www.cree.com,4.8,7500,"$1,250,000,000",1987,5200,"Jennifer Wilson, +1-919-407-5300","ISO 9001, ISO 14001, SEMI, JEDEC JESD22",30,"Net 45",24,"SEMI, JEDEC JESD22, Six Sigma","Carbon neutral by 2030, Sustainable lighting solutions",1,15.7%
LED substrates,Nichia Corporation,"Anan, Japan","Anan (Japan), Tokushima (Japan), Detroit (USA), Shanghai (China)",led-materials@nichia.co.jp,www.nichia.co.jp,4.9,8200,"$1,850,000,000",1956,9000,"Hiroshi Tanaka, +81-884-22-2311","ISO 9001, ISO 14001, SEMI, JEDEC JESD22",45,"Net 60, Letter of Credit for international",12,"SEMI, JEDEC JESD22, JIS Q 9001","Environmental Vision 2050, Energy efficient manufacturing",1,8.5%
LED substrates,OSRAM Opto Semiconductors,"Regensburg, Germany","Regensburg (Germany), Penang (Malaysia), Wuxi (China), Sunnyvale (USA)",procurement@osram-os.com,www.osram-os.com,4.7,7800,"$1,350,000,000",1919,24000,"Klaus Weber, +49-941-850-1700","ISO 9001, ISO 14001, SEMI, JEDEC JESD22",30,"Net 45",24,"SEMI, JEDEC JESD22, Six Sigma","Climate neutrality by 2030, Circular economy approach",1,10.2%
LED substrates,Seoul Semiconductor,"Ansan, South Korea","Ansan (South Korea), Jiangsu (China), San Jose (USA), Eschborn (Germany)",procurement@seoulsemicon.com,www.seoulsemicon.com,4.6,6500,"$950,000,000",1992,10000,"Kim Sung-ho, +82-31-362-8000","ISO 9001, ISO 14001, SEMI, JEDEC JESD22",30,"Net 45, Letter of Credit for international",12,"SEMI, JEDEC JESD22, KS Q ISO 9001","Eco-friendly LED technology, Sustainable supply chain",1,12.8%
LED substrates,Lumileds Holding B.V.,"Amsterdam, Netherlands","Amsterdam (Netherlands), San Jose (USA), Penang (Malaysia), Shanghai (China)",procurement@lumileds.com,www.lumileds.com,4.5,6200,"$850,000,000",2015,7000,"Jan de Vries, +31-20-654-0000","ISO 9001, ISO 14001, SEMI, JEDEC JESD22",30,"Net 45",24,"SEMI, JEDEC JESD22, Six Sigma","Sustainable lighting solutions, Energy efficiency program",1,14.5%
LED substrates,Epistar Corporation,"Hsinchu, Taiwan","Hsinchu (Taiwan), Pingzhen (Taiwan), Xiamen (China), Fremont (USA)",procurement@epistar.com.tw,www.epistar.com.tw,4.6,5800,"$780,000,000",1996,4500,"David Chen, +886-3-567-8000","ISO 9001, ISO 14001, SEMI, JEDEC JESD22",30,"Net 45, Letter of Credit for international",12,"SEMI, JEDEC JESD22, Six Sigma","Green manufacturing, Sustainable supply chain",2,16.3%
LED substrates,Bridgelux Inc.,"Fremont, California, USA","Fremont (USA), Xiamen (China)",procurement@bridgelux.com,www.bridgelux.com,4.4,1200,"$120,000,000",2002,350,"Sarah Thompson, +1-925-583-8400","ISO 9001, ISO 14001, SEMI, JEDEC JESD22",21,"Net 30",12,"SEMI, JEDEC JESD22, Six Sigma","Sustainable lighting technology, Energy efficient operations",2,18.7%
LED substrates,Everlight Electronics Co.,"New Taipei City, Taiwan","New Taipei City (Taiwan), Zhonghe (Taiwan), Suzhou (China), Karlsruhe (Germany)",procurement@everlight.com,www.everlight.com,4.5,5500,"$650,000,000",1983,6500,"James Wang, +886-2-2267-2000","ISO 9001, ISO 14001, SEMI, JEDEC JESD22",30,"Net 45, Letter of Credit for international",12,"SEMI, JEDEC JESD22, Six Sigma","Green product design, Sustainable manufacturing",2,15.2%
LED substrates,Toyoda Gosei Co.,"Kiyosu, Japan","Kiyosu (Japan), Inazawa (Japan), Troy (USA), Tianjin (China)",led-procurement@toyoda-gosei.co.jp,www.toyoda-gosei.com,4.6,6800,"$750,000,000",1949,36000,"Takahiro Yamada, +81-52-400-1055","ISO 9001, ISO 14001, SEMI, JEDEC JESD22",45,"Net 60, Letter of Credit for international",12,"SEMI, JEDEC JESD22, JIS Q 9001","Environmental Challenge 2050, Sustainable LED technology",1,9.5%
LED substrates,Luminus Devices Inc.,"Sunnyvale, California, USA","Sunnyvale (USA), Billerica (USA), Taipei (Taiwan)",procurement@luminus.com,www.luminus.com,4.3,950,"$85,000,000",2002,250,"Robert Johnson, +1-408-708-7000","ISO 9001, ISO 14001, SEMI, JEDEC JESD22",21,"Net 30",12,"SEMI, JEDEC JESD22, Six Sigma","Energy efficient lighting, Sustainable operations",2,22.5%
Semiconductor manufacturing equipment,Applied Materials Inc.,"Santa Clara, California, USA","Santa Clara (USA), Austin (USA), Singapore (Singapore), Rehovot (Israel)",procurement@amat.com,www.appliedmaterials.com,4.9,9800,"$3,250,000,000",1967,27000,"Jennifer Adams, +1-408-727-5555","ISO 9001, ISO 14001, SEMI, IATF 16949",45,"Net 60, progress payments",36,"SEMI, Six Sigma, IATF 16949","SuCCESS2030 sustainability initiative, Circular economy approach",1,8.5%
Semiconductor manufacturing equipment,ASML Holding N.V.,"Veldhoven, Netherlands","Veldhoven (Netherlands), San Diego (USA), Wilton (USA), Linkou (Taiwan)",procurement@asml.com,www.asml.com,4.9,10500,"$4,500,000,000",1984,32000,"Jan de Vries, +31-40-268-3000","ISO 9001, ISO 14001, SEMI, IATF 16949",60,"Net 60, milestone payments",48,"SEMI, Six Sigma, IATF 16949","Net zero value chain by 2040, Circular economy approach",1,7.2%
Semiconductor manufacturing equipment,Lam Research Corporation,"Fremont, California, USA","Fremont (USA), Livermore (USA), Tualatin (USA), Villach (Austria)",procurement@lamresearch.com,www.lamresearch.com,4.8,8500,"$2,750,000,000",1980,17000,"Michael Johnson, +1-510-572-0200","ISO 9001, ISO 14001, SEMI, IATF 16949",45,"Net 60",36,"SEMI, Six Sigma, IATF 16949","Net Zero 2050 initiative, Sustainable manufacturing",1,9.3%
Semiconductor manufacturing equipment,Tokyo Electron Limited,"Tokyo, Japan","Tokyo (Japan), Yamanashi (Japan), Austin (USA), Hwaseong (South Korea)",procurement@tel.com,www.tel.com,4.8,9200,"$3,150,000,000",1963,14500,"Hiroshi Tanaka, +81-3-5561-7000","ISO 9001, ISO 14001, SEMI, IATF 16949",45,"Net 60, Letter of Credit for international",24,"SEMI, Six Sigma, JIS Q 9001","Environmental management system, Sustainable supply chain",1,8.7%
Semiconductor manufacturing equipment,KLA Corporation,"Milpitas, California, USA","Milpitas (USA), Ann Arbor (USA), Chennai (India), Migdal HaEmek (Israel)",procurement@kla.com,www.kla.com,4.7,7800,"$2,250,000,000",1976,12000,"Sarah Thompson, +1-408-875-3000","ISO 9001, ISO 14001, SEMI, IATF 16949",30,"Net 45",24,"SEMI, Six Sigma, IATF 16949","Global sustainability program, Energy efficiency initiative",1,10.5%
Semiconductor manufacturing equipment,SCREEN Semiconductor Solutions Co.,"Kyoto, Japan","Kyoto (Japan), Hikone (Japan), San Jose (USA), Dresden (Germany)",procurement@screen.co.jp,www.screen.co.jp,4.6,6500,"$1,450,000,000",1943,6000,"Takahiro Yamada, +81-75-414-7131","ISO 9001, ISO 14001, SEMI, IATF 16949",30,"Net 45, Letter of Credit for international",12,"SEMI, Six Sigma, JIS Q 9001","Green value initiative, Sustainable manufacturing",1,12.3%
Semiconductor manufacturing equipment,SEMES Co.,"Hwaseong, South Korea","Hwaseong (South Korea), Cheonan (South Korea), San Jose (USA)",procurement@semes.com,www.semes.com,4.5,5800,"$950,000,000",1993,2500,"Kim Sung-ho, +82-31-8006-8100","ISO 9001, ISO 14001, SEMI, IATF 16949",30,"Net 45, Letter of Credit for international",12,"SEMI, Six Sigma, KS Q ISO 9001","Eco-friendly equipment design, Energy efficiency program",2,15.7%
Semiconductor manufacturing equipment,AIXTRON SE,"Herzogenrath, Germany","Herzogenrath (Germany), Cambridge (UK), Sunnyvale (USA), Suzhou (China)",procurement@aixtron.com,www.aixtron.com,4.4,1500,"$450,000,000",1983,750,"Klaus Weber, +49-2407-9030-0","ISO 9001, ISO 14001, SEMI, IATF 16949",30,"Net 45",12,"SEMI, Six Sigma, VDA 6.3","Sustainable technology solutions, Energy efficient operations",2,18.5%
Semiconductor manufacturing equipment,Veeco Instruments Inc.,"Plainview, New York, USA","Plainview (USA), Somerset (USA), San Jose (USA), Singapore (Singapore)",procurement@veeco.com,www.veeco.com,4.5,1800,"$550,000,000",1945,1000,"Robert Wilson, +1-516-677-0200","ISO 9001, ISO 14001, SEMI, IATF 16949",21,"Net 30",12,"SEMI, Six Sigma, IATF 16949","Environmental sustainability program, Resource efficiency initiative",2,16.8%
Semiconductor manufacturing equipment,ASM International N.V.,"Almere, Netherlands","Almere (Netherlands), Phoenix (USA), Helsinki (Finland), Singapore (Singapore)",procurement@asm.com,www.asm.com,4.6,5500,"$1,250,000,000",1968,3000,"Jan Smits, +31-88-100-8500","ISO 9001, ISO 14001, SEMI, IATF 16949",30,"Net 45",24,"SEMI, Six Sigma, IATF 16949","Sustainable operations, Reduced carbon footprint initiative",1,11.5%
Nuclear reactor components,Westinghouse Electric Company,"Cranberry Township, Pennsylvania, USA","Cranberry Township (USA), Columbia (USA), Springfields (UK), Västerås (Sweden)",nuclear.procurement@westinghouse.com,www.westinghousenuclear.com,4.8,9500,"$2,250,000,000",1886,9000,"Jennifer Wilson, +1-412-374-4000","ISO 9001, ISO 14001, ASME N-stamp, 10 CFR 50 App. B",60,"Net 60, milestone payments",48,"ASME N-stamp, NQA-1, Six Sigma","Carbon-free energy solutions, Sustainable nuclear technology",1,7.5%
Nuclear reactor components,Framatome,"Paris, France","Paris (France), Lynchburg (USA), Erlangen (Germany), Richland (USA)",procurement@framatome.com,www.framatome.com,4.7,8800,"$1,950,000,000",1958,14000,"Pierre Dubois, +33-1-3496-0000","ISO 9001, ISO 14001, ASME N-stamp, 10 CFR 50 App. B",45,"Net 60, milestone payments",36,"ASME N-stamp, NQA-1, RCC-M","Clean energy transition, Sustainable nuclear solutions",1,8.3%
Nuclear reactor components,GE Hitachi Nuclear Energy,"Wilmington, North Carolina, USA","Wilmington (USA), San Jose (USA), Hitachi (Japan), Toronto (Canada)",nuclear.procurement@ge.com,www.nuclear.gepower.com,4.8,9200,"$1,850,000,000",2007,3000,"Michael Johnson, +1-910-819-4000","ISO 9001, ISO 14001, ASME N-stamp, 10 CFR 50 App. B",60,"Net 60, progress payments",48,"ASME N-stamp, NQA-1, Six Sigma","Carbon-free energy future, Sustainable nuclear lifecycle",1,9.2%
Nuclear reactor components,Mitsubishi Heavy Industries,"Tokyo, Japan","Tokyo (Japan), Kobe (Japan), Pittsburgh (USA), Paris (France)",nuclear.procurement@mhi.co.jp,www.mhi.com,4.7,9500,"$2,150,000,000",1884,80000,"Hiroshi Tanaka, +81-3-6716-3111","ISO 9001, ISO 14001, ASME N-stamp, 10 CFR 50 App. B",45,"Net 60, Letter of Credit for international",36,"ASME N-stamp, NQA-1, JEAC 4111","Carbon neutrality by 2040, Sustainable energy solutions",1,8.7%
Nuclear reactor components,ROSATOM,"Moscow, Russia","Moscow (Russia), St. Petersburg (Russia), Budapest (Hungary), Helsinki (Finland)",procurement@rosatom.ru,www.rosatom.ru,4.6,12500,"$2,850,000,000",2007,275000,"Vladimir Petrov, +7-499-949-4535","ISO 9001, ISO 14001, ASME N-stamp, GOST R ISO",60,"Net 60, milestone payments",48,"ASME N-stamp, NQA-1, GOST R ISO","Environmental stewardship program, Sustainable nuclear cycle",1,10.5%
Nuclear reactor components,China National Nuclear Corporation,"Beijing, China","Beijing (China), Shanghai (China), Chengdu (China), Yantai (China)",procurement@cnnc.com.cn,www.cnnc.com.cn,4.5,15000,"$2,550,000,000",1955,100000,"Li Wei, +86-10-6855-4988","ISO 9001, ISO 14001, ASME N-stamp, HAF 601",45,"Net 60, Letter of Credit",36,"ASME N-stamp, NQA-1, HAF 601","Green development initiative, Low carbon energy strategy",1,12.3%
Nuclear reactor components,BWX Technologies Inc.,"Lynchburg, Virginia, USA","Lynchburg (USA), Cambridge (Canada), Euclid (USA), Erwin (USA)",procurement@bwxt.com,www.bwxt.com,4.6,7500,"$1,250,000,000",1867,6600,"Sarah Thompson, +1-434-522-6000","ISO 9001, ISO 14001, ASME N-stamp, 10 CFR 50 App. B",30,"Net 45",24,"ASME N-stamp, NQA-1, Six Sigma","Environmental stewardship, Sustainable manufacturing",1,9.8%
Nuclear reactor components,Doosan Heavy Industries & Construction,"Changwon, South Korea","Changwon (South Korea), Seoul (South Korea), Fort Lee (USA), Jebel Ali (UAE)",nuclear.procurement@doosan.com,www.doosanheavy.com,4.5,8200,"$1,450,000,000",1962,6700,"Kim Sung-ho, +82-55-278-6114","ISO 9001, ISO 14001, ASME N-stamp, KEPIC",45,"Net 60, Letter of Credit for international",24,"ASME N-stamp, NQA-1, KEPIC","Green energy solutions, Environmental management system",2,11.5%
Nuclear reactor components,Atomenergomash,"Moscow, Russia","Moscow (Russia), Podolsk (Russia), Volgodonsk (Russia), St. Petersburg (Russia)",procurement@aem-group.ru,www.aem-group.ru,4.4,10500,"$1,350,000,000",2006,17000,"Sergei Ivanov, +7-495-668-2093","ISO 9001, ISO 14001, ASME N-stamp, GOST R ISO",60,"Net 60, milestone payments",36,"ASME N-stamp, NQA-1, GOST R ISO","Environmental responsibility program, Sustainable energy cycle",2,13.7%
Nuclear reactor components,Orano,"Paris, France","Paris (France), La Hague (France), Richland (USA), Lingen (Germany)",procurement@orano.group,www.orano.group,4.7,7800,"$1,150,000,000",2017,16000,"Marie Dupont, +33-1-3496-3400","ISO 9001, ISO 14001, ASME N-stamp, 10 CFR 50 App. B",45,"Net 60",24,"ASME N-stamp, NQA-1, RCC-M","Committed to 2030 climate goals, Circular economy approach",1,8.5%
Ceramic armor,Ceradyne Inc. (3M),"Costa Mesa, California, USA","Costa Mesa (USA), Lexington (USA), Quapaw (USA), Kempten (Germany)",defense.procurement@mmm.com,www.3m.com/ceradyne,4.8,6500,"$950,000,000",1967,2000,"Jennifer Wilson, +1-714-549-0421","ISO 9001, ISO 14001, NIJ 0101.06, VPAM",30,"Net 45",24,"NIJ 0101.06, MIL-STD-662F, Six Sigma","Sustainable manufacturing, Energy efficiency program",1,12.5%
Ceramic armor,CoorsTek Inc.,"Golden, Colorado, USA","Golden (USA), Grand Junction (USA), Ogden (USA), Uden (Netherlands)",defense.procurement@coorstek.com,www.coorstek.com,4.7,5800,"$850,000,000",1910,6000,"Michael Johnson, +1-303-271-7000","ISO 9001, ISO 14001, NIJ 0101.06, VPAM",30,"Net 45",24,"NIJ 0101.06, MIL-STD-662F, Six Sigma","Sustainability roadmap 2030, Resource efficiency initiative",1,14.3%
Ceramic armor,Saint-Gobain Performance Ceramics & Refractories,"Courbevoie, France","Courbevoie (France), Worcester (USA), Nienburg (Germany), Shanghai (China)",defense.procurement@saint-gobain.com,www.ceramics.saint-gobain.com,4.8,7500,"$1,250,000,000",1665,170000,"Pierre Dubois, +33-1-4754-3000","ISO 9001, ISO 14001, NIJ 0101.06, VPAM",45,"Net 60",36,"NIJ 0101.06, MIL-STD-662F, Six Sigma","Net-zero carbon by 2050, Circular economy approach",1,9.8%
Ceramic armor,Koninklijke DSM N.V.,"Heerlen, Netherlands","Heerlen (Netherlands), Greenville (USA), Singapore (Singapore), Shanghai (China)",defense.procurement@dsm.com,www.dsm.com,4.6,6200,"$750,000,000",1902,23000,"Jan de Vries, +31-45-578-8111","ISO 9001, ISO 14001, NIJ 0101.06, VPAM",30,"Net 45",24,"NIJ 0101.06, MIL-STD-662F, Six Sigma","Purpose-led, performance-driven sustainability strategy",1,11.5%
Ceramic armor,Kyocera Corporation,"Kyoto, Japan","Kyoto (Japan), San Diego (USA), Vancouver (Canada), Esslingen (Germany)",defense.procurement@kyocera.jp,www.global.kyocera.com,4.7,7800,"$1,150,000,000",1959,75500,"Hiroshi Tanaka, +81-75-604-3500","ISO 9001, ISO 14001, NIJ 0101.06, VPAM",45,"Net 60, Letter of Credit for international",24,"NIJ 0101.06, MIL-STD-662F, JIS Q 9001","Environmental Vision 2020, Green factories initiative",1,10.2%
Ceramic armor,Morgan Advanced Materials,"Windsor, United Kingdom","Windsor (UK), Augusta (USA), Stourport (UK), Melbourne (Australia)",defense.procurement@morganplc.com,www.morganadvancedmaterials.com,4.6,5500,"$650,000,000",1856,8500,"James Wilson, +44-1753-837000","ISO 9001, ISO 14001, NIJ 0101.06, VPAM",30,"Net 45",24,"NIJ 0101.06, MIL-STD-662F, Six Sigma","Net zero by 2050, Sustainable manufacturing",1,13.7%
Ceramic armor,Tencate Advanced Armor,"Newark, Ohio, USA","Newark (USA), Primarette (France), Nijverdal (Netherlands), Sao Jose dos Campos (Brazil)",defense.procurement@tencate.com,www.tencateadvancedarmor.com,4.5,4800,"$550,000,000",1999,1200,"Sarah Thompson, +1-740-345-5400","ISO 9001, ISO 14001, NIJ 0101.06, VPAM",30,"Net 45",24,"NIJ 0101.06, MIL-STD-662F, Six Sigma","Sustainable product lifecycle, Energy efficiency program",2,16.5%
Ceramic armor,Schunk Carbon Technology,"Heuchelheim, Germany","Heuchelheim (Germany), Willich (Germany), Menomonee Falls (USA), Pudong (China)",defense.procurement@schunk-group.com,www.schunk-carbontechnology.com,4.4,4200,"$450,000,000",1913,9000,"Klaus Weber, +49-641-608-0","ISO 9001, ISO 14001, NIJ 0101.06, VPAM",30,"Net 45",12,"NIJ 0101.06, MIL-STD-662F, VDA 6.3","Climate neutrality by 2035, Resource efficiency initiative",2,15.8%
Ceramic armor,Honeywell Advanced Materials,"Charlotte, North Carolina, USA","Charlotte (USA), Morris Plains (USA), Shanghai (China), Seelze (Germany)",defense.procurement@honeywell.com,www.honeywell-aerospace.com,4.7,8500,"$1,750,000,000",1906,110000,"Robert Johnson, +1-704-365-3200","ISO 9001, ISO 14001, NIJ 0101.06, VPAM",45,"Net 60",36,"NIJ 0101.06, MIL-STD-662F, Six Sigma","Carbon neutrality by 2035, Sustainable materials program",1,9.5%
Ceramic armor,Armorworks Enterprises LLC,"Chandler, Arizona, USA","Chandler (USA), Tempe (USA), Dover (USA)",procurement@armorworks.com,www.armorworks.com,4.3,1200,"$120,000,000",1993,350,"David Miller, +1-480-899-1239","ISO 9001, ISO 14001, NIJ 0101.06, VPAM",21,"Net 30",12,"NIJ 0101.06, MIL-STD-662F, Six Sigma","Sustainable manufacturing practices, Energy efficiency program",2,18.5%
Cutting tools,Sandvik Coromant,"Sandviken, Sweden","Sandviken (Sweden), Fair Lawn (USA), Schaumburg (USA), Shanghai (China)",procurement@sandvik.com,www.sandvik.coromant.com,4.9,9500,"$2,250,000,000",1862,37000,"Erik Johansson, +46-26-426-0000","ISO 9001, ISO 14001, ISO 50001, REACH",30,"Net 45",24,"ISO 9001, Six Sigma, REACH","Carbon neutral by 2030, Circular economy approach",1,9.5%
Cutting tools,Kennametal Inc.,"Pittsburgh, Pennsylvania, USA","Pittsburgh (USA), Latrobe (USA), Bangalore (India), Fürth (Germany)",procurement@kennametal.com,www.kennametal.com,4.8,8800,"$1,850,000,000",1938,8000,"Sarah Thompson, +1-412-248-8000","ISO 9001, ISO 14001, ISO 50001, REACH",30,"Net 45",24,"ISO 9001, Six Sigma, REACH","Sustainable manufacturing, Energy efficiency program",1,11.3%
Cutting tools,Mitsubishi Materials Corporation,"Tokyo, Japan","Tokyo (Japan), Tsukuba (Japan), Valencia (USA), Meerbusch (Germany)",procurement@mmc.co.jp,www.mitsubishicarbide.com,4.7,9200,"$2,150,000,000",1950,27000,"Hiroshi Tanaka, +81-3-5252-5200","ISO 9001, ISO 14001, ISO 50001, REACH",45,"Net 60, Letter of Credit for international",24,"ISO 9001, Six Sigma, JIS Q 9001","Environmental Vision 2050, Sustainable resource use",1,10.2%
Cutting tools,Iscar Ltd.,"Tefen, Israel","Tefen (Israel), Netanya (Israel), Arlington (USA), Ettlingen (Germany)",procurement@iscar.com,www.iscar.com,4.8,8500,"$1,750,000,000",1952,12000,"David Cohen, +972-4-987-9111","ISO 9001, ISO 14001, ISO 50001, REACH",30,"Net 45",24,"ISO 9001, Six Sigma, REACH","Sustainable manufacturing, Energy efficiency program",1,12.5%
Cutting tools,Ceratizit S.A.,"Mamer, Luxembourg","Mamer (Luxembourg), Reutte (Austria), Warren (USA), Empfingen (Germany)",procurement@ceratizit.com,www.ceratizit.com,4.6,7500,"$1,150,000,000",1921,9000,"Jan Muller, +352-31-2085-0","ISO 9001, ISO 14001, ISO 50001, REACH",30,"Net 45",24,"ISO 9001, Six Sigma, REACH","Sustainability strategy 2025, Circular economy approach",1,13.7%
Cutting tools,Mapal Dr. Kress KG,"Aalen, Germany","Aalen (Germany), Pforzheim (Germany), Port Huron (USA), Rugby (UK)",procurement@mapal.com,www.mapal.com,4.7,6800,"$950,000,000",1950,5500,"Klaus Weber, +49-7361-585-0","ISO 9001, ISO 14001, ISO 50001, REACH",30,"Net 45",12,"ISO 9001, Six Sigma, VDA 6.3","Climate neutrality by 2030, Resource efficiency initiative",1,14.5%
Cutting tools,Seco Tools AB,"Fagersta, Sweden","Fagersta (Sweden), Troy (USA), Bourges (France), Pune (India)",procurement@secotools.com,www.secotools.com,4.8,7200,"$1,050,000,000",1929,4500,"Lars Svensson, +46-223-400-00","ISO 9001, ISO 14001, ISO 50001, REACH",30,"Net 45",24,"ISO 9001, Six Sigma, REACH","Sustainable manufacturing, Energy efficiency program",1,10.8%
Cutting tools,OSG Corporation,"Toyokawa, Japan","Toyokawa (Japan), Shinshiro (Japan), Irving (USA), Oberkochen (Germany)",procurement@osg.co.jp,www.osg.co.jp,4.6,6500,"$850,000,000",1938,7000,"Takahiro Yamada, +81-533-82-1111","ISO 9001, ISO 14001, ISO 50001, REACH",30,"Net 45, Letter of Credit for international",12,"ISO 9001, Six Sigma, JIS Q 9001","Environmental action plan, Sustainable resource use",2,15.3%
Cutting tools,Walter AG,"Tübingen, Germany","Tübingen (Germany), Waukesha (USA), Shanghai (China), Kuala Lumpur (Malaysia)",procurement@walter-tools.com,www.walter-tools.com,4.7,6200,"$750,000,000",1919,4000,"Klaus Schmidt, +49-7071-701-0","ISO 9001, ISO 14001, ISO 50001, REACH",30,"Net 45",12,"ISO 9001, Six Sigma, VDA 6.3","Green production, Energy efficiency program",1,13.2%
Cutting tools,Sumitomo Electric Hardmetal Corp.,"Itami, Japan","Itami (Japan), Hyogo (Japan), Mount Prospect (USA), Lauchheim (Germany)",procurement@sumitool.com,www.sumitool.com,4.6,7800,"$1,150,000,000",1931,5000,"Hiroshi Suzuki, +81-72-772-4531","ISO 9001, ISO 14001, ISO 50001, REACH",45,"Net 60, Letter of Credit for international",12,"ISO 9001, Six Sigma, JIS Q 9001","Environmental Vision 2050, Sustainable manufacturing",1,11.7%
Refractory materials,RHI Magnesita N.V.,"Vienna, Austria","Vienna (Austria), Leoben (Austria), York (USA), Contagem (Brazil)",procurement@rhimagnesita.com,www.rhimagnesita.com,4.8,9500,"$2,250,000,000",2017,12000,"Klaus Weber, +43-1-50213-0","ISO 9001, ISO 14001, ISO 50001, ASTM C133",45,"Net 60",36,"ASTM C133, Six Sigma, ISO 50001","CO2 emissions reduction by 15% by 2025, Circular economy approach",1,9.5%
Refractory materials,Vesuvius plc,"London, United Kingdom","London (UK), Pittsburgh (USA), Ghlin (Belgium), Suzhou (China)",procurement@vesuvius.com,www.vesuvius.com,4.7,8800,"$1,850,000,000",1916,10000,"James Wilson, +44-20-7822-0000","ISO 9001, ISO 14001, ISO 50001, ASTM C133",30,"Net 45",24,"ASTM C133, Six Sigma, ISO 50001","Sustainability roadmap 2025, Energy efficiency program",1,11.3%
Refractory materials,Krosaki Harima Corporation,"Kitakyushu, Japan","Kitakyushu (Japan), Fukuoka (Japan), Cincinnati (USA), Oberhausen (Germany)",procurement@krosaki.co.jp,www.krosaki.co.jp,4.6,7500,"$1,150,000,000",1918,4500,"Hiroshi Tanaka, +81-93-588-7800","ISO 9001, ISO 14001, ISO 50001, ASTM C133",45,"Net 60, Letter of Credit for international",24,"ASTM C133, Six Sigma, JIS Q 9001","Environmental Vision 2030, Sustainable manufacturing",1,12.5%
Refractory materials,Morgan Advanced Materials,"Windsor, United Kingdom","Windsor (UK), Augusta (USA), Stourport (UK), Shanghai (China)",procurement@morganplc.com,www.morganadvancedmaterials.com,4.7,7200,"$1,050,000,000",1856,8500,"Sarah Thompson, +44-1753-837000","ISO 9001, ISO 14001, ISO 50001, ASTM C133",30,"Net 45",24,"ASTM C133, Six Sigma, ISO 50001","Net zero by 2050, Sustainable manufacturing",1,10.8%
Refractory materials,Saint-Gobain Performance Ceramics & Refractories,"Courbevoie, France","Courbevoie (France), Worcester (USA), Nienburg (Germany), Shanghai (China)",procurement@saint-gobain.com,www.ceramics.saint-gobain.com,4.8,9200,"$2,150,000,000",1665,170000,"Pierre Dubois, +33-1-4754-3000","ISO 9001, ISO 14001, ISO 50001, ASTM C133",45,"Net 60",36,"ASTM C133, Six Sigma, ISO 50001","Net-zero carbon by 2050, Circular economy approach",1,8.7%
Refractory materials,Imerys S.A.,"Paris, France","Paris (France), Roswell (USA), Bodio (Switzerland), Tianjin (China)",procurement@imerys.com,www.imerys.com,4.6,8500,"$1,750,000,000",1880,16000,"Marie Dupont, +33-1-4975-6500","ISO 9001, ISO 14001, ISO 50001, ASTM C133",30,"Net 45",24,"ASTM C133, Six Sigma, ISO 50001","SustainAgility program, Climate change strategy",1,12.3%
Refractory materials,Chosun Refractories Co.,"Seoul, South Korea","Seoul (South Korea), Pohang (South Korea), Incheon (South Korea), Tianjin (China)",procurement@chosunref.co.kr,www.chosunref.co.kr,4.5,5500,"$650,000,000",1947,2500,"Kim Sung-ho, +82-2-3706-3300","ISO 9001, ISO 14001, ISO 50001, ASTM C133",30,"Net 45, Letter of Credit for international",12,"ASTM C133, Six Sigma, KS Q ISO 9001","Environmental management system, Energy efficiency program",2,15.7%
Refractory materials,Refratechnik Holding GmbH,"Munich, Germany","Munich (Germany), Göttingen (Germany), Westerville (USA), Dalian (China)",procurement@refra.com,www.refra.com,4.6,4800,"$550,000,000",1950,1500,"Klaus Schmidt, +49-89-149-9230","ISO 9001, ISO 14001, ISO 50001, ASTM C133",30,"Net 45",12,"ASTM C133, Six Sigma, VDA 6.3","Sustainable refractory solutions, Energy efficiency program",2,14.5%
Refractory materials,HarbisonWalker International,"Pittsburgh, Pennsylvania, USA","Pittsburgh (USA), Moon Township (USA), Monterrey (Mexico), Tianjin (China)",procurement@thinkHWI.com,www.thinkHWI.com,4.5,4200,"$450,000,000",1865,1800,"Robert Johnson, +1-412-375-6600","ISO 9001, ISO 14001, ISO 50001, ASTM C133",21,"Net 30",12,"ASTM C133, Six Sigma, ISO 50001","Environmental stewardship, Energy efficiency program",2,16.8%
Refractory materials,Shinagawa Refractories Co.,"Tokyo, Japan","Tokyo (Japan), Bizen (Japan), Singapore (Singapore), Tianjin (China)",procurement@shinagawa.co.jp,www.shinagawa.co.jp,4.6,6800,"$850,000,000",1875,3000,"Takahiro Yamada, +81-3-6265-1600","ISO 9001, ISO 14001, ISO 50001, ASTM C133",45,"Net 60, Letter of Credit for international",12,"ASTM C133, Six Sigma, JIS Q 9001","Environmental Vision 2030, Sustainable manufacturing",1,13.2%
High-temperature heating elements,I Squared R Element Co.,"Akron, New York, USA","Akron (USA), Buffalo (USA)",procurement@isquaredrelement.com,www.isquaredrelement.com,4.7,850,"$75,000,000",1964,150,"Robert Johnson, +1-716-542-5511","ISO 9001, ISO 14001, UL, CSA",21,"Net 30",12,"UL, CSA, Six Sigma","Energy efficient manufacturing, Sustainable operations",2,16.5%
High-temperature heating elements,Kanthal (Sandvik Group),"Hallstahammar, Sweden","Hallstahammar (Sweden), Hosur (India), Walldorf (Germany), Bethel (USA)",procurement@kanthal.com,www.kanthal.com,4.9,5500,"$850,000,000",1931,1500,"Erik Johansson, +46-220-210-00","ISO 9001, ISO 14001, UL, CSA",30,"Net 45",24,"UL, CSA, Six Sigma","Carbon neutral by 2030, Circular economy approach",1,9.8%
High-temperature heating elements,MHI Inc.,"Cincinnati, Ohio, USA","Cincinnati (USA), Erlanger (USA), Juarez (Mexico)",procurement@mhi-inc.com,www.mhi-inc.com,4.6,1200,"$120,000,000",1973,350,"Sarah Thompson, +1-513-772-0404","ISO 9001, ISO 14001, UL, CSA",21,"Net 30",12,"UL, CSA, Six Sigma","Sustainable manufacturing, Energy efficiency program",2,17.5%
High-temperature heating elements,Tokai Carbon Co.,"Tokyo, Japan","Tokyo (Japan), Tochigi (Japan), Portland (USA), Hillsboro (USA)",procurement@tokaicarbon.co.jp,www.tokaicarbon.co.jp,4.7,6800,"$950,000,000",1918,2500,"Hiroshi Tanaka, +81-3-3746-5100","ISO 9001, ISO 14001, UL, CSA",45,"Net 60, Letter of Credit for international",24,"UL, CSA, JIS Q 9001","Environmental Vision 2030, Sustainable manufacturing",1,12.3%
High-temperature heating elements,Schunk Carbon Technology,"Heuchelheim, Germany","Heuchelheim (Germany), Willich (Germany), Menomonee Falls (USA), Pudong (China)",procurement@schunk-group.com,www.schunk-carbontechnology.com,4.8,7500,"$1,150,000,000",1913,9000,"Klaus Weber, +49-641-608-0","ISO 9001, ISO 14001, UL, CSA",30,"Net 45",24,"UL, CSA, VDA 6.3","Climate neutrality by 2035, Resource efficiency initiative",1,10.5%
High-temperature heating elements,CoorsTek Inc.,"Golden, Colorado, USA","Golden (USA), Grand Junction (USA), Ogden (USA), Uden (Netherlands)",procurement@coorstek.com,www.coorstek.com,4.7,5800,"$850,000,000",1910,6000,"Michael Johnson, +1-303-271-7000","ISO 9001, ISO 14001, UL, CSA",30,"Net 45",24,"UL, CSA, Six Sigma","Sustainability roadmap 2030, Resource efficiency initiative",1,11.8%
High-temperature heating elements,Saint-Gobain Performance Ceramics & Refractories,"Courbevoie, France","Courbevoie (France), Worcester (USA), Nienburg (Germany), Shanghai (China)",procurement@saint-gobain.com,www.ceramics.saint-gobain.com,4.8,9200,"$2,150,000,000",1665,170000,"Pierre Dubois, +33-1-4754-3000","ISO 9001, ISO 14001, UL, CSA",45,"Net 60",36,"UL, CSA, Six Sigma","Net-zero carbon by 2050, Circular economy approach",1,8.7%
High-temperature heating elements,Morgan Advanced Materials,"Windsor, United Kingdom","Windsor (UK), Augusta (USA), Stourport (UK), Shanghai (China)",procurement@morganplc.com,www.morganadvancedmaterials.com,4.7,7200,"$1,050,000,000",1856,8500,"James Wilson, +44-1753-837000","ISO 9001, ISO 14001, UL, CSA",30,"Net 45",24,"UL, CSA, Six Sigma","Net zero by 2050, Sustainable manufacturing",1,10.2%
High-temperature heating elements,Kyocera Corporation,"Kyoto, Japan","Kyoto (Japan), San Diego (USA), Vancouver (Canada), Esslingen (Germany)",procurement@kyocera.jp,www.global.kyocera.com,4.8,8500,"$1,750,000,000",1959,75500,"Takahiro Yamada, +81-75-604-3500","ISO 9001, ISO 14001, UL, CSA",45,"Net 60, Letter of Credit for international",24,"UL, CSA, JIS Q 9001","Environmental Vision 2020, Green factories initiative",1,9.5%
High-temperature heating elements,Thermcraft Inc.,"Winston-Salem, North Carolina, USA","Winston-Salem (USA), Concord (USA)",procurement@thermcraftinc.com,www.thermcraftinc.com,4.5,350,"$45,000,000",1971,120,"David Miller, +1-336-784-4800","ISO 9001, ISO 14001, UL, CSA",21,"Net 30",12,"UL, CSA, Six Sigma","Energy efficient manufacturing, Sustainable operations",2,18.5%
Ceramic bearings,SKF Group,"Gothenburg, Sweden","Gothenburg (Sweden), Schweinfurt (Germany), Lansdale (USA), Shanghai (China)",procurement@skf.com,www.skf.com,4.9,9800,"$3,250,000,000",1907,43000,"Erik Johansson, +46-31-337-1000","ISO 9001, ISO 14001, IATF 16949, ABMA",30,"Net 45",24,"ABMA, IATF 16949, Six Sigma","SKF Climate Neutral 2030, Circular economy approach",1,8.5%
Ceramic bearings,Schaeffler AG,"Herzogenaurach, Germany","Herzogenaurach (Germany), Schweinfurt (Germany), Fort Mill (USA), Taicang (China)",procurement@schaeffler.com,www.schaeffler.com,4.8,9500,"$2,750,000,000",1946,83000,"Klaus Weber, +49-9132-82-0","ISO 9001, ISO 14001, IATF 16949, ABMA",30,"Net 45",24,"ABMA, IATF 16949, VDA 6.3","Climate neutrality by 2040, Sustainable supply chain",1,9.3%
Ceramic bearings,NSK Ltd.,"Tokyo, Japan","Tokyo (Japan), Fujisawa (Japan), Ann Arbor (USA), Newark (UK)",procurement@nsk.com,www.nsk.com,4.7,9200,"$2,150,000,000",1916,30000,"Hiroshi Tanaka, +81-3-3779-7111","ISO 9001, ISO 14001, IATF 16949, ABMA",45,"Net 60, Letter of Credit for international",24,"ABMA, IATF 16949, JIS Q 9001","Environmental Vision 2026, Sustainable supply chain",1,10.2%
Ceramic bearings,JTEKT Corporation,"Osaka, Japan","Osaka (Japan), Nagoya (Japan), Plymouth (USA), Konan (Japan)",procurement@jtekt.co.jp,www.jtekt.co.jp,4.6,8800,"$1,850,000,000",2006,44000,"Takahiro Yamada, +81-6-6271-8451","ISO 9001, ISO 14001, IATF 16949, ABMA",45,"Net 60, Letter of Credit for international",24,"ABMA, IATF 16949, JIS Q 9001","Environmental Challenge 2050, Sustainable manufacturing",1,11.5%
Ceramic bearings,CeramicSpeed A/S,"Holstebro, Denmark","Holstebro (Denmark), Boulder (USA), Empoli (Italy)",procurement@ceramicspeed.com,www.ceramicspeed.com,4.8,850,"$75,000,000",1998,250,"Lars Nielsen, +45-97-40-25-44","ISO 9001, ISO 14001, IATF 16949, ABMA",30,"Net 45",12,"ABMA, IATF 16949, Six Sigma","Carbon neutral by 2030, Energy efficiency program",2,15.7%
Ceramic bearings,Timken Company,"North Canton, Ohio, USA","North Canton (USA), Canton (USA), Ploiesti (Romania), Chennai (India)",procurement@timken.com,www.timken.com,4.7,8500,"$1,750,000,000",1899,18000,"Sarah Thompson, +1-330-438-3000","ISO 9001, ISO 14001, IATF 16949, ABMA",30,"Net 45",24,"ABMA, IATF 16949, Six Sigma","Sustainable manufacturing, Energy efficiency program",1,12.3%
Ceramic bearings,NTN Corporation,"Osaka, Japan","Osaka (Japan), Iwata (Japan), Mount Prospect (USA), Mettmann (Germany)",procurement@ntn.co.jp,www.ntn.co.jp,4.6,8200,"$1,650,000,000",1918,24000,"Hiroshi Suzuki, +81-6-6443-5001","ISO 9001, ISO 14001, IATF 16949, ABMA",45,"Net 60, Letter of Credit for international",24,"ABMA, IATF 16949, JIS Q 9001","Environmental Vision 2030, Sustainable manufacturing",1,13.5%
Ceramic bearings,Lily Bearing Co.,"Ningbo, China","Ningbo (China), Yuyao (China), Los Angeles (USA), Hamburg (Germany)",procurement@lilybearing.com,www.lilybearing.com,4.4,3500,"$350,000,000",1995,1200,"Li Wei, +86-574-6255-8000","ISO 9001, ISO 14001, IATF 16949, ABMA",30,"Net 45, Letter of Credit for international",12,"ABMA, IATF 16949, Six Sigma","Green manufacturing initiative, Energy efficiency program",2,16.8%
Ceramic bearings,Boca Bearings,"Boynton Beach, Florida, USA","Boynton Beach (USA), Jupiter (USA), Shenzhen (China)",procurement@bocabearings.com,www.bocabearings.com,4.5,450,"$45,000,000",1987,150,"Robert Johnson, +1-561-998-0004","ISO 9001, ISO 14001, IATF 16949, ABMA",21,"Net 30",12,"ABMA, IATF 16949, Six Sigma","Sustainable operations, Energy efficiency program",2,18.5%
Ceramic bearings,ZYS Bearing Co.,"Luoyang, China","Luoyang (China), Zhengzhou (China), Chicago (USA), Frankfurt (Germany)",procurement@zys.com.cn,www.zys-bearing.com,4.3,4800,"$550,000,000",1992,2500,"Zhang Wei, +86-379-6489-8800","ISO 9001, ISO 14001, IATF 16949, ABMA",30,"Net 45, Letter of Credit for international",12,"ABMA, IATF 16949, Six Sigma","Green manufacturing, Energy efficiency program",2,17.5%
Semiconductor wafer carriers,Entegris Inc.,"Billerica, Massachusetts, USA","Billerica (USA), San Diego (USA), Hsinchu (Taiwan), Shin-Etsu (Japan)",procurement@entegris.com,www.entegris.com,4.8,8500,"$1,750,000,000",1966,5500,"Sarah Thompson, +1-978-436-6500","ISO 9001, ISO 14001, SEMI S2, SEMI S8",30,"Net 45",24,"SEMI S2, SEMI S8, Six Sigma","Net zero by 2030, Sustainable manufacturing",1,9.8%
Semiconductor wafer carriers,Shin-Etsu Chemical Co.,"Tokyo, Japan","Tokyo (Japan), Niigata (Japan), Portland (USA), Antwerp (Belgium)",procurement@shinetsu.jp,www.shinetsu.co.jp,4.9,9800,"$2,950,000,000",1926,22500,"Hiroshi Tanaka, +81-3-3246-5091","ISO 9001, ISO 14001, SEMI S2, SEMI S8",45,"Net 60, Letter of Credit for international",24,"SEMI S2, SEMI S8, JIS Q 9001","Environmental Vision 2025, Sustainable manufacturing",1,8.5%
Semiconductor wafer carriers,Miraial Co.,"Tokyo, Japan","Tokyo (Japan), Kumamoto (Japan), San Jose (USA), Dresden (Germany)",procurement@miraial.co.jp,www.miraial.co.jp,4.7,2500,"$250,000,000",1983,850,"Takahiro Yamada, +81-3-5847-7211","ISO 9001, ISO 14001, SEMI S2, SEMI S8",45,"Net 60, Letter of Credit for international",12,"SEMI S2, SEMI S8, JIS Q 9001","Environmental Vision 2030, Sustainable manufacturing",1,12.5%
Semiconductor wafer carriers,Brooks Automation,"Chelmsford, Massachusetts, USA","Chelmsford (USA), Fremont (USA), Hsinchu (Taiwan), Dresden (Germany)",procurement@brooks.com,www.brooks.com,4.7,7500,"$950,000,000",1978,3200,"Robert Johnson, +1-978-262-2400","ISO 9001, ISO 14001, SEMI S2, SEMI S8",30,"Net 45",24,"SEMI S2, SEMI S8, Six Sigma","Sustainable operations, Energy efficiency program",1,11.3%
Semiconductor wafer carriers,Gudeng Precision Industrial Co.,"Hsinchu, Taiwan","Hsinchu (Taiwan), Tainan (Taiwan), San Jose (USA), Shanghai (China)",procurement@gudeng.com,www.gudeng.com,4.6,3800,"$380,000,000",1998,1200,"David Chang, +886-3-597-5858","ISO 9001, ISO 14001, SEMI S2, SEMI S8",30,"Net 45, Letter of Credit for international",12,"SEMI S2, SEMI S8, Six Sigma","Green manufacturing, Energy efficiency program",2,14.5%
Semiconductor wafer carriers,Pozzetta S.p.A.,"Milan, Italy","Milan (Italy), Agrate Brianza (Italy), Phoenix (USA), Singapore (Singapore)",procurement@pozzetta.com,www.pozzetta.com,4.5,2200,"$220,000,000",1985,750,"Marco Rossi, +39-02-9500-1000","ISO 9001, ISO 14001, SEMI S2, SEMI S8",30,"Net 45",12,"SEMI S2, SEMI S8, Six Sigma","Carbon neutrality by 2035, Circular economy approach",2,15.7%
Semiconductor wafer carriers,H-Square Corporation,"Sunnyvale, California, USA","Sunnyvale (USA), San Diego (USA), Hsinchu (Taiwan), Singapore (Singapore)",procurement@h-square.com,www.h-square.com,4.4,850,"$85,000,000",1971,320,"Michael Johnson, +1-408-522-1000","ISO 9001, ISO 14001, SEMI S2, SEMI S8",21,"Net 30",12,"SEMI S2, SEMI S8, Six Sigma","Sustainable operations, Energy efficiency program",2,16.8%
Semiconductor wafer carriers,Chung King Enterprise Co.,"Taoyuan, Taiwan","Taoyuan (Taiwan), Hsinchu (Taiwan), San Jose (USA), Shanghai (China)",procurement@chungking.com.tw,www.chungking.com.tw,4.3,1800,"$180,000,000",1987,650,"Li Wei, +886-3-322-9908","ISO 9001, ISO 14001, SEMI S2, SEMI S8",30,"Net 45, Letter of Credit for international",12,"SEMI S2, SEMI S8, Six Sigma","Green manufacturing initiative, Energy efficiency program",2,17.5%
Semiconductor wafer carriers,Fluoroware Inc.,"Chaska, Minnesota, USA","Chaska (USA), Colorado Springs (USA), Hsinchu (Taiwan), Sendai (Japan)",procurement@fluoroware.com,www.fluoroware.com,4.5,1500,"$150,000,000",1966,580,"David Miller, +1-952-556-3131","ISO 9001, ISO 14001, SEMI S2, SEMI S8",21,"Net 30",12,"SEMI S2, SEMI S8, Six Sigma","Sustainable operations, Energy efficiency program",2,16.5%
Semiconductor wafer carriers,Shin-Etsu Polymer Co.,"Tokyo, Japan","Tokyo (Japan), Saitama (Japan), San Jose (USA), Dresden (Germany)",procurement@shinpoly.co.jp,www.shinpoly.co.jp,4.6,4500,"$450,000,000",1960,1800,"Hiroshi Suzuki, +81-3-5289-3712","ISO 9001, ISO 14001, SEMI S2, SEMI S8",45,"Net 60, Letter of Credit for international",12,"SEMI S2, SEMI S8, JIS Q 9001","Environmental Vision 2030, Sustainable manufacturing",1,13.2%
Kiln furniture,Saint-Gobain Performance Ceramics & Refractories,"Courbevoie, France","Courbevoie (France), Worcester (USA), Nienburg (Germany), Shanghai (China)",procurement@saint-gobain.com,www.ceramics.saint-gobain.com,4.8,9200,"$2,150,000,000",1665,170000,"Pierre Dubois, +33-1-4754-3000","ISO 9001, ISO 14001, ASTM C1674, ASTM C1211",45,"Net 60",36,"ASTM C1674, ASTM C1211, Six Sigma","Net-zero carbon by 2050, Circular economy approach",1,8.7%
Kiln furniture,Morgan Advanced Materials,"Windsor, United Kingdom","Windsor (UK), Augusta (USA), Stourport (UK), Shanghai (China)",procurement@morganplc.com,www.morganadvancedmaterials.com,4.7,7200,"$1,050,000,000",1856,8500,"James Wilson, +44-1753-837000","ISO 9001, ISO 14001, ASTM C1674, ASTM C1211",30,"Net 45",24,"ASTM C1674, ASTM C1211, Six Sigma","Net zero by 2050, Sustainable manufacturing",1,10.8%
Kiln furniture,Blasch Precision Ceramics,"Albany, New York, USA","Albany (USA), Schenectady (USA), Akron (USA)",procurement@blaschceramics.com,www.blaschceramics.com,4.6,450,"$45,000,000",1979,180,"David Miller, +1-518-436-1263","ISO 9001, ISO 14001, ASTM C1674, ASTM C1211",21,"Net 30",12,"ASTM C1674, ASTM C1211, Six Sigma","Sustainable operations, Energy efficiency program",2,16.5%
Kiln furniture,Zircoa Inc.,"Solon, Ohio, USA","Solon (USA), Cleveland (USA), Cincinnati (USA)",procurement@zircoa.com,www.zircoa.com,4.5,380,"$38,000,000",1952,150,"Robert Johnson, +1-440-248-0500","ISO 9001, ISO 14001, ASTM C1674, ASTM C1211",21,"Net 30",12,"ASTM C1674, ASTM C1211, Six Sigma","Energy efficient manufacturing, Sustainable operations",2,17.5%
Kiln furniture,Kyocera Corporation,"Kyoto, Japan","Kyoto (Japan), San Diego (USA), Vancouver (Canada), Esslingen (Germany)",procurement@kyocera.jp,www.global.kyocera.com,4.8,8500,"$1,750,000,000",1959,75500,"Takahiro Yamada, +81-75-604-3500","ISO 9001, ISO 14001, ASTM C1674, ASTM C1211",45,"Net 60, Letter of Credit for international",24,"ASTM C1674, ASTM C1211, JIS Q 9001","Environmental Vision 2020, Green factories initiative",1,9.5%
Kiln furniture,Vesuvius plc,"London, United Kingdom","London (UK), Pittsburgh (USA), Ghlin (Belgium), Suzhou (China)",procurement@vesuvius.com,www.vesuvius.com,4.7,8800,"$1,850,000,000",1916,10000,"James Wilson, +44-20-7822-0000","ISO 9001, ISO 14001, ASTM C1674, ASTM C1211",30,"Net 45",24,"ASTM C1674, ASTM C1211, Six Sigma","Sustainability roadmap 2025, Energy efficiency program",1,11.3%
Kiln furniture,CoorsTek Inc.,"Golden, Colorado, USA","Golden (USA), Grand Junction (USA), Ogden (USA), Uden (Netherlands)",procurement@coorstek.com,www.coorstek.com,4.7,5800,"$850,000,000",1910,6000,"Michael Johnson, +1-303-271-7000","ISO 9001, ISO 14001, ASTM C1674, ASTM C1211",30,"Net 45",24,"ASTM C1674, ASTM C1211, Six Sigma","Sustainability roadmap 2030, Resource efficiency initiative",1,11.8%
Kiln furniture,Honsin Ceramics,"Foshan, China","Foshan (China), Guangzhou (China), Los Angeles (USA), Hamburg (Germany)",procurement@honsin.com,www.honsin.com,4.4,2800,"$280,000,000",1992,950,"Li Wei, +86-757-8278-1111","ISO 9001, ISO 14001, ASTM C1674, ASTM C1211",30,"Net 45, Letter of Credit for international",12,"ASTM C1674, ASTM C1211, Six Sigma","Green manufacturing initiative, Energy efficiency program",2,16.8%
Kiln furniture,Christy Refractories,"St. Louis, Missouri, USA","St. Louis (USA), High Hill (USA), Mexico City (Mexico)",procurement@christyrefractories.com,www.christyrefractories.com,4.5,650,"$65,000,000",1922,250,"Sarah Thompson, +1-636-586-2288","ISO 9001, ISO 14001, ASTM C1674, ASTM C1211",21,"Net 30",12,"ASTM C1674, ASTM C1211, Six Sigma","Sustainable operations, Energy efficiency program",2,18.5%
Kiln furniture,Tokai Konetsu Kogyo Co.,"Nagoya, Japan","Nagoya (Japan), Gifu (Japan), Portland (USA), Frankfurt (Germany)",procurement@tkk.co.jp,www.tkk.co.jp,4.6,3500,"$350,000,000",1934,1200,"Hiroshi Tanaka, +81-52-561-4101","ISO 9001, ISO 14001, ASTM C1674, ASTM C1211",45,"Net 60, Letter of Credit for international",12,"ASTM C1674, ASTM C1211, JIS Q 9001","Environmental Vision 2030, Sustainable manufacturing",1,13.2%
Brake discs,Brembo S.p.A.,"Bergamo, Italy","Bergamo (Italy), Curno (Italy), Plymouth (USA), Shanghai (China)",procurement@brembo.com,www.brembo.com,4.9,9500,"$2,750,000,000",1961,11000,"Marco Rossi, +39-035-605-1111","ISO 9001, ISO 14001, IATF 16949, ECE R90",30,"Net 45",24,"ECE R90, IATF 16949, Six Sigma","Carbon neutrality by 2040, Circular economy approach",1,8.5%
Brake discs,SGL Carbon SE,"Wiesbaden, Germany","Wiesbaden (Germany), Meitingen (Germany), Charlotte (USA), Shanghai (China)",procurement@sglcarbon.com,www.sglcarbon.com,4.7,8500,"$1,750,000,000",1992,5000,"Klaus Weber, +49-611-6029-0","ISO 9001, ISO 14001, IATF 16949, ECE R90",30,"Net 45",24,"ECE R90, IATF 16949, VDA 6.3","Climate neutrality by 2038, Sustainable supply chain",1,9.3%
Brake discs,Akebono Brake Industry Co.,"Tokyo, Japan","Tokyo (Japan), Hanyu (Japan), Farmington Hills (USA), Arras (France)",procurement@akebono-brake.com,www.akebono-brake.com,4.7,8800,"$1,850,000,000",1929,9000,"Hiroshi Tanaka, +81-3-3668-5171","ISO 9001, ISO 14001, IATF 16949, ECE R90",45,"Net 60, Letter of Credit for international",24,"ECE R90, IATF 16949, JIS Q 9001","Environmental Vision 2030, Sustainable manufacturing",1,10.2%
Brake discs,Surface Transforms plc,"Liverpool, United Kingdom","Liverpool (UK), Knowsley (UK), Dayton (USA)",procurement@surfacetransforms.com,www.surfacetransforms.com,4.6,450,"$45,000,000",1992,180,"James Wilson, +44-151-356-2141","ISO 9001, ISO 14001, IATF 16949, ECE R90",30,"Net 45",12,"ECE R90, IATF 16949, Six Sigma","Carbon neutral by 2030, Energy efficiency program",2,15.7%
Brake discs,Schunk Carbon Technology,"Heuchelheim, Germany","Heuchelheim (Germany), Willich (Germany), Menomonee Falls (USA), Pudong (China)",procurement@schunk-group.com,www.schunk-carbontechnology.com,4.8,7500,"$1,150,000,000",1913,9000,"Klaus Weber, +49-641-608-0","ISO 9001, ISO 14001, IATF 16949, ECE R90",30,"Net 45",24,"ECE R90, IATF 16949, VDA 6.3","Climate neutrality by 2035, Resource efficiency initiative",1,10.5%
Brake discs,Hitachi Astemo,"Tokyo, Japan","Tokyo (Japan), Sawa (Japan), Farmington Hills (USA), Göttingen (Germany)",procurement@hitachiastemo.com,www.hitachiastemo.com,4.8,9200,"$2,150,000,000",2021,90000,"Takahiro Yamada, +81-3-5928-1100","ISO 9001, ISO 14001, IATF 16949, ECE R90",45,"Net 60, Letter of Credit for international",24,"ECE R90, IATF 16949, JIS Q 9001","Environmental Vision 2030, Sustainable manufacturing",1,9.5%
Brake discs,Wilwood Engineering,"Camarillo, California, USA","Camarillo (USA), Moorpark (USA)",procurement@wilwood.com,www.wilwood.com,4.5,850,"$85,000,000",1977,350,"Michael Johnson, +1-805-388-1188","ISO 9001, ISO 14001, IATF 16949, ECE R90",21,"Net 30",12,"ECE R90, IATF 16949, Six Sigma","Sustainable operations, Energy efficiency program",2,16.8%
Brake discs,Baoding Huayue Friction Material Co.,"Baoding, China","Baoding (China), Hebei (China), Los Angeles (USA), Frankfurt (Germany)",procurement@huayuefriction.com,www.huayuefriction.com,4.3,3800,"$380,000,000",1988,1500,"Li Wei, +86-312-5998-000","ISO 9001, ISO 14001, IATF 16949, ECE R90",30,"Net 45, Letter of Credit for international",12,"ECE R90, IATF 16949, Six Sigma","Green manufacturing initiative, Energy efficiency program",2,17.5%
Brake discs,Ferodo Racing,"Chapel-en-le-Frith, United Kingdom","Chapel-en-le-Frith (UK), Derbyshire (UK), Troy (USA), Turin (Italy)",procurement@ferodoracing.com,www.ferodoracing.com,4.6,2500,"$250,000,000",1897,950,"James Wilson, +44-1298-816-800","ISO 9001, ISO 14001, IATF 16949, ECE R90",30,"Net 45",12,"ECE R90, IATF 16949, Six Sigma","Carbon neutral by 2035, Sustainable manufacturing",2,15.5%
Brake discs,Pagid Racing,"Essen, Germany","Essen (Germany), Leverkusen (Germany), Daytona Beach (USA), Milan (Italy)",procurement@pagid-racing.com,www.pagid-racing.com,4.7,1800,"$180,000,000",1952,750,"Klaus Schmidt, +49-201-8174-0","ISO 9001, ISO 14001, IATF 16949, ECE R90",30,"Net 45",12,"ECE R90, IATF 16949, VDA 6.3","Sustainable racing solutions, Energy efficiency program",2,14.5%
Metallurgical crucibles,Morgan Advanced Materials,"Windsor, United Kingdom","Windsor (UK), Augusta (USA), Stourport (UK), Shanghai (China)",procurement@morganplc.com,www.morganadvancedmaterials.com,4.7,7200,"$1,050,000,000",1856,8500,"James Wilson, +44-1753-837000","ISO 9001, ISO 14001, ASTM C863, ASTM C1039",30,"Net 45",24,"ASTM C863, ASTM C1039, Six Sigma","Net zero by 2050, Sustainable manufacturing",1,10.8%
Metallurgical crucibles,CoorsTek Inc.,"Golden, Colorado, USA","Golden (USA), Grand Junction (USA), Ogden (USA), Uden (Netherlands)",procurement@coorstek.com,www.coorstek.com,4.7,5800,"$850,000,000",1910,6000,"Michael Johnson, +1-303-271-7000","ISO 9001, ISO 14001, ASTM C863, ASTM C1039",30,"Net 45",24,"ASTM C863, ASTM C1039, Six Sigma","Sustainability roadmap 2030, Resource efficiency initiative",1,11.8%
Metallurgical crucibles,Vesuvius plc,"London, United Kingdom","London (UK), Pittsburgh (USA), Ghlin (Belgium), Suzhou (China)",procurement@vesuvius.com,www.vesuvius.com,4.7,8800,"$1,850,000,000",1916,10000,"James Wilson, +44-20-7822-0000","ISO 9001, ISO 14001, ASTM C863, ASTM C1039",30,"Net 45",24,"ASTM C863, ASTM C1039, Six Sigma","Sustainability roadmap 2025, Energy efficiency program",1,11.3%
Metallurgical crucibles,Zircoa Inc.,"Solon, Ohio, USA","Solon (USA), Cleveland (USA), Cincinnati (USA)",procurement@zircoa.com,www.zircoa.com,4.5,380,"$38,000,000",1952,150,"Robert Johnson, +1-440-248-0500","ISO 9001, ISO 14001, ASTM C863, ASTM C1039",21,"Net 30",12,"ASTM C863, ASTM C1039, Six Sigma","Energy efficient manufacturing, Sustainable operations",2,17.5%
Metallurgical crucibles,Blasch Precision Ceramics,"Albany, New York, USA","Albany (USA), Schenectady (USA), Akron (USA)",procurement@blaschceramics.com,www.blaschceramics.com,4.6,450,"$45,000,000",1979,180,"David Miller, +1-518-436-1263","ISO 9001, ISO 14001, ASTM C863, ASTM C1039",21,"Net 30",12,"ASTM C863, ASTM C1039, Six Sigma","Sustainable operations, Energy efficiency program",2,16.5%
Metallurgical crucibles,Kyocera Corporation,"Kyoto, Japan","Kyoto (Japan), San Diego (USA), Vancouver (Canada), Esslingen (Germany)",procurement@kyocera.jp,www.global.kyocera.com,4.8,8500,"$1,750,000,000",1959,75500,"Takahiro Yamada, +81-75-604-3500","ISO 9001, ISO 14001, ASTM C863, ASTM C1039",45,"Net 60, Letter of Credit for international",24,"ASTM C863, ASTM C1039, JIS Q 9001","Environmental Vision 2020, Green factories initiative",1,9.5%
Metallurgical crucibles,Momentive Performance Materials,"Waterford, New York, USA","Waterford (USA), Strongsville (USA), Leverkusen (Germany), Shanghai (China)",procurement@momentive.com,www.momentive.com,4.6,5500,"$650,000,000",2006,4000,"Sarah Thompson, +1-518-233-3330","ISO 9001, ISO 14001, ASTM C863, ASTM C1039",30,"Net 45",24,"ASTM C863, ASTM C1039, Six Sigma","Sustainable manufacturing, Energy efficiency program",1,12.3%
Metallurgical crucibles,Honsin Ceramics,"Foshan, China","Foshan (China), Guangzhou (China), Los Angeles (USA), Hamburg (Germany)",procurement@honsin.com,www.honsin.com,4.4,2800,"$280,000,000",1992,950,"Li Wei, +86-757-8278-1111","ISO 9001, ISO 14001, ASTM C863, ASTM C1039",30,"Net 45, Letter of Credit for international",12,"ASTM C863, ASTM C1039, Six Sigma","Green manufacturing initiative, Energy efficiency program",2,16.8%
Metallurgical crucibles,Tokai Konetsu Kogyo Co.,"Nagoya, Japan","Nagoya (Japan), Gifu (Japan), Portland (USA), Frankfurt (Germany)",procurement@tkk.co.jp,www.tkk.co.jp,4.6,3500,"$350,000,000",1934,1200,"Hiroshi Tanaka, +81-52-561-4101","ISO 9001, ISO 14001, ASTM C863, ASTM C1039",45,"Net 60, Letter of Credit for international",12,"ASTM C863, ASTM C1039, JIS Q 9001","Environmental Vision 2030, Sustainable manufacturing",1,13.2%
Metallurgical crucibles,Christy Refractories,"St. Louis, Missouri, USA","St. Louis (USA), High Hill (USA), Mexico City (Mexico)",procurement@christyrefractories.com,www.christyrefractories.com,4.5,650,"$65,000,000",1922,250,"Sarah Thompson, +1-636-586-2288","ISO 9001, ISO 14001, ASTM C863, ASTM C1039",21,"Net 30",12,"ASTM C863, ASTM C1039, Six Sigma","Sustainable operations, Energy efficiency program",2,18.5%
5G/6G RF components,Qorvo Inc.,"Greensboro, North Carolina, USA","Greensboro (USA), Richardson (USA), Dezhou (China), Heredia (Costa Rica)",procurement@qorvo.com,www.qorvo.com,4.8,2800,"$4,200,000,000",1991,8500,"Michael Chen, +1-336-664-1233","ISO 9001, ISO 14001, IATF 16949, JEDEC JESD22, IEC 62368",28,"Net 45, volume discounts",24,"JEDEC JESD22, IEC 62368, ITU-T K.20, FCC Part 15","Carbon neutral by 2035, 100% renewable energy in US operations by 2025",1,21.5%
5G/6G RF components,Skyworks Solutions,"Irvine, California, USA","Irvine (USA), Woburn (USA), Mexicali (Mexico), Singapore",supplier.info@skyworksinc.com,www.skyworksinc.com,4.7,2100,"$3,800,000,000",1962,9000,"Jennifer Wu, +1-949-231-3000","ISO 9001, ISO 14001, IATF 16949, JEDEC JESD22, IEC 62368",21,"Net 60",36,"JEDEC JESD22, IEC 62368, ITU-T K.20, FCC Part 15","50% reduction in carbon emissions by 2030, Zero waste to landfill initiative",1,18.7%
5G/6G RF components,NXP Semiconductors,"Eindhoven, Netherlands","Eindhoven (Netherlands), Hamburg (Germany), Austin (USA), Tianjin (China)",procurement@nxp.com,www.nxp.com,4.9,3500,"$8,600,000,000",2006,29000,"Pieter van der Meer, +31-40-272-9999","ISO 9001, ISO 14001, IATF 16949, JEDEC JESD22, IEC 62368",30,"Net 45, early payment discounts",24,"JEDEC JESD22, IEC 62368, ITU-T K.20, ETSI EN 300","Carbon neutral by 2035, Circular economy program, 100% renewable electricity by 2027",1,16.8%
5G/6G RF components,Wolfspeed Inc.,"Durham, North Carolina, USA","Durham (USA), Fayetteville (USA), Marcy (USA), Huizhou (China)",procurement@wolfspeed.com,www.wolfspeed.com,4.8,1800,"$1,500,000,000",1987,4000,"David Wilson, +1-919-407-5300","ISO 9001, ISO 14001, IATF 16949, JEDEC JESD22, IEC 62368",35,"Net 30",12,"JEDEC JESD22, IEC 62368, ITU-T K.20, FCC Part 15","Net-zero emissions by 2040, Water conservation initiative",1,32.4%
5G/6G RF components,MACOM Technology Solutions,"Lowell, Massachusetts, USA","Lowell (USA), Cork (Ireland), Sydney (Australia), Shenzhen (China)",procurement@macom.com,www.macom.com,4.6,950,"$650,000,000",1950,1200,"Susan Miller, +1-978-656-2500","ISO 9001, ISO 14001, JEDEC JESD22, IEC 62368",21,"Net 45",12,"JEDEC JESD22, IEC 62368, FCC Part 15, ETSI EN 300","Sustainable manufacturing initiative, Energy efficiency program",2,15.3%
5G/6G RF components,Murata Manufacturing,"Kyoto, Japan","Kyoto (Japan), Smyrna (USA), Wuxi (China), Tampere (Finland)",procurement@murata.com,www.murata.com,4.9,4200,"$12,500,000,000",1944,73000,"Takashi Yamamoto, +81-75-955-6525","ISO 9001, ISO 14001, IATF 16949, JEDEC JESD22, IEC 62368",28,"Net 60, Letter of Credit for international",24,"JEDEC JESD22, IEC 62368, ITU-T K.20, ETSI EN 300","Murata Green Plan 2026, 50% CO2 reduction by 2030, Zero waste initiative",1,12.8%
5G/6G RF components,Infineon Technologies,"Neubiberg, Germany","Neubiberg (Germany), Dresden (Germany), Austin (USA), Singapore",procurement@infineon.com,www.infineon.com,4.8,3800,"$10,800,000,000",1999,50000,"Klaus Schmidt, +49-89-234-0","ISO 9001, ISO 14001, IATF 16949, JEDEC JESD22, IEC 62368",30,"Net 45",36,"JEDEC JESD22, IEC 62368, ITU-T K.20, ETSI EN 300","Carbon neutral by 2030, 100% renewable electricity by 2025, Circular economy initiative",1,14.5%
5G/6G RF components,Analog Devices Inc.,"Wilmington, Massachusetts, USA","Wilmington (USA), Limerick (Ireland), Manila (Philippines), Shanghai (China)",procurement@analog.com,www.analog.com,4.7,2900,"$7,300,000,000",1965,24000,"Robert Johnson, +1-781-329-4700","ISO 9001, ISO 14001, IATF 16949, JEDEC JESD22, IEC 62368",21,"Net 60",24,"JEDEC JESD22, IEC 62368, ITU-T K.20, FCC Part 15","Net zero carbon emissions by 2030, Zero waste to landfill by 2025",1,17.2%
5G/6G RF components,WIN Semiconductors,"Taoyuan City, Taiwan","Taoyuan (Taiwan), Tainan (Taiwan), San Jose (USA)",procurement@winfoundry.com,www.winfoundry.com,4.5,1200,"$980,000,000",1999,3800,"Mei-Ling Chen, +886-3-397-5999","ISO 9001, ISO 14001, JEDEC JESD22, IEC 62368",35,"Net 45, Letter of Credit for international",12,"JEDEC JESD22, IEC 62368, ITU-T K.20, ETSI EN 300","Green manufacturing initiative, Water recycling program, Energy efficiency plan",2,23.6%
5G/6G RF components,Mitsubishi Electric,"Tokyo, Japan","Tokyo (Japan), Osaka (Japan), Raleigh (USA), Shanghai (China)",procurement@mitsubishielectric.co.jp,www.mitsubishielectric.com,4.6,3100,"$9,500,000,000",1921,145000,"Kenji Watanabe, +81-3-3218-2111","ISO 9001, ISO 14001, IATF 16949, JEDEC JESD22, IEC 62368",42,"Net 60, Letter of Credit for international",24,"JEDEC JESD22, IEC 62368, ITU-T K.20, ETSI EN 300","Environmental Vision 2050, 30% CO2 reduction by 2030, Sustainable factory initiative",1,11.8%
Self-healing structural materials,Lockheed Martin Aeronautics,"Fort Worth, Texas, USA","Fort Worth (USA), Marietta (USA), Palmdale (USA), Nagoya (Japan)",advanced.materials@lmco.com,www.lockheedmartin.com/aeronautics,4.9,850,"$26,300,000,000",1912,114000,"Dr. Thomas Reynolds, +1-817-935-4000","ISO 9001, AS9100D, ASTM C1161, ASTM E1820, ITAR",60,"Net 60, milestone payments",36,"AS9100D, ASTM C1161, ASTM E1820, MIL-STD-810","Net Zero 2040 initiative, Sustainable materials program, 35% emissions reduction by 2030",1,8.5%
Self-healing structural materials,Airbus Defence and Space,"Munich, Germany","Munich (Germany), Toulouse (France), Madrid (Spain), Stevenage (UK)",procurement.ads@airbus.com,www.airbus.com/defence,4.8,720,"$15,200,000,000",2000,33000,"Dr. Sophia Müller, +49-89-607-0","ISO 9001, AS9100D, ASTM C1161, ASTM E1820, ITAR",45,"Net 45, performance guarantees",48,"AS9100D, ASTM C1161, ASTM E1820, ECSS-Q-ST-70","Zero-emission aircraft by 2035, Sustainable Aviation initiative, Circular economy program",1,6.2%
Self-healing structural materials,NASA Langley Research Center,"Hampton, Virginia, USA","Hampton (USA), Houston (USA), Mountain View (USA)",materials.procurement@nasa.gov,www.nasa.gov/langley,4.9,320,"$4,500,000,000",1917,3400,"Dr. James Wilson, +1-757-864-1000","ISO 9001, AS9100D, ASTM C1161, ASTM E1820, NASA-STD-6016",90,"Net 30, government appropriation",24,"NASA-STD-6016, ASTM C1161, ASTM E1820, MIL-STD-810","NASA Sustainability Plan, Climate Action Plan, Green Engineering initiative",1,4.8%
Self-healing structural materials,DARPA Materials Research Office,"Arlington, Virginia, USA","Arlington (USA), Cambridge (USA), Albuquerque (USA)",materials.procurement@darpa.mil,www.darpa.mil,4.7,280,"$3,800,000,000",1958,220,"Dr. Elizabeth Chen, +1-703-526-6630","ISO 9001, ASTM C1161, ASTM E1820, ITAR",120,"Net 30, milestone-based",36,"MIL-STD-810, ASTM C1161, ASTM E1820, ITAR compliance","Advanced materials sustainability initiative, Energy efficiency program",1,12.5%
Self-healing structural materials,Fraunhofer Institute for Structural Durability,"Darmstadt, Germany","Darmstadt (Germany), Bremen (Germany), Dresden (Germany)",procurement@lbf.fraunhofer.de,www.lbf.fraunhofer.de,4.6,180,"$320,000,000",1938,720,"Dr. Klaus Weber, +49-6151-705-0","ISO 9001, ISO 14001, ASTM C1161, ASTM E1820",30,"Net 30",12,"DIN EN ISO 9001, ASTM C1161, ASTM E1820","Fraunhofer Sustainability Strategy 2030, Circular materials research",2,15.3%
Self-healing structural materials,Japan Aerospace Exploration Agency,"Tokyo, Japan","Tokyo (Japan), Tsukuba (Japan), Kakuda (Japan)",procurement@jaxa.jp,www.jaxa.jp,4.7,210,"$1,800,000,000",2003,1500,"Dr. Hiroshi Tanaka, +81-50-3362-2000","ISO 9001, AS9100D, ASTM C1161, ASTM E1820, JAXA-SPEC-Q",60,"Net 60, Letter of Credit for international",24,"JAXA-SPEC-Q, JIS Q 9100, ASTM C1161, ASTM E1820","JAXA Sustainability Vision, Carbon neutrality by 2050, Green innovation program",1,7.2%
Self-healing structural materials,General Electric Aviation,"Cincinnati, Ohio, USA","Cincinnati (USA), Lynn (USA), Evendale (USA), Munich (Germany)",aviation.materials@ge.com,www.geaviation.com,4.8,650,"$22,000,000,000",1917,40000,"Dr. Michael Johnson, +1-513-243-2000","ISO 9001, AS9100D, ASTM C1161, ASTM E1820",45,"Net 45",24,"AS9100D, ASTM C1161, ASTM E1820, FAA certification","Carbon neutral by 2030, Sustainable aviation fuel initiative, Circular economy program",1,5.8%
Self-healing structural materials,China Aerospace Science and Technology Corporation,"Beijing, China","Beijing (China), Shanghai (China), Xi'an (China), Shenzhen (China)",procurement@casc.cn,www.spacechina.com,4.5,580,"$34,200,000,000",1999,200000,"Dr. Li Wei, +86-10-6837-0000","ISO 9001, AS9100D, ASTM C1161, GB/T 19001",75,"50% advance, 50% upon delivery",36,"GB/T 19001, ASTM C1161, ASTM E1820, CASC standards","Green aerospace initiative, Energy conservation program, Sustainable materials research",1,18.5%
Self-healing structural materials,European Space Agency,"Paris, France","Paris (France), Noordwijk (Netherlands), Darmstadt (Germany), Frascati (Italy)",procurement@esa.int,www.esa.int,4.8,290,"$7,800,000,000",1975,2200,"Dr. Jean-Pierre Dubois, +33-1-5369-7654","ISO 9001, AS9100D, ASTM C1161, ASTM E1820, ECSS-Q-ST",60,"Net 60",36,"ECSS-Q-ST, ASTM C1161, ASTM E1820, ESA MSRD","ESA Space Sustainability Program, Climate-neutral operations by 2040, Circular economy initiative",1,6.5%
Self-healing structural materials,Northrop Grumman Aerospace Systems,"Redondo Beach, California, USA","Redondo Beach (USA), Palmdale (USA), Melbourne (USA), Moss Point (USA)",aerospace.procurement@ngc.com,www.northropgrumman.com,4.7,720,"$36,800,000,000",1939,90000,"Dr. Sarah Williams, +1-310-812-0000","ISO 9001, AS9100D, ASTM C1161, ASTM E1820, ITAR",45,"Net 45",24,"AS9100D, ASTM C1161, ASTM E1820, MIL-STD-810","2035 Net Zero goal, Sustainable materials initiative, 50% emissions reduction by 2030",1,7.8%
Neuromorphic computing devices,IBM Research,"Yorktown Heights, New York, USA","Yorktown Heights (USA), Zurich (Switzerland), Tokyo (Japan), Almaden (USA)",research.procurement@ibm.com,www.research.ibm.com,4.9,320,"$73,600,000,000",1911,350000,"Dr. Michael Johnson, +1-914-945-3000","ISO 9001, ISO 14001, IEC 62474, JEDEC JESD22, IEEE 1906.1",30,"Net 45",36,"IEC 62474, JEDEC JESD22, IEEE 1906.1, IEC 62902","Carbon neutral by 2030, Zero waste to landfill by 2025, Circular economy initiative",1,15.8%
Neuromorphic computing devices,Intel Neuromorphic Research Community,"Santa Clara, California, USA","Santa Clara (USA), Hillsboro (USA), Haifa (Israel), Munich (Germany)",neuromorphic.procurement@intel.com,www.intel.com/neuromorphic,4.8,280,"$79,000,000,000",1968,110000,"Dr. Jennifer Chen, +1-408-765-8080","ISO 9001, ISO 14001, IEC 62474, JEDEC JESD22, IEEE 1906.1",45,"Net 60",24,"IEC 62474, JEDEC JESD22, IEEE 1906.1, IEC 62902","RISE Strategy (Responsible, Inclusive, Sustainable, Enabling), Net positive water use by 2030",1,12.5%
Neuromorphic computing devices,BrainChip Holdings,"Laguna Hills, California, USA","Laguna Hills (USA), Toulouse (France), Perth (Australia), Hyderabad (India)",procurement@brainchip.com,www.brainchip.com,4.6,85,"$120,000,000",2011,180,"Dr. Thomas Reynolds, +1-949-330-6750","ISO 9001, ISO 14001, IEC 62474, JEDEC JESD22",21,"Net 30",12,"IEC 62474, JEDEC JESD22, IEEE 1906.1, IEC 62902","Low-power computing initiative, Sustainable electronics program",2,28.5%
Neuromorphic computing devices,SynSense (formerly aiCTX),"Zurich, Switzerland","Zurich (Switzerland), Shanghai (China), Chengdu (China)",procurement@synsense.ai,www.synsense.ai,4.5,65,"$45,000,000",2017,85,"Dr. Lukas Weber, +41-44-245-8000","ISO 9001, ISO 14001, IEC 62474, JEDEC JESD22",28,"Net 30, milestone payments",12,"IEC 62474, JEDEC JESD22, IEEE 1906.1, IEC 62902","Ultra-low power computing initiative, Sustainable AI development",2,32.7%
Neuromorphic computing devices,Applied Brain Research,"Waterloo, Ontario, Canada","Waterloo (Canada), Toronto (Canada), San Francisco (USA)",procurement@appliedbrainresearch.com,www.appliedbrainresearch.com,4.4,40,"$28,000,000",2014,65,"Dr. Sarah Williams, +1-519-569-9971","ISO 9001, IEC 62474, JEDEC JESD22",14,"Net 30",6,"IEC 62474, JEDEC JESD22, IEEE 1906.1","Sustainable AI research, Energy-efficient computing initiative",3,35.2%
Neuromorphic computing devices,Prophesee,"Paris, France","Paris (France), Grenoble (France), Tokyo (Japan), San Francisco (USA)",procurement@prophesee.ai,www.prophesee.ai,4.7,75,"$68,000,000",2014,120,"Dr. Jean-Pierre Dubois, +33-1-4116-0402","ISO 9001, ISO 14001, IEC 62474, JEDEC JESD22",21,"Net 45",12,"IEC 62474, JEDEC JESD22, IEEE 1906.1, IEC 62902","Green AI initiative, Sustainable electronics manufacturing",2,29.8%
Neuromorphic computing devices,Huawei HiSilicon,"Shenzhen, China","Shenzhen (China), Shanghai (China), Beijing (China), Munich (Germany)",procurement@hisilicon.com,www.hisilicon.com,4.6,350,"$8,400,000,000",2004,7500,"Dr. Li Wei, +86-755-2878-0808","ISO 9001, ISO 14001, IEC 62474, JEDEC JESD22, IEEE 1906.1",45,"Net 60, Letter of Credit for international",24,"IEC 62474, JEDEC JESD22, IEEE 1906.1, IEC 62902","Carbon neutrality by 2040, Green computing initiative, Circular economy program",1,18.5%
Neuromorphic computing devices,Samsung Advanced Institute of Technology,"Suwon, South Korea","Suwon (South Korea), San Jose (USA), Cambridge (UK), Moscow (Russia)",sait.procurement@samsung.com,www.sait.samsung.com,4.8,420,"$197,600,000,000",1987,267000,"Dr. Ji-Sung Kim, +82-31-8061-1000","ISO 9001, ISO 14001, IEC 62474, JEDEC JESD22, IEEE 1906.1",30,"Net 45",24,"IEC 62474, JEDEC JESD22, IEEE 1906.1, IEC 62902","Samsung Eco-Management 2025, 100% renewable energy in US/Europe/China by 2025",1,16.2%
Neuromorphic computing devices,Thales Research & Technology,"Palaiseau, France","Palaiseau (France), Cambridge (UK), Singapore, Montreal (Canada)",procurement.research@thalesgroup.com,www.thalesgroup.com/research,4.7,180,"$19,900,000,000",2000,81000,"Dr. Sophie Martin, +33-1-6953-8000","ISO 9001, ISO 14001, IEC 62474, JEDEC JESD22, IEEE 1906.1",60,"Net 60",36,"IEC 62474, JEDEC JESD22, IEEE 1906.1, IEC 62902","Low-carbon strategy, 40% reduction in operational emissions by 2030",1,14.3%
Neuromorphic computing devices,Tsinghua University Brain-inspired Computing Center,"Beijing, China","Beijing (China), Shenzhen (China)",procurement@tsinghua.edu.cn,www.tsinghua.edu.cn/bic,4.5,95,"$4,500,000,000",1911,3500,"Dr. Zhang Wei, +86-10-6279-6625","ISO 9001, IEC 62474, JEDEC JESD22, IEEE 1906.1",90,"Net 30, government appropriation",12,"IEC 62474, JEDEC JESD22, IEEE 1906.1","Green campus initiative, Sustainable research practices, Energy-efficient computing",2,22.5%
Photonic integrated circuits,Cisco Optical Systems,"San Jose, California, USA","San Jose (USA), Richardson (USA), Ottawa (Canada), Bangalore (India)",optical.procurement@cisco.com,www.cisco.com/optical,4.8,580,"$51,600,000,000",1984,77000,"Dr. Robert Chen, +1-408-526-4000","ISO 9001, ISO 14001, IEC 60825, IEC 62149, Telcordia GR-468",30,"Net 60",24,"IEC 60825, IEC 62149, Telcordia GR-468, RoHS","Net Zero Emissions by 2040, 100% renewable energy by 2025, Circular economy initiative",1,14.5%
Photonic integrated circuits,Infinera Corporation,"Sunnyvale, California, USA","Sunnyvale (USA), Allentown (USA), Stockholm (Sweden), Shanghai (China)",procurement@infinera.com,www.infinera.com,4.7,320,"$1,400,000,000",2000,3200,"Dr. Jennifer Wu, +1-408-572-5200","ISO 9001, ISO 14001, IEC 60825, IEC 62149, Telcordia GR-468",45,"Net 45",12,"IEC 60825, IEC 62149, Telcordia GR-468, RoHS","Sustainable photonics initiative, Energy-efficient networking, 50% carbon reduction by 2030",1,18.7%
Photonic integrated circuits,NeoPhotonics Corporation,"San Jose, California, USA","San Jose (USA), Shenzhen (China), Tokyo (Japan), Ottawa (Canada)",procurement@neophotonics.com,www.neophotonics.com,4.6,180,"$371,000,000",1996,1500,"Dr. Michael Zhang, +1-408-232-9200","ISO 9001, ISO 14001, IEC 60825, IEC 62149, Telcordia GR-468",21,"Net 30",12,"IEC 60825, IEC 62149, Telcordia GR-468, RoHS","Green photonics program, Energy-efficient manufacturing, Sustainable packaging",2,16.3%
Photonic integrated circuits,Lumentum Operations,"San Jose, California, USA","San Jose (USA), Zurich (Switzerland), Shenzhen (China), Tokyo (Japan)",procurement@lumentum.com,www.lumentum.com,4.8,420,"$1,700,000,000",2015,5000,"Dr. Sarah Johnson, +1-408-546-5000","ISO 9001, ISO 14001, IEC 60825, IEC 62149, Telcordia GR-468",30,"Net 45",24,"IEC 60825, IEC 62149, Telcordia GR-468, RoHS","Carbon neutral by 2030, Zero waste to landfill by 2025, Water conservation program",1,15.8%
Photonic integrated circuits,II-VI Incorporated,"Saxonburg, Pennsylvania, USA","Saxonburg (USA), Warren (USA), Santa Rosa (USA), Fuzhou (China)",procurement@ii-vi.com,www.ii-vi.com,4.7,350,"$3,100,000,000",1971,22000,"Dr. Thomas Wilson, +1-724-352-4455","ISO 9001, ISO 14001, IEC 60825, IEC 62149, Telcordia GR-468",28,"Net 45",12,"IEC 60825, IEC 62149, Telcordia GR-468, RoHS","Sustainable manufacturing initiative, 50% renewable energy by 2025, Circular economy program",1,17.2%
Photonic integrated circuits,EFFECT Photonics,"Eindhoven, Netherlands","Eindhoven (Netherlands), Brixham (UK), Shenzhen (China)",procurement@effectphotonics.com,www.effectphotonics.com,4.5,85,"$120,000,000",2010,180,"Dr. Pieter van der Meer, +31-40-787-0250","ISO 9001, ISO 14001, IEC 60825, IEC 62149",21,"Net 30",6,"IEC 60825, IEC 62149, RoHS","Green photonics initiative, Energy-efficient design, Sustainable supply chain",2,25.6%
Photonic integrated circuits,Acacia Communications (now Cisco),"Maynard, Massachusetts, USA","Maynard (USA), San Jose (USA), Bangalore (India), Ottawa (Canada)",procurement@acacia-inc.com,www.acacia-inc.com,4.7,280,"$580,000,000",2009,400,"Dr. Katherine Lee, +1-978-938-4896","ISO 9001, ISO 14001, IEC 60825, IEC 62149, Telcordia GR-468",30,"Net 45",12,"IEC 60825, IEC 62149, Telcordia GR-468, RoHS","Sustainable photonics roadmap, Energy-efficient transceivers, Eco-friendly packaging",1,19.5%
Photonic integrated circuits,Huawei Technologies Optical Division,"Shenzhen, China","Shenzhen (China), Shanghai (China), Munich (Germany), Ottawa (Canada)",optical.procurement@huawei.com,www.huawei.com/optical,4.6,650,"$136,700,000,000",1987,195000,"Dr. Li Wei, +86-755-2878-0808","ISO 9001, ISO 14001, IEC 60825, IEC 62149, Telcordia GR-468",45,"Net 60, Letter of Credit for international",24,"IEC 60825, IEC 62149, Telcordia GR-468, RoHS","Carbon neutrality by 2040, Green optical networks initiative, Circular economy program",1,16.8%
Photonic integrated circuits,Fujitsu Optical Components,"Kawasaki, Japan","Kawasaki (Japan), Richardson (USA), Shenzhen (China), Munich (Germany)",procurement@fujitsu-optical.com,www.fujitsu.com/optical,4.7,380,"$2,800,000,000",2009,2500,"Dr. Takashi Yamamoto, +81-44-754-2751","ISO 9001, ISO 14001, IEC 60825, IEC 62149, Telcordia GR-468",60,"Net 60, Letter of Credit for international",24,"IEC 60825, IEC 62149, Telcordia GR-468, RoHS","Fujitsu Climate and Energy Vision, Zero CO2 emissions by 2050, Sustainable manufacturing",1,13.5%
Photonic integrated circuits,Fraunhofer Heinrich Hertz Institute,"Berlin, Germany","Berlin (Germany), Goslar (Germany), Dresden (Germany)",procurement@hhi.fraunhofer.de,www.hhi.fraunhofer.de,4.8,120,"$280,000,000",1928,650,"Dr. Klaus Schmidt, +49-30-31002-0","ISO 9001, ISO 14001, IEC 60825, IEC 62149",21,"Net 30",12,"IEC 60825, IEC 62149, RoHS","Fraunhofer Sustainability Strategy 2030, Green photonics research, Energy-efficient communications",2,14.8%
Hypersonic vehicle components,Lockheed Martin Skunk Works,"Palmdale, California, USA","Palmdale (USA), Fort Worth (USA), Marietta (USA)",advanced.procurement@lmco.com,www.lockheedmartin.com/skunkworks,4.9,850,"$67,000,000,000",1943,114000,"Dr. Michael Roberts, +1-661-572-7000","ISO 9001, AS9100D, MIL-STD-810, ASTM E285, RTCA/DO-160, ITAR",90,"Net 60",36,"AS9100D, MIL-STD-810, ASTM E285, RTCA/DO-160","Net Zero 2040 initiative, 70% reduction in emissions by 2030, Sustainable materials program",1,12.5%
Hypersonic vehicle components,Raytheon Technologies,"Waltham, Massachusetts, USA","Waltham (USA), Tucson (USA), El Segundo (USA), McKinney (USA)",hypersonics.procurement@rtx.com,www.rtx.com,4.8,780,"$64,400,000,000",1922,181000,"Dr. Jennifer Wilson, +1-781-522-3000","ISO 9001, AS9100D, MIL-STD-810, ASTM E285, RTCA/DO-160, ITAR",75,"Net 45",36,"AS9100D, MIL-STD-810, ASTM E285, RTCA/DO-160","ESG 2025 goals, 10% reduction in energy consumption by 2025, Sustainable aviation initiative",1,14.2%
Hypersonic vehicle components,Boeing Phantom Works,"St. Louis, Missouri, USA","St. Louis (USA), Huntington Beach (USA), Seattle (USA)",phantom.procurement@boeing.com,www.boeing.com,4.7,720,"$76,600,000,000",1916,142000,"Dr. Thomas Johnson, +1-314-232-0232","ISO 9001, AS9100D, MIL-STD-810, ASTM E285, RTCA/DO-160, ITAR",60,"Net 60",24,"AS9100D, MIL-STD-810, ASTM E285, RTCA/DO-160","Sustainable Aerospace Together initiative, 2030 environmental goals, Eco-Demonstrator program",1,8.5%
Hypersonic vehicle components,DARPA Strategic Technology Office,"Arlington, Virginia, USA","Arlington (USA), Washington DC (USA)",procurement@darpa.mil,www.darpa.mil,4.9,450,"$3,800,000,000",1958,220,"Dr. Sarah Miller, +1-703-526-6630","ISO 9001, AS9100D, MIL-STD-810, ASTM E285, RTCA/DO-160, ITAR",120,"Net 30, government appropriation",36,"AS9100D, MIL-STD-810, ASTM E285, RTCA/DO-160","Federal sustainability plan, Energy-efficient facilities, Sustainable research practices",1,15.8%
Hypersonic vehicle components,China Aerospace Science and Technology Corporation,"Beijing, China","Beijing (China), Shanghai (China), Xi'an (China), Chengdu (China)",procurement@casc.cn,www.spacechina.com,4.6,680,"$34,200,000,000",1999,200000,"Dr. Li Wei, +86-10-6837-0000","ISO 9001, AS9100D, MIL-STD-810, GB/T 19001, ASTM E285",90,"50% advance, 50% upon delivery",36,"AS9100D, MIL-STD-810, ASTM E285, GB/T 19001","Green aerospace initiative, Energy conservation program, Sustainable materials research",1,18.5%
Hypersonic vehicle components,Safran Ceramics,"Le Haillan, France","Le Haillan (France), Paris (France), Bordeaux (France)",ceramics.procurement@safran-group.com,www.safran-group.com,4.7,320,"$24,600,000,000",2016,79000,"Dr. Jean-Pierre Dubois, +33-1-4060-8080","ISO 9001, AS9100D, MIL-STD-810, ASTM E285, RTCA/DO-160",60,"Net 45",24,"AS9100D, MIL-STD-810, ASTM E285, RTCA/DO-160","Climate strategy 2025, Eco-design approach, Sustainable supply chain program",1,13.7%
Hypersonic vehicle components,Northrop Grumman Innovation Systems,"Falls Church, Virginia, USA","Falls Church (USA), Dulles (USA), Chandler (USA), Magna (USA)",innovation.procurement@ngc.com,www.northropgrumman.com,4.8,580,"$36,800,000,000",1939,90000,"Dr. Richard Thompson, +1-703-280-2900","ISO 9001, AS9100D, MIL-STD-810, ASTM E285, RTCA/DO-160, ITAR",75,"Net 45",36,"AS9100D, MIL-STD-810, ASTM E285, RTCA/DO-160","2035 Net Zero goal, Sustainable materials initiative, 50% emissions reduction by 2030",1,11.2%
Hypersonic vehicle components,BAE Systems Advanced Materials,"Farnborough, United Kingdom","Farnborough (UK), Filton (UK), Samlesbury (UK), Adelaide (Australia)",advanced.materials@baesystems.com,www.baesystems.com,4.7,420,"$24,500,000,000",1999,85800,"Dr. Elizabeth Taylor, +44-1252-373232","ISO 9001, AS9100D, MIL-STD-810, ASTM E285, RTCA/DO-160, ITAR",60,"Net 60",24,"AS9100D, MIL-STD-810, ASTM E285, RTCA/DO-160","Net Zero strategy, 30% reduction in energy use by 2030, Sustainable procurement policy",1,9.8%
Hypersonic vehicle components,Japan Aerospace Exploration Agency,"Tokyo, Japan","Tokyo (Japan), Tsukuba (Japan), Tanegashima (Japan)",procurement@jaxa.jp,www.jaxa.jp,4.8,280,"$1,700,000,000",2003,1500,"Dr. Takashi Yamamoto, +81-50-3362-4000","ISO 9001, AS9100D, MIL-STD-810, ASTM E285, JERG standards",90,"Net 60",24,"AS9100D, MIL-STD-810, ASTM E285, JERG standards","JAXA Sustainability Action Plan, Carbon neutrality by 2050, Green innovation initiative",1,7.5%
Quantum phononic devices,Google Quantum AI,"Santa Barbara, California, USA","Santa Barbara (USA), Mountain View (USA), Zurich (Switzerland)",quantum.procurement@google.com,www.research.google/quantum,4.9,85,"$257,600,000,000",2014,150,"Dr. John Martinez, +1-650-253-0000","ISO 9001, ISO 14001, IEC TS 62853, IEEE 1906.1, NIST QIP",45,"Net 45",12,"IEC TS 62853, IEEE 1906.1, NIST QIP","Carbon neutral since 2007, Zero waste to landfill by 2025, 24/7 carbon-free energy by 2030",1,28.5%
Quantum phononic devices,IBM Quantum,"Yorktown Heights, New York, USA","Yorktown Heights (USA), Zurich (Switzerland), Tokyo (Japan)",quantum.procurement@ibm.com,www.ibm.com/quantum,4.8,120,"$73,600,000,000",2016,350,"Dr. Sarah Chen, +1-914-945-3000","ISO 9001, ISO 14001, IEC TS 62853, IEEE 1906.1, NIST QIP",60,"Net 60",24,"IEC TS 62853, IEEE 1906.1, NIST QIP","Carbon neutral by 2030, Zero waste to landfill by 2025, Circular economy initiative",1,25.8%
Quantum phononic devices,Max Planck Institute for the Science of Light,"Erlangen, Germany","Erlangen (Germany), Garching (Germany)",procurement@mpl.mpg.de,www.mpl.mpg.de,4.7,45,"$2,800,000,000",2009,250,"Dr. Klaus Weber, +49-9131-7133-0","ISO 9001, ISO 14001, IEC TS 62853, IEEE 1906.1",30,"Net 30",12,"IEC TS 62853, IEEE 1906.1","MPG Sustainability Strategy, Green labs initiative, Energy-efficient research facilities",2,18.5%
Quantum phononic devices,QuTech (TU Delft and TNO),"Delft, Netherlands","Delft (Netherlands), Amsterdam (Netherlands)",procurement@qutech.nl,www.qutech.nl,4.8,55,"$180,000,000",2013,280,"Dr. Pieter van der Meer, +31-15-278-6052","ISO 9001, ISO 14001, IEC TS 62853, IEEE 1906.1, NIST QIP",21,"Net 30",12,"IEC TS 62853, IEEE 1906.1, NIST QIP","TU Delft Sustainability Program, Carbon-neutral campus by 2030, Circular procurement policy",2,32.7%
Quantum phononic devices,RIKEN Center for Quantum Computing,"Wako, Japan","Wako (Japan), Tokyo (Japan), Kobe (Japan)",procurement@riken.jp,www.riken.jp/en/research/labs/rqc,4.7,65,"$900,000,000",2020,150,"Dr. Takashi Yamamoto, +81-48-467-9387","ISO 9001, ISO 14001, IEC TS 62853, IEEE 1906.1",45,"Net 45",12,"IEC TS 62853, IEEE 1906.1","RIKEN Environmental Policy, Sustainable research practices, Energy-efficient facilities",2,24.5%
Quantum phononic devices,Institute for Quantum Computing (University of Waterloo),"Waterloo, Ontario, Canada","Waterloo (Canada), Toronto (Canada)",procurement@iqc.ca,www.uwaterloo.ca/institute-for-quantum-computing,4.6,40,"$120,000,000",2002,200,"Dr. Michael Wilson, +1-519-888-4021","ISO 9001, IEC TS 62853, IEEE 1906.1",30,"Net 30, research grant",12,"IEC TS 62853, IEEE 1906.1","University of Waterloo Sustainability Action Plan, Green labs certification, Energy conservation program",2,15.8%
Quantum phononic devices,Rigetti Computing,"Berkeley, California, USA","Berkeley (USA), Fremont (USA), London (UK)",procurement@rigetti.com,www.rigetti.com,4.5,35,"$145,000,000",2013,160,"Dr. Jennifer Adams, +1-510-210-5550","ISO 9001, ISO 14001, IEC TS 62853, IEEE 1906.1",21,"Net 30",6,"IEC TS 62853, IEEE 1906.1","Sustainable quantum computing initiative, Energy-efficient quantum systems",2,38.5%
Quantum phononic devices,Quantum Machines,"Tel Aviv, Israel","Tel Aviv (Israel), Paris (France), Munich (Germany)",procurement@quantum-machines.co,www.quantum-machines.co,4.6,25,"$100,000,000",2018,120,"Dr. David Cohen, +972-3-978-6688","ISO 9001, IEC TS 62853, IEEE 1906.1",14,"Net 30",6,"IEC TS 62853, IEEE 1906.1","Green quantum initiative, Energy-efficient control systems, Sustainable lab practices",3,42.5%
Quantum phononic devices,Chinese Academy of Sciences Quantum Information Lab,"Beijing, China","Beijing (China), Shanghai (China), Hefei (China)",procurement@cas.cn,www.cas.cn/quantum,4.7,85,"$3,200,000,000",2015,350,"Dr. Li Wei, +86-10-8254-3099","ISO 9001, ISO 14001, IEC TS 62853, IEEE 1906.1",60,"Net 45, government appropriation",24,"IEC TS 62853, IEEE 1906.1","CAS Green Innovation Program, Sustainable research facilities, Energy conservation initiative",1,22.5%
Engineered point defects,Princeton Quantum Materials Lab,"Princeton, New Jersey, USA","Princeton (USA), Trenton (USA)",quantum.materials@princeton.edu,www.princeton.edu/quantum-materials,4.8,45,"$2,600,000,000",1996,180,"Dr. Robert Chen, +1-609-258-3000","ISO 9001, ISO 14001, ASTM F2094, IEEE 1906.1, NIST QIP",30,"Net 30, research grant",12,"ASTM F2094, IEEE 1906.1, NIST QIP","Princeton Sustainability Plan, Carbon neutrality by 2046, Green labs certification",2,18.5%
Engineered point defects,Harvard Quantum Initiative,"Cambridge, Massachusetts, USA","Cambridge (USA), Boston (USA)",procurement@quantum.harvard.edu,www.quantum.harvard.edu,4.9,50,"$5,200,000,000",2018,150,"Dr. Sarah Johnson, +1-617-495-3000","ISO 9001, ISO 14001, ASTM F2094, IEEE 1906.1, NIST QIP",21,"Net 30, research grant",12,"ASTM F2094, IEEE 1906.1, NIST QIP","Harvard Sustainability Plan, Fossil fuel-neutral by 2026, Green labs program",2,16.8%
Engineered point defects,Quantum Diamond Technologies,"Boston, Massachusetts, USA","Boston (USA), Cambridge (USA), Palo Alto (USA)",procurement@qdti.com,www.quantumdiamondtech.com,4.6,35,"$85,000,000",2015,75,"Dr. Michael Wilson, +1-617-714-5000","ISO 9001, ASTM F2094, IEEE 1906.1",14,"Net 30",6,"ASTM F2094, IEEE 1906.1","Sustainable quantum sensing initiative, Energy-efficient lab practices",3,32.5%
Engineered point defects,Element Six (De Beers Group),"Harwell, United Kingdom","Harwell (UK), Santa Clara (USA), Johannesburg (South Africa)",procurement@e6.com,www.e6.com,4.7,120,"$6,500,000,000",1946,2000,"Dr. Elizabeth Taylor, +44-1235-441-200","ISO 9001, ISO 14001, ASTM F2094, IEEE 1906.1",45,"Net 45",24,"ASTM F2094, IEEE 1906.1","Building Forever sustainability framework, Carbon neutrality by 2030, Ethical sourcing initiative",1,14.5%
Engineered point defects,Quantum Brilliance,"Canberra, Australia","Canberra (Australia), Stuttgart (Germany), Mountain View (USA)",procurement@quantumbrilliance.com,www.quantumbrilliance.com,4.5,25,"$45,000,000",2019,60,"Dr. James Wilson, +61-2-6125-0000","ISO 9001, ASTM F2094, IEEE 1906.1",21,"Net 30",6,"ASTM F2094, IEEE 1906.1","Sustainable quantum computing initiative, Energy-efficient quantum systems",3,38.5%
Engineered point defects,Fraunhofer Institute for Applied Solid State Physics,"Freiburg, Germany","Freiburg (Germany), Dresden (Germany)",procurement@iaf.fraunhofer.de,www.iaf.fraunhofer.de,4.8,85,"$280,000,000",1957,350,"Dr. Klaus Weber, +49-761-5159-0","ISO 9001, ISO 14001, ASTM F2094, IEEE 1906.1",30,"Net 30",12,"ASTM F2094, IEEE 1906.1","Fraunhofer Sustainability Strategy 2030, Green labs initiative, Energy-efficient facilities",2,15.8%
Engineered point defects,NTT Basic Research Laboratories,"Atsugi, Japan","Atsugi (Japan), Tokyo (Japan), Palo Alto (USA)",procurement@brl.ntt.co.jp,www.brl.ntt.co.jp/E,4.7,75,"$107,000,000,000",1985,280,"Dr. Takashi Yamamoto, +81-46-240-3000","ISO 9001, ISO 14001, ASTM F2094, IEEE 1906.1",45,"Net 45",12,"ASTM F2094, IEEE 1906.1","NTT Group Environmental Statement, Zero environmental impact program, Sustainable R&D initiative",1,12.5%
Engineered point defects,Australian National Fabrication Facility,"Canberra, Australia","Canberra (Australia), Melbourne (Australia), Sydney (Australia), Brisbane (Australia)",procurement@anff.org.au,www.anff.org.au,4.6,60,"$150,000,000",2007,120,"Dr. Emma Thompson, +61-2-6125-5000","ISO 9001, ASTM F2094, IEEE 1906.1",30,"Net 30, research grant",12,"ASTM F2094, IEEE 1906.1","ANFF Sustainability Framework, Energy-efficient nanofabrication, Green labs certification",2,14.5%
Engineered point defects,Sandia National Laboratories Quantum Information Sciences,"Albuquerque, New Mexico, USA","Albuquerque (USA), Livermore (USA)",procurement@sandia.gov,www.sandia.gov/quantum,4.8,180,"$3,800,000,000",1949,14000,"Dr. Thomas Martinez, +1-505-844-0011","ISO 9001, ISO 14001, ASTM F2094, IEEE 1906.1, NIST QIP",60,"Net 30, government appropriation",24,"ASTM F2094, IEEE 1906.1, NIST QIP","DOE Sustainability Program, Climate Security Plan, Energy-efficient facilities",1,10.5%
MEMS devices,Bosch Sensortec,"Reutlingen, Germany","Reutlingen (Germany), Shanghai (China), Palo Alto (USA), Tokyo (Japan)",mems.procurement@bosch-sensortec.com,www.bosch-sensortec.com,4.9,580,"$87,100,000,000",2005,8500,"Dr. Klaus Weber, +49-7121-3535-900","ISO 9001, ISO 14001, IEC 62474, JEDEC JESD22, RoHS, MIL-STD-883",45,"Net 45",24,"IEC 62474, JEDEC JESD22, RoHS, MIL-STD-883","Climate neutral by 2020 (achieved), 15% energy efficiency improvement by 2030, Circular economy initiative",1,14.5%
MEMS devices,STMicroelectronics MEMS Division,"Geneva, Switzerland","Geneva (Switzerland), Agrate (Italy), Crolles (France), Singapore",mems.procurement@st.com,www.st.com/mems,4.8,450,"$12,800,000,000",1987,48000,"Dr. Jean-Pierre Dubois, +41-22-929-2929","ISO 9001, ISO 14001, IEC 62474, JEDEC JESD22, RoHS, MIL-STD-883",30,"Net 45",24,"IEC 62474, JEDEC JESD22, RoHS, MIL-STD-883","Carbon neutral by 2027, Responsible products program, 20% energy reduction by 2027",1,16.8%
MEMS devices,Analog Devices MEMS Technology Group,"Norwood, Massachusetts, USA","Norwood (USA), Wilmington (USA), Limerick (Ireland), Manila (Philippines)",mems.procurement@analog.com,www.analog.com/mems,4.7,380,"$7,300,000,000",1965,24700,"Dr. Sarah Johnson, +1-781-329-4700","ISO 9001, ISO 14001, IEC 62474, JEDEC JESD22, RoHS, MIL-STD-883",21,"Net 30",12,"IEC 62474, JEDEC JESD22, RoHS, MIL-STD-883","Net Zero by 2050, 50% reduction in emissions by 2030, Sustainable product design",1,12.5%
MEMS devices,Honeywell Sensing and IoT,"Charlotte, North Carolina, USA","Charlotte (USA), Phoenix (USA), Shanghai (China), Bangalore (India)",sensing.procurement@honeywell.com,www.sensing.honeywell.com,4.8,420,"$34,400,000,000",1906,110000,"Dr. Michael Wilson, +1-704-627-6200","ISO 9001, ISO 14001, IEC 62474, JEDEC JESD22, RoHS, MIL-STD-883",30,"Net 45",24,"IEC 62474, JEDEC JESD22, RoHS, MIL-STD-883","Carbon neutral facilities by 2035, Sustainable opportunity program, 10% energy intensity reduction by 2024",1,9.8%
MEMS devices,Infineon Technologies Sensors,"Munich, Germany","Munich (Germany), Dresden (Germany), Villach (Austria), Singapore",sensors.procurement@infineon.com,www.infineon.com/sensors,4.7,350,"$11,100,000,000",1999,50280,"Dr. Hans Schmidt, +49-89-234-0","ISO 9001, ISO 14001, IEC 62474, JEDEC JESD22, RoHS, MIL-STD-883",30,"Net 45",24,"IEC 62474, JEDEC JESD22, RoHS, MIL-STD-883","Carbon neutrality by 2030, 70% renewable electricity by 2025, Circular economy approach",1,11.5%
MEMS devices,Murata Manufacturing MEMS Division,"Kyoto, Japan","Kyoto (Japan), Nagaokakyo (Japan), Smyrna (USA), Vantaa (Finland)",mems.procurement@murata.com,www.murata.com/mems,4.8,280,"$15,200,000,000",1944,73000,"Dr. Takashi Yamamoto, +81-75-955-6525","ISO 9001, ISO 14001, IEC 62474, JEDEC JESD22, RoHS, MIL-STD-883",45,"Net 60",24,"IEC 62474, JEDEC JESD22, RoHS, MIL-STD-883","Murata Environmental Vision 2050, 46% CO2 reduction by 2030, Zero waste emissions",1,8.5%
MEMS devices,Teledyne MEMS,"Thousand Oaks, California, USA","Thousand Oaks (USA), Dallas (USA), Ottawa (Canada), Bromont (Canada)",mems.procurement@teledyne.com,www.teledyne.com/mems,4.6,180,"$4,600,000,000",1960,14000,"Dr. Jennifer Adams, +1-805-373-4545","ISO 9001, ISO 14001, IEC 62474, JEDEC JESD22, RoHS, MIL-STD-883",30,"Net 45",12,"IEC 62474, JEDEC JESD22, RoHS, MIL-STD-883","Teledyne Environmental Policy, Sustainable manufacturing initiative, Energy conservation program",1,13.5%
MEMS devices,Qorvo MEMS Technology,"Greensboro, North Carolina, USA","Greensboro (USA), Richardson (USA), Apopka (USA), Beijing (China)",mems.procurement@qorvo.com,www.qorvo.com/mems,4.7,150,"$4,100,000,000",2015,8400,"Dr. Thomas Reynolds, +1-336-664-1233","ISO 9001, ISO 14001, IEC 62474, JEDEC JESD22, RoHS, MIL-STD-883",21,"Net 30",12,"IEC 62474, JEDEC JESD22, RoHS, MIL-STD-883","Qorvo Sustainability Program, 15% reduction in greenhouse gas emissions by 2025, Water conservation initiative",2,15.8%
MEMS devices,Sensirion AG,"Stäfa, Switzerland","Stäfa (Switzerland), Shanghai (China), Seoul (South Korea), Tokyo (Japan)",procurement@sensirion.com,www.sensirion.com,4.6,120,"$287,000,000",1998,1000,"Dr. Lukas Weber, +41-44-306-4000","ISO 9001, ISO 14001, IEC 62474, JEDEC JESD22, RoHS",14,"Net 30",6,"IEC 62474, JEDEC JESD22, RoHS","CO2-neutral production since 2021, Sustainable sensor solutions, Energy-efficient manufacturing",2,22.5%
MEMS devices,Knowles Corporation,"Itasca, Illinois, USA","Itasca (USA), Mountain View (USA), Penang (Malaysia), Suzhou (China)",procurement@knowles.com,www.knowles.com,4.5,180,"$876,000,000",1946,8000,"Dr. Robert Chen, +1-630-250-5100","ISO 9001, ISO 14001, IEC 62474, JEDEC JESD22, RoHS",21,"Net 30",12,"IEC 62474, JEDEC JESD22, RoHS","Knowles Sustainability Program, 30% reduction in carbon emissions by 2030, Responsible sourcing initiative",2,14.5%
Nuclear fuel cladding,Westinghouse Electric Company,"Cranberry Township, Pennsylvania, USA","Cranberry Township (USA), Columbia (USA), Västerås (Sweden), Springfields (UK)",nuclear.procurement@westinghouse.com,www.westinghousenuclear.com,4.9,450,"$4,500,000,000",1886,9000,"Dr. James Wilson, +1-412-374-4000","ISO 9001, ISO 14001, ASTM E1019, ASME BPVC Section III, NQA-1",90,"Net 60",36,"ASTM E1019, ASME BPVC Section III, NQA-1","EnCore fuel program, Zero carbon energy generation, Nuclear sustainability initiative",1,8.5%
Nuclear fuel cladding,Framatome,"Paris, France","Paris (France), Lynchburg (USA), Erlangen (Germany), Richland (USA)",fuel.procurement@framatome.com,www.framatome.com,4.8,380,"$4,100,000,000",2018,14000,"Dr. Pierre Dubois, +33-1-3496-0000","ISO 9001, ISO 14001, ASTM E1019, ASME BPVC Section III, NQA-1",75,"Net 60",36,"ASTM E1019, ASME BPVC Section III, NQA-1","PROtect enhanced accident tolerant fuel program, Carbon-free energy generation, Sustainable nuclear initiative",1,9.5%
Nuclear fuel cladding,General Electric Hitachi Nuclear Energy,"Wilmington, North Carolina, USA","Wilmington (USA), San Jose (USA), Kurihama (Japan), Toronto (Canada)",nuclear.procurement@ge.com,www.nuclear.gepower.com,4.8,420,"$22,100,000,000",2007,3000,"Dr. Thomas Martinez, +1-910-819-4000","ISO 9001, ISO 14001, ASTM E1019, ASME BPVC Section III, NQA-1",60,"Net 45",24,"ASTM E1019, ASME BPVC Section III, NQA-1","IronClad accident tolerant fuel program, Carbon-free energy, Sustainable nuclear future",1,7.5%
Nuclear fuel cladding,Korea Atomic Energy Research Institute,"Daejeon, South Korea","Daejeon (South Korea), Seoul (South Korea)",procurement@kaeri.re.kr,www.kaeri.re.kr/eng,4.7,180,"$650,000,000",1959,1500,"Dr. Kim Sung-ho, +82-42-868-2000","ISO 9001, ISO 14001, ASTM E1019, ASME BPVC Section III, NQA-1",60,"Net 45, government appropriation",24,"ASTM E1019, ASME BPVC Section III, NQA-1","KAERI Green Vision 2050, Sustainable nuclear energy research, Advanced materials program",1,12.5%
Nuclear fuel cladding,China National Nuclear Corporation,"Beijing, China","Beijing (China), Shanghai (China), Chengdu (China)",procurement@cnnc.com.cn,www.cnnc.com.cn,4.6,350,"$14,500,000,000",1955,100000,"Dr. Li Wei, +86-10-6855-4988","ISO 9001, ISO 14001, ASTM E1019, ASME BPVC Section III, NQA-1",90,"Net 60, government appropriation",36,"ASTM E1019, ASME BPVC Section III, NQA-1","CNNC Green Development Action Plan, Clean energy initiative, Advanced nuclear materials program",1,11.5%
Nuclear fuel cladding,Rosatom,"Moscow, Russia","Moscow (Russia), St. Petersburg (Russia), Yekaterinburg (Russia)",procurement@rosatom.ru,www.rosatom.ru/en,4.7,420,"$36,000,000,000",2007,275000,"Dr. Sergei Ivanov, +7-499-949-4535","ISO 9001, ISO 14001, ASTM E1019, ASME BPVC Section III, NQA-1",90,"Net 60, government appropriation",36,"ASTM E1019, ASME BPVC Section III, NQA-1","Rosatom Sustainability Program, Carbon-free energy generation, Advanced nuclear materials initiative",1,10.5%
Nuclear fuel cladding,Idaho National Laboratory,"Idaho Falls, Idaho, USA","Idaho Falls (USA), Argonne (USA)",procurement@inl.gov,www.inl.gov,4.8,250,"$1,500,000,000",1949,5000,"Dr. Sarah Johnson, +1-208-526-0111","ISO 9001, ISO 14001, ASTM E1019, ASME BPVC Section III, NQA-1",60,"Net 30, government appropriation",24,"ASTM E1019, ASME BPVC Section III, NQA-1","DOE Sustainability Program, Advanced nuclear materials research, Clean energy initiative",1,9.5%
Nuclear fuel cladding,Electric Power Research Institute,"Palo Alto, California, USA","Palo Alto (USA), Charlotte (USA), Knoxville (USA)",nuclear.procurement@epri.com,www.epri.com,4.7,180,"$388,000,000",1972,700,"Dr. Michael Wilson, +1-650-855-2000","ISO 9001, ISO 14001, ASTM E1019, ASME BPVC Section III, NQA-1",45,"Net 30, research grant",12,"ASTM E1019, ASME BPVC Section III, NQA-1","EPRI Nuclear Sustainability Program, Clean energy research, Advanced materials initiative",2,14.5%
Nuclear fuel cladding,Japan Atomic Energy Agency,"Tokai, Japan","Tokai (Japan), Oarai (Japan), Tsuruga (Japan)",procurement@jaea.go.jp,www.jaea.go.jp/english,4.7,220,"$1,800,000,000",2005,3400,"Dr. Takashi Yamamoto, +81-29-282-1122","ISO 9001, ISO 14001, ASTM E1019, ASME BPVC Section III, NQA-1",60,"Net 45, government appropriation",24,"ASTM E1019, ASME BPVC Section III, NQA-1","JAEA Environmental Policy, Advanced nuclear materials research, Sustainable energy initiative",1,11.5%
Nuclear fuel cladding,CEA Nuclear Energy Division,"Paris, France","Paris (France), Cadarache (France), Saclay (France)",nuclear.procurement@cea.fr,www.cea.fr/english,4.8,280,"$5,600,000,000",1945,16000,"Dr. Jean-Pierre Martin, +33-1-6908-6000","ISO 9001, ISO 14001, ASTM E1019, ASME BPVC Section III, NQA-1",60,"Net 45, government appropriation",24,"ASTM E1019, ASME BPVC Section III, NQA-1","CEA Sustainable Development Charter, Carbon-free energy research, Advanced nuclear materials program",1,10.5%
Radiation-resistant electronics,NASA Jet Propulsion Laboratory,"Pasadena, California, USA","Pasadena (USA), La Cañada Flintridge (USA)",procurement@jpl.nasa.gov,www.jpl.nasa.gov,4.9,280,"$2,800,000,000",1936,6000,"Dr. Sarah Johnson, +1-818-354-4321","ISO 9001, ISO 14001, MIL-STD-883, MIL-PRF-38535, NASA EEE-INST-002",60,"Net 30, government appropriation",24,"MIL-STD-883, MIL-PRF-38535, NASA EEE-INST-002","NASA Sustainability Plan, Green engineering initiative, Sustainable space exploration",1,8.5%
Radiation-resistant electronics,European Space Agency,"Paris, France","Paris (France), Noordwijk (Netherlands), Darmstadt (Germany), Madrid (Spain)",procurement@esa.int,www.esa.int,4.8,350,"$7,200,000,000",1975,2200,"Dr. Jean-Pierre Martin, +33-1-5369-7654","ISO 9001, ISO 14001, MIL-STD-883, ECSS-Q-ST-60",45,"Net 45, government appropriation",24,"MIL-STD-883, ECSS-Q-ST-60","ESA Space Sustainability Program, Clean space initiative, Green satellite technology",1,9.5%
Radiation-resistant electronics,Lockheed Martin Space,"Denver, Colorado, USA","Denver (USA), Sunnyvale (USA), Valley Forge (USA)",space.procurement@lmco.com,www.lockheedmartin.com/space,4.8,420,"$65,400,000,000",1912,114000,"Dr. Michael Wilson, +1-303-977-3000","ISO 9001, ISO 14001, MIL-STD-883, MIL-PRF-38535, ITAR",30,"Net 45",24,"MIL-STD-883, MIL-PRF-38535, ITAR","Go Green program, 35% reduction in carbon emissions by 2035, Sustainable space systems",1,7.5%
Radiation-resistant electronics,Northrop Grumman Space Systems,"Falls Church, Virginia, USA","Falls Church (USA), Redondo Beach (USA), Dulles (USA)",space.procurement@ngc.com,www.northropgrumman.com/space,4.7,380,"$36,800,000,000",1939,90000,"Dr. Thomas Martinez, +1-703-280-2900","ISO 9001, ISO 14001, MIL-STD-883, MIL-PRF-38535, ITAR",30,"Net 45",24,"MIL-STD-883, MIL-PRF-38535, ITAR","2035 Sustainability Goals, Net zero emissions by 2035, Sustainable space technology",1,8.5%
Radiation-resistant electronics,BAE Systems Electronic Systems,"Nashua, New Hampshire, USA","Nashua (USA), Endicott (USA), Manassas (USA), Rochester (UK)",electronic.procurement@baesystems.com,www.baesystems.com/electronics,4.7,350,"$24,500,000,000",1999,85000,"Dr. Robert Chen, +1-603-885-4321","ISO 9001, ISO 14001, MIL-STD-883, MIL-PRF-38535, ITAR",30,"Net 45",24,"MIL-STD-883, MIL-PRF-38535, ITAR","Net Zero strategy, 30% reduction in greenhouse gas emissions by 2030, Sustainable electronics",1,9.5%
Radiation-resistant electronics,Thales Alenia Space,"Cannes, France","Cannes (France), Rome (Italy), Turin (Italy), Madrid (Spain)",procurement@thalesaleniaspace.com,www.thalesaleniaspace.com,4.8,280,"$9,200,000,000",2005,7700,"Dr. Pierre Dubois, +33-4-9296-7000","ISO 9001, ISO 14001, MIL-STD-883, ECSS-Q-ST-60",45,"Net 45",24,"MIL-STD-883, ECSS-Q-ST-60","Thales Go Green program, Carbon neutral by 2040, Eco-design for space",1,10.5%
Radiation-resistant electronics,Honeywell Aerospace Electronics,"Phoenix, Arizona, USA","Phoenix (USA), Clearwater (USA), Plymouth (USA)",aero.procurement@honeywell.com,www.aerospace.honeywell.com,4.7,320,"$34,400,000,000",1906,110000,"Dr. Jennifer Adams, +1-602-231-1000","ISO 9001, ISO 14001, MIL-STD-883, MIL-PRF-38535, ITAR",30,"Net 45",24,"MIL-STD-883, MIL-PRF-38535, ITAR","Carbon neutral facilities by 2035, Sustainable opportunity program, 10% energy intensity reduction by 2024",1,8.5%
Radiation-resistant electronics,JAXA Institute of Space and Astronautical Science,"Sagamihara, Japan","Sagamihara (Japan), Tsukuba (Japan), Tanegashima (Japan)",procurement@jaxa.jp,www.jaxa.jp/english,4.7,180,"$1,500,000,000",2003,1500,"Dr. Takashi Yamamoto, +81-50-3362-2999","ISO 9001, ISO 14001, MIL-STD-883, JAXA-QTS-2050",45,"Net 45, government appropriation",24,"MIL-STD-883, JAXA-QTS-2050","JAXA Environmental Program, Sustainable space development, Green satellite initiative",1,11.5%
Radiation-resistant electronics,Raytheon Intelligence & Space,"Arlington, Virginia, USA","Arlington (USA), El Segundo (USA), McKinney (USA)",space.procurement@rtx.com,www.raytheonintelligenceandspace.com,4.8,350,"$64,400,000,000",1922,180000,"Dr. James Wilson, +1-781-522-3000","ISO 9001, ISO 14001, MIL-STD-883, MIL-PRF-38535, ITAR",30,"Net 45",24,"MIL-STD-883, MIL-PRF-38535, ITAR","RTX 2050 Sustainability Goals, 10% reduction in greenhouse gas emissions by 2025, Sustainable space systems",1,7.5%
Radiation-resistant electronics,Airbus Defence and Space Electronics,"Munich, Germany","Munich (Germany), Portsmouth (UK), Madrid (Spain), Toulouse (France)",electronics.procurement@airbus.com,www.airbus.com/defence,4.8,380,"$78,900,000,000",2000,126000,"Dr. Hans Schmidt, +49-89-607-0","ISO 9001, ISO 14001, MIL-STD-883, ECSS-Q-ST-60",45,"Net 45",24,"MIL-STD-883, ECSS-Q-ST-60","Airbus Zero Emission Development, Sustainable aviation roadmap, Green space technology",1,9.5%
Thermal barriers,General Electric Power,"Schenectady, New York, USA","Schenectady (USA), Greenville (USA), Belfort (France), Baden (Switzerland)",power.procurement@ge.com,www.gepower.com,4.9,580,"$22,100,000,000",1892,55000,"Dr. James Wilson, +1-518-385-2211","ISO 9001, ISO 14001, ASTM C1161, ASME BPVC, ISO 15366",45,"Net 45",24,"ASTM C1161, ASME BPVC, ISO 15366","Carbon neutral by 2030, 100% renewable energy in operations by 2035, Circular economy initiative",1,8.5%
Thermal barriers,Siemens Energy,"Munich, Germany","Munich (Germany), Berlin (Germany), Orlando (USA), Shanghai (China)",energy.procurement@siemens-energy.com,www.siemens-energy.com,4.8,520,"$34,200,000,000",2020,91000,"Dr. Hans Schmidt, +49-89-636-00","ISO 9001, ISO 14001, ASTM C1161, ASME BPVC, ISO 15366",30,"Net 45",24,"ASTM C1161, ASME BPVC, ISO 15366","Climate neutral operations by 2030, Sustainable energy solutions, Decarbonization roadmap",1,9.5%
Thermal barriers,Mitsubishi Heavy Industries,"Tokyo, Japan","Tokyo (Japan), Nagasaki (Japan), Houston (USA), London (UK)",thermal.procurement@mhi.com,www.mhi.com,4.7,480,"$37,700,000,000",1884,80000,"Dr. Takashi Yamamoto, +81-3-6716-3111","ISO 9001, ISO 14001, ASTM C1161, ASME BPVC, ISO 15366",45,"Net 60",24,"ASTM C1161, ASME BPVC, ISO 15366","MHI Group Carbon Neutral 2040, Triple Zero emission target, Sustainable energy systems",1,10.5%
Thermal barriers,Praxair Surface Technologies,"Indianapolis, Indiana, USA","Indianapolis (USA), Changzhou (China), Peynier (France), Maia (Portugal)",surface.procurement@praxair.com,www.praxairsurfacetechnologies.com,4.8,280,"$12,000,000,000",1957,24000,"Dr. Michael Wilson, +1-317-240-2500","ISO 9001, ISO 14001, ASTM C1161, ASME BPVC, ISO 15366",21,"Net 30",12,"ASTM C1161, ASME BPVC, ISO 15366","Sustainable Coatings Initiative, 35% reduction in carbon intensity by 2028, Zero waste program",1,11.5%
Thermal barriers,Rolls-Royce Thermal Systems,"Derby, United Kingdom","Derby (UK), Indianapolis (USA), Singapore, Berlin (Germany)",thermal.procurement@rolls-royce.com,www.rolls-royce.com,4.9,420,"$19,500,000,000",1906,50000,"Dr. Elizabeth Taylor, +44-1332-242424","ISO 9001, ISO 14001, ASTM C1161, ASME BPVC, ISO 15366",30,"Net 45",24,"ASTM C1161, ASME BPVC, ISO 15366","Net zero carbon operations by 2030, Sustainable power systems, Circular economy approach",1,7.5%
Thermal barriers,Oerlikon Metco,"Pfäffikon, Switzerland","Pfäffikon (Switzerland), Westbury (USA), Wohlen (Switzerland), Singapore",surface.procurement@oerlikon.com,www.oerlikon.com/metco,4.7,180,"$2,600,000,000",1933,12000,"Dr. Lukas Weber, +41-58-274-2000","ISO 9001, ISO 14001, ASTM C1161, ASME BPVC, ISO 15366",21,"Net 30",12,"ASTM C1161, ASME BPVC, ISO 15366","Oerlikon Sustainability Framework, 30% reduction in CO2 emissions by 2030, Resource efficiency program",1,12.5%
Thermal barriers,Ansaldo Energia,"Genoa, Italy","Genoa (Italy), Baden (Switzerland), Shanghai (China)",procurement@ansaldoenergia.com,www.ansaldoenergia.com,4.6,250,"$1,500,000,000",1853,4000,"Dr. Marco Rossi, +39-010-655-8111","ISO 9001, ISO 14001, ASTM C1161, ASME BPVC, ISO 15366",30,"Net 45",24,"ASTM C1161, ASME BPVC, ISO 15366","Ansaldo Green Transition Plan, Carbon neutrality by 2030, Sustainable energy solutions",1,13.5%
Thermal barriers,Solar Turbines (Caterpillar),"San Diego, California, USA","San Diego (USA), Houston (USA), Monterrey (Mexico), Moscow (Russia)",turbines.procurement@solarturbines.com,www.solarturbines.com,4.7,320,"$54,700,000,000",1927,8500,"Dr. Thomas Martinez, +1-619-544-5000","ISO 9001, ISO 14001, ASTM C1161, ASME BPVC, ISO 15366",30,"Net 45",24,"ASTM C1161, ASME BPVC, ISO 15366","Caterpillar 2030 Sustainability Goals, 30% reduction in operational emissions, Energy transition solutions",1,9.5%
Thermal barriers,Howmet Aerospace,"Pittsburgh, Pennsylvania, USA","Pittsburgh (USA), Cleveland (USA), Whitehall (USA), Exeter (UK)",thermal.procurement@howmet.com,www.howmet.com,4.8,280,"$5,200,000,000",2020,19000,"Dr. Robert Chen, +1-412-553-1400","ISO 9001, ISO 14001, ASTM C1161, ASME BPVC, ISO 15366",21,"Net 30",12,"ASTM C1161, ASME BPVC, ISO 15366","Howmet Environmental Sustainability Vision, 50% reduction in carbon emissions by 2040, Sustainable manufacturing",1,10.5%
Electronic packaging,Kyocera Corporation,"Kyoto, Japan","Kyoto (Japan), San Diego (USA), Vancouver (Canada), Mannheim (Germany)",electronic.procurement@kyocera.jp,www.global.kyocera.com,4.9,420,"$14,900,000,000",1959,75500,"Dr. Takashi Yamamoto, +81-75-604-3500","ISO 9001, ISO 14001, JEDEC JESD22, MIL-STD-883, IPC-4101, RoHS",30,"Net 45",24,"JEDEC JESD22, MIL-STD-883, IPC-4101","Kyocera Environmental Vision 2030, Green factories initiative, Sustainable product design",1,9.5%
Electronic packaging,Amkor Technology,"Tempe, Arizona, USA","Tempe (USA), Shanghai (China), Seoul (South Korea), Kuala Lumpur (Malaysia)",procurement@amkor.com,www.amkor.com,4.8,350,"$5,100,000,000",1968,29800,"Dr. Sarah Johnson, +1-480-821-5000","ISO 9001, ISO 14001, JEDEC JESD22, MIL-STD-883, IPC-4101, RoHS",21,"Net 30",12,"JEDEC JESD22, MIL-STD-883, IPC-4101","Amkor Sustainability Program, 25% reduction in carbon emissions by 2030, Responsible manufacturing",1,11.5%
Electronic packaging,CPS Technologies Corporation,"Norton, Massachusetts, USA","Norton (USA), Attleboro (USA)",sales@alsic.com,www.alsic.com,4.7,45,"$29,000,000",1984,110,"Dr. Michael Wilson, +1-508-222-0614","ISO 9001, ISO 14001, JEDEC JESD22, MIL-STD-883, IPC-4101, RoHS",21,"Net 30",12,"JEDEC JESD22, MIL-STD-883, IPC-4101","CPS Green Initiative, Energy-efficient manufacturing, Sustainable materials program",2,14.5%
Electronic packaging,Materion Corporation,"Mayfield Heights, Ohio, USA","Mayfield Heights (USA), Buffalo (USA), Reading (UK), Shanghai (China)",advanced.materials@materion.com,www.materion.com,4.8,180,"$1,200,000,000",1931,2600,"Dr. Robert Chen, +1-216-486-4200","ISO 9001, ISO 14001, JEDEC JESD22, MIL-STD-883, IPC-4101, RoHS",21,"Net 30",12,"JEDEC JESD22, MIL-STD-883, IPC-4101","Materion Sustainability Framework, 35% reduction in greenhouse gas emissions by 2030, Responsible sourcing",1,10.5%
Electronic packaging,Sumitomo Electric Industries,"Osaka, Japan","Osaka (Japan), Tokyo (Japan), San Jose (USA), Düsseldorf (Germany)",packaging.procurement@sei.co.jp,www.global-sei.com,4.8,320,"$29,300,000,000",1897,280000,"Dr. Hiroshi Tanaka, +81-6-6220-4141","ISO 9001, ISO 14001, JEDEC JESD22, MIL-STD-883, IPC-4101, RoHS",30,"Net 45",24,"JEDEC JESD22, MIL-STD-883, IPC-4101","SEI Group Environmental Policy, Carbon neutral by 2050, Eco-friendly product design",1,8.5%
Electronic packaging,Plansee Group,"Reutte, Austria","Reutte (Austria), Franklin (USA), Shanghai (China), Tokyo (Japan)",electronic.procurement@plansee.com,www.plansee.com,4.7,180,"$1,500,000,000",1921,2500,"Dr. Klaus Weber, +43-5672-600-0","ISO 9001, ISO 14001, JEDEC JESD22, MIL-STD-883, IPC-4101, RoHS",21,"Net 30",12,"JEDEC JESD22, MIL-STD-883, IPC-4101","Plansee Sustainability Strategy, Energy efficiency program, Responsible materials sourcing",1,12.5%
Electronic packaging,Micross Components,"Orlando, Florida, USA","Orlando (USA), Crewe (UK), Bordeaux (France), Hsinchu (Taiwan)",procurement@micross.com,www.micross.com,4.6,150,"$250,000,000",1978,1000,"Dr. Thomas Martinez, +1-407-298-7100","ISO 9001, ISO 14001, JEDEC JESD22, MIL-STD-883, IPC-4101, RoHS",21,"Net 30",12,"JEDEC JESD22, MIL-STD-883, IPC-4101","Micross Environmental Policy, Sustainable packaging initiative, Energy conservation program",2,15.5%
Electronic packaging,Hermetic Solutions Group,"Trevose, Pennsylvania, USA","Trevose (USA), Willow Grove (USA), Manchester (UK), Rouen (France)",procurement@hermeticsolutions.com,www.hermeticsolutions.com,4.7,120,"$180,000,000",2016,500,"Dr. James Wilson, +1-267-470-2500","ISO 9001, ISO 14001, JEDEC JESD22, MIL-STD-883, IPC-4101, RoHS",14,"Net 30",6,"JEDEC JESD22, MIL-STD-883, IPC-4101","HSG Sustainability Initiative, Energy-efficient manufacturing, Responsible materials program",2,16.5%
Electronic packaging,NGK Insulators,"Nagoya, Japan","Nagoya (Japan), Tokyo (Japan), Detroit (USA), Düsseldorf (Germany)",electronic.procurement@ngk.co.jp,www.ngk-insulators.com/en,4.8,280,"$4,300,000,000",1919,20000,"Dr. Takashi Yamamoto, +81-52-872-7181","ISO 9001, ISO 14001, JEDEC JESD22, MIL-STD-883, IPC-4101, RoHS",30,"Net 45",24,"JEDEC JESD22, MIL-STD-883, IPC-4101","NGK Environmental Vision, Carbon neutrality by 2050, Sustainable manufacturing initiative",1,10.5%
Heat sinks,Thermal Solutions Inc.,"San Jose, California, USA","San Jose (USA), Austin (USA), Taipei (Taiwan), Shenzhen (China)",procurement@thermalsolutions.com,www.thermalsolutions.com,4.8,180,"$350,000,000",1998,1200,"Dr. Michael Chen, +1-408-432-1500","ISO 9001, ISO 14001, ASTM E1461, MIL-STD-810, RoHS, ASTM F1072",21,"Net 30",12,"ASTM E1461, MIL-STD-810, ASTM F1072","TSI Green Initiative, 40% reduction in carbon footprint by 2030, Sustainable thermal management",1,11.5%
Heat sinks,CPS Technologies Corporation,"Norton, Massachusetts, USA","Norton (USA), Attleboro (USA)",sales@alsic.com,www.alsic.com,4.7,45,"$29,000,000",1984,110,"Dr. Michael Wilson, +1-508-222-0614","ISO 9001, ISO 14001, ASTM E1461, MIL-STD-810, RoHS, ASTM F1072",21,"Net 30",12,"ASTM E1461, MIL-STD-810, ASTM F1072","CPS Green Initiative, Energy-efficient manufacturing, Sustainable materials program",2,14.5%
Heat sinks,Zaward Corporation,"Taipei, Taiwan","Taipei (Taiwan), Dongguan (China), San Jose (USA)",procurement@zaward.com,www.zaward.com,4.6,120,"$180,000,000",1992,800,"Dr. Wei-Cheng Lin, +886-2-2999-1000","ISO 9001, ISO 14001, ASTM E1461, MIL-STD-810, RoHS, ASTM F1072",14,"Net 30",6,"ASTM E1461, MIL-STD-810, ASTM F1072","Zaward Eco-Cooling Initiative, Green manufacturing process, Sustainable thermal solutions",2,15.5%
Heat sinks,Aavid Thermalloy (Boyd Corporation),"Laconia, New Hampshire, USA","Laconia (USA), Shenzhen (China), Taipei (Taiwan), Milan (Italy)",procurement@boydcorp.com,www.boydcorp.com,4.9,280,"$1,000,000,000",1964,3500,"Dr. Sarah Johnson, +1-603-528-3400","ISO 9001, ISO 14001, ASTM E1461, MIL-STD-810, RoHS, ASTM F1072",21,"Net 30",12,"ASTM E1461, MIL-STD-810, ASTM F1072","Boyd Sustainability Program, 30% reduction in greenhouse gas emissions by 2030, Eco-friendly thermal solutions",1,9.5%
Heat sinks,Materion Corporation,"Mayfield Heights, Ohio, USA","Mayfield Heights (USA), Buffalo (USA), Reading (UK), Shanghai (China)",advanced.materials@materion.com,www.materion.com,4.8,180,"$1,200,000,000",1931,2600,"Dr. Robert Chen, +1-216-486-4200","ISO 9001, ISO 14001, ASTM E1461, MIL-STD-810, RoHS, ASTM F1072",21,"Net 30",12,"ASTM E1461, MIL-STD-810, ASTM F1072","Materion Sustainability Framework, 35% reduction in greenhouse gas emissions by 2030, Responsible sourcing",1,10.5%
Heat sinks,Foxconn Technology Group,"New Taipei City, Taiwan","New Taipei City (Taiwan), Shenzhen (China), Chennai (India), Juarez (Mexico)",thermal.procurement@foxconn.com,www.foxconn.com,4.7,850,"$175,600,000,000",1974,878429,"Dr. Wei-Cheng Lin, +886-2-2268-3466","ISO 9001, ISO 14001, ASTM E1461, MIL-STD-810, RoHS, ASTM F1072",30,"Net 45",24,"ASTM E1461, MIL-STD-810, ASTM F1072","Foxconn Carbon Neutral 2050, Green manufacturing initiative, Sustainable electronics program",1,8.5%
Heat sinks,Alpha Novatech Inc.,"Irvine, California, USA","Irvine (USA), Taipei (Taiwan), Shenzhen (China)",sales@alphanovatech.com,www.alphanovatech.com,4.6,80,"$75,000,000",1995,350,"Dr. Thomas Martinez, +1-949-582-9666","ISO 9001, ISO 14001, ASTM E1461, MIL-STD-810, RoHS, ASTM F1072",14,"Net 30",6,"ASTM E1461, MIL-STD-810, ASTM F1072","Alpha Green Cooling Initiative, Energy-efficient manufacturing, Sustainable thermal management",2,16.5%
Heat sinks,Wakefield-Vette,"Pelham, New Hampshire, USA","Pelham (USA), Taipei (Taiwan), Shenzhen (China)",procurement@wakefield-vette.com,www.wakefield-vette.com,4.7,120,"$150,000,000",1962,600,"Dr. James Wilson, +1-603-635-2800","ISO 9001, ISO 14001, ASTM E1461, MIL-STD-810, RoHS, ASTM F1072",21,"Net 30",12,"ASTM E1461, MIL-STD-810, ASTM F1072","Wakefield Sustainability Program, 25% reduction in carbon footprint by 2030, Eco-friendly thermal solutions",2,13.5%
Heat sinks,Denso Corporation,"Kariya, Japan","Kariya (Japan), Battle Creek (USA), Southfield (USA), Düsseldorf (Germany)",thermal.procurement@denso.co.jp,www.denso.com/global,4.8,320,"$44,600,000,000",1949,168391,"Dr. Takashi Yamamoto, +81-566-25-5511","ISO 9001, ISO 14001, ASTM E1461, MIL-STD-810, RoHS, ASTM F1072",30,"Net 45",24,"ASTM E1461, MIL-STD-810, ASTM F1072","DENSO Eco Vision 2025, Carbon neutral by 2035, Sustainable mobility solutions",1,9.5%
Microwave housings,Ericsson Radio Systems,"Stockholm, Sweden","Stockholm (Sweden), Plano (USA), Ottawa (Canada), Atsugi (Japan)",rf.procurement@ericsson.com,www.ericsson.com,4.9,580,"$25,300,000,000",1876,100000,"Dr. Lars Svensson, +46-10-719-0000","ISO 9001, ISO 14001, MIL-STD-461, IEC 61000, RoHS, ASTM F1072",45,"Net 60",24,"MIL-STD-461, IEC 61000, ASTM F1072","Ericsson Carbon Neutral 2030, Breaking the Energy Curve initiative, Sustainable 5G deployment",1,8.5%
Microwave housings,Nokia Networks,"Espoo, Finland","Espoo (Finland), Murray Hill (USA), Paris (France), Bangalore (India)",rf.procurement@nokia.com,www.nokia.com,4.8,520,"$23,300,000,000",1865,92000,"Dr. Matti Virtanen, +358-10-44-88-000","ISO 9001, ISO 14001, MIL-STD-461, IEC 61000, RoHS, ASTM F1072",45,"Net 60",24,"MIL-STD-461, IEC 61000, ASTM F1072","Nokia Zero Emission commitment, Circular economy approach, Sustainable telecom infrastructure",1,9.5%
Microwave housings,Huawei Technologies,"Shenzhen, China","Shenzhen (China), Munich (Germany), Bangalore (India), Ottawa (Canada)",rf.procurement@huawei.com,www.huawei.com,4.7,850,"$136,700,000,000",1987,195000,"Dr. Wei Zhang, +86-755-28780808","ISO 9001, ISO 14001, MIL-STD-461, IEC 61000, RoHS, ASTM F1072",30,"Net 45",24,"MIL-STD-461, IEC 61000, ASTM F1072","Huawei Digital Power, Green 5G/6G initiative, Tech for a Better Planet program",1,10.5%
Microwave housings,Cobham Advanced Electronic Solutions,"Arlington, Virginia, USA","Arlington (USA), San Jose (USA), Lansdale (USA), Exeter (UK)",rf.procurement@caes.com,www.caes.com,4.8,280,"$1,200,000,000",1934,3500,"Dr. James Wilson, +1-703-414-5300","ISO 9001, ISO 14001, MIL-STD-461, IEC 61000, RoHS, ASTM F1072",30,"Net 45",24,"MIL-STD-461, IEC 61000, ASTM F1072","CAES Sustainability Program, 30% reduction in carbon footprint by 2030, Eco-friendly RF solutions",1,11.5%
Microwave housings,Anaren Microwave (TTM Technologies),"East Syracuse, New York, USA","East Syracuse (USA), Salem (USA), Suzhou (China)",rf.procurement@ttm.com,www.ttm.com,4.7,180,"$2,200,000,000",1967,17000,"Dr. Michael Chen, +1-315-432-8909","ISO 9001, ISO 14001, MIL-STD-461, IEC 61000, RoHS, ASTM F1072",21,"Net 30",12,"MIL-STD-461, IEC 61000, ASTM F1072","TTM Sustainability Vision, 40% reduction in greenhouse gas emissions by 2030, Green manufacturing",1,12.5%
Microwave housings,Kyocera Corporation,"Kyoto, Japan","Kyoto (Japan), San Diego (USA), Vancouver (Canada), Mannheim (Germany)",electronic.procurement@kyocera.jp,www.global.kyocera.com,4.8,420,"$14,900,000,000",1959,75500,"Dr. Takashi Yamamoto, +81-75-604-3500","ISO 9001, ISO 14001, MIL-STD-461, IEC 61000, RoHS, ASTM F1072",30,"Net 45",24,"MIL-STD-461, IEC 61000, ASTM F1072","Kyocera Environmental Vision 2030, Green factories initiative, Sustainable product design",1,9.5%
Microwave housings,Radiall,"Aubervilliers, France","Aubervilliers (France), New Haven (USA), Shanghai (China), Bangalore (India)",procurement@radiall.com,www.radiall.com,4.7,180,"$420,000,000",1952,3300,"Dr. Pierre Dubois, +33-1-49-35-35-35","ISO 9001, ISO 14001, MIL-STD-461, IEC 61000, RoHS, ASTM F1072",30,"Net 45",24,"MIL-STD-461, IEC 61000, ASTM F1072","Radiall Green Initiative, Sustainable RF solutions, Energy-efficient manufacturing",1,13.5%
Microwave housings,Smiths Interconnect,"London, United Kingdom","London (UK), Stuart (USA), Costa Mesa (USA), Suzhou (China)",rf.procurement@smithsinterconnect.com,www.smithsinterconnect.com,4.8,250,"$550,000,000",1851,7500,"Dr. Elizabeth Taylor, +44-20-7004-1600","ISO 9001, ISO 14001, MIL-STD-461, IEC 61000, RoHS, ASTM F1072",30,"Net 45",24,"MIL-STD-461, IEC 61000, ASTM F1072","Smiths Group Sustainability Charter, Net zero operations by 2040, Sustainable RF technology",1,10.5%
Microwave housings,CTS Corporation,"Lisle, Illinois, USA","Lisle (USA), Albuquerque (USA), Glasgow (UK), Tianjin (China)",rf.procurement@ctscorp.com,www.ctscorp.com,4.6,180,"$468,000,000",1896,3000,"Dr. Thomas Martinez, +1-630-577-8800","ISO 9001, ISO 14001, MIL-STD-461, IEC 61000, RoHS, ASTM F1072",21,"Net 30",12,"MIL-STD-461, IEC 61000, ASTM F1072","CTS Sustainability Program, 25% reduction in carbon footprint by 2030, Eco-friendly RF solutions",2,14.5%
Power electronics substrates,Infineon Technologies,"Neubiberg, Germany","Neubiberg (Germany), Villach (Austria), San Jose (USA), Shanghai (China)",power.procurement@infineon.com,www.infineon.com,4.9,580,"$11,100,000,000",1999,50280,"Dr. Klaus Weber, +49-89-234-0","ISO 9001, ISO 14001, IEC 62477-1, UL 746, RoHS, ASTM F1072",45,"Net 60",24,"IEC 62477-1, UL 746, ASTM F1072","Infineon Carbon Neutral 2030, Green power electronics initiative, Sustainable semiconductor manufacturing",1,8.5%
Power electronics substrates,ON Semiconductor,"Phoenix, Arizona, USA","Phoenix (USA), Bucheon (South Korea), Roznov (Czech Republic), Suzhou (China)",power.procurement@onsemi.com,www.onsemi.com,4.8,350,"$6,700,000,000",1999,34800,"Dr. Sarah Johnson, +1-602-244-6600","ISO 9001, ISO 14001, IEC 62477-1, UL 746, RoHS, ASTM F1072",30,"Net 45",24,"IEC 62477-1, UL 746, ASTM F1072","ON Semiconductor Intelligent Power Blueprint, 50% reduction in carbon emissions by 2030, Sustainable power solutions",1,9.5%
Power electronics substrates,CPS Technologies Corporation,"Norton, Massachusetts, USA","Norton (USA), Attleboro (USA)",sales@alsic.com,www.alsic.com,4.7,45,"$29,000,000",1984,110,"Dr. Michael Wilson, +1-508-222-0614","ISO 9001, ISO 14001, IEC 62477-1, UL 746, RoHS, ASTM F1072",21,"Net 30",12,"IEC 62477-1, UL 746, ASTM F1072","CPS Green Initiative, Energy-efficient manufacturing, Sustainable materials program",2,14.5%
Power electronics substrates,Mitsubishi Electric,"Tokyo, Japan","Tokyo (Japan), Nagoya (Japan), Raleigh (USA), Düsseldorf (Germany)",power.procurement@melco.co.jp,www.mitsubishielectric.com,4.8,480,"$40,700,000,000",1921,145817,"Dr. Takashi Yamamoto, +81-3-3218-2111","ISO 9001, ISO 14001, IEC 62477-1, UL 746, RoHS, ASTM F1072",45,"Net 60",24,"IEC 62477-1, UL 746, ASTM F1072","Mitsubishi Environmental Vision 2050, Carbon neutral by 2050, Sustainable power electronics",1,10.5%
Power electronics substrates,Danfoss Silicon Power,"Flensburg, Germany","Flensburg (Germany), Utica (USA), Kolding (Denmark)",power.procurement@danfoss.com,www.siliconpower.danfoss.com,4.7,180,"$7,500,000,000",1933,28000,"Dr. Hans Schmidt, +49-461-4915-0","ISO 9001, ISO 14001, IEC 62477-1, UL 746, RoHS, ASTM F1072",30,"Net 45",24,"IEC 62477-1, UL 746, ASTM F1072","Danfoss Going Green, Energy-efficient power modules, Sustainable manufacturing",1,11.5%
Power electronics substrates,Fuji Electric,"Tokyo, Japan","Tokyo (Japan), Edison (USA), Frankfurt (Germany), Shanghai (China)",power.procurement@fujielectric.com,www.fujielectric.com,4.8,320,"$8,300,000,000",1923,27416,"Dr. Hiroshi Tanaka, +81-3-5435-7111","ISO 9001, ISO 14001, IEC 62477-1, UL 746, RoHS, ASTM F1072",30,"Net 45",24,"IEC 62477-1, UL 746, ASTM F1072","Fuji Electric Environmental Vision 2050, Clean energy solutions, Sustainable power electronics",1,9.5%
Power electronics substrates,Semikron,"Nuremberg, Germany","Nuremberg (Germany), Hudson (USA), Shenzen (China), Bangalore (India)",procurement@semikron.com,www.semikron.com,4.7,180,"$950,000,000",1951,3000,"Dr. Klaus Weber, +49-911-6559-0","ISO 9001, ISO 14001, IEC 62477-1, UL 746, RoHS, ASTM F1072",30,"Net 45",24,"IEC 62477-1, UL 746, ASTM F1072","Semikron Green Power Initiative, Energy-efficient manufacturing, Sustainable power modules",1,12.5%
Power electronics substrates,Hitachi Energy,"Zurich, Switzerland","Zurich (Switzerland), Raleigh (USA), Bangalore (India), Shanghai (China)",power.procurement@hitachienergy.com,www.hitachienergy.com,4.8,350,"$10,000,000,000",2020,36000,"Dr. Lukas Weber, +41-43-317-7111","ISO 9001, ISO 14001, IEC 62477-1, UL 746, RoHS, ASTM F1072",45,"Net 60",24,"IEC 62477-1, UL 746, ASTM F1072","Hitachi Carbon Neutrality 2030, Sustainable energy solutions, Eco-friendly power systems",1,10.5%
Power electronics substrates,Vishay Intertechnology,"Malvern, Pennsylvania, USA","Malvern (USA), Selb (Germany), Shanghai (China), Taipei (Taiwan)",power.procurement@vishay.com,www.vishay.com,4.6,280,"$3,100,000,000",1962,22300,"Dr. James Wilson, +1-610-644-1300","ISO 9001, ISO 14001, IEC 62477-1, UL 746, RoHS, ASTM F1072",21,"Net 30",12,"IEC 62477-1, UL 746, ASTM F1072","Vishay Sustainability Program, 25% reduction in carbon footprint by 2030, Eco-friendly power solutions",1,13.5%
Lightweight aerospace structures,Boeing Commercial Airplanes,"Seattle, Washington, USA","Seattle (USA), Charleston (USA), St. Louis (USA), Everett (USA)",aerospace.procurement@boeing.com,www.boeing.com,4.9,580,"$76,600,000,000",1916,141000,"Dr. James Wilson, +1-206-655-2121","ISO 9001, ISO 14001, AS9100D, RTCA DO-160, ASTM E2792, RoHS",60,"Net 60",36,"AS9100D, RTCA DO-160, ASTM E2792","Boeing 2050 Environmental Strategy, Sustainable aviation fuel initiative, Eco-Demonstrator program",1,8.5%
Lightweight aerospace structures,Airbus,"Toulouse, France","Toulouse (France), Hamburg (Germany), Mobile (USA), Tianjin (China)",aerospace.procurement@airbus.com,www.airbus.com,4.8,580,"$78,900,000,000",1970,126000,"Dr. Pierre Dubois, +33-5-61-93-33-33","ISO 9001, ISO 14001, AS9100D, RTCA DO-160, ASTM E2792, RoHS",60,"Net 60",36,"AS9100D, RTCA DO-160, ASTM E2792","Airbus Zero Emission Development, Sustainable aviation roadmap, Green space technology",1,9.5%
Lightweight aerospace structures,Lockheed Martin Aeronautics,"Fort Worth, Texas, USA","Fort Worth (USA), Marietta (USA), Palmdale (USA), Greenville (USA)",aeronautics.procurement@lmco.com,www.lockheedmartin.com,4.8,480,"$67,000,000,000",1912,114000,"Dr. Thomas Martinez, +1-817-935-4000","ISO 9001, ISO 14001, AS9100D, RTCA DO-160, ASTM E2792, RoHS",45,"Net 60",36,"AS9100D, RTCA DO-160, ASTM E2792","Lockheed Martin Sustainability Management Plan, 35% reduction in carbon emissions by 2030, Sustainable aerospace",1,10.5%
Lightweight aerospace structures,Northrop Grumman Aerospace Systems,"Falls Church, Virginia, USA","Falls Church (USA), Redondo Beach (USA), Palmdale (USA), Melbourne (USA)",aerospace.procurement@ngc.com,www.northropgrumman.com,4.7,420,"$36,800,000,000",1939,90000,"Dr. Sarah Johnson, +1-703-280-2900","ISO 9001, ISO 14001, AS9100D, RTCA DO-160, ASTM E2792, RoHS",45,"Net 60",36,"AS9100D, RTCA DO-160, ASTM E2792","Northrop Grumman 2030 Sustainability Goals, Net zero greenhouse gas emissions by 2035, Sustainable space systems",1,11.5%
Lightweight aerospace structures,SpaceX,"Hawthorne, California, USA","Hawthorne (USA), McGregor (USA), Cape Canaveral (USA), Boca Chica (USA)",procurement@spacex.com,www.spacex.com,4.9,350,"$2,000,000,000",2002,10000,"Dr. Michael Chen, +1-310-363-6000","ISO 9001, ISO 14001, AS9100D, RTCA DO-160, ASTM E2792, RoHS",30,"Net 45",24,"AS9100D, RTCA DO-160, ASTM E2792","SpaceX Sustainability Initiative, Reusable rocket technology, Carbon-neutral operations by 2030",1,9.5%
Lightweight aerospace structures,Safran Aircraft Engines,"Paris, France","Paris (France), Cincinnati (USA), Villaroche (France), Queretaro (Mexico)",procurement@safran-group.com,www.safran-group.com,4.8,320,"$21,200,000,000",2005,95000,"Dr. Pierre Dubois, +33-1-40-60-80-80","ISO 9001, ISO 14001, AS9100D, RTCA DO-160, ASTM E2792, RoHS",45,"Net 60",36,"AS9100D, RTCA DO-160, ASTM E2792","Safran Climate Strategy 2025, Sustainable aviation fuels initiative, Eco-design approach",1,10.5%
Lightweight aerospace structures,Embraer,"São José dos Campos, Brazil","São José dos Campos (Brazil), Melbourne (USA), Evora (Portugal), Nashville (USA)",procurement@embraer.com.br,www.embraer.com,4.7,280,"$4,200,000,000",1969,18000,"Dr. Carlos Silva, +55-12-3927-1000","ISO 9001, ISO 14001, AS9100D, RTCA DO-160, ASTM E2792, RoHS",45,"Net 60",24,"AS9100D, RTCA DO-160, ASTM E2792","Embraer Environmental Strategy, Zero Carbon Aviation program, Sustainable aircraft development",1,12.5%
Lightweight aerospace structures,Honeywell Aerospace,"Phoenix, Arizona, USA","Phoenix (USA), Clearwater (USA), Torrance (USA), Brno (Czech Republic)",aerospace.procurement@honeywell.com,www.aerospace.honeywell.com,4.8,350,"$34,400,000,000",1906,110000,"Dr. Sarah Johnson, +1-602-231-1000","ISO 9001, ISO 14001, AS9100D, RTCA DO-160, ASTM E2792, RoHS",30,"Net 45",24,"AS9100D, RTCA DO-160, ASTM E2792","Honeywell Commitment to Carbon Neutrality, Sustainable aviation technology, Green aviation initiative",1,9.5%
Lightweight aerospace structures,GKN Aerospace,"Redditch, United Kingdom","Redditch (UK), St. Louis (USA), Trollhättan (Sweden), Filton (UK)",procurement@gknaerospace.com,www.gknaerospace.com,4.7,250,"$4,100,000,000",1759,18000,"Dr. Elizabeth Taylor, +44-1527-517-715","ISO 9001, ISO 14001, AS9100D, RTCA DO-160, ASTM E2792, RoHS",45,"Net 60",24,"AS9100D, RTCA DO-160, ASTM E2792","GKN Aerospace Sustainability Strategy, 50% reduction in emissions by 2030, Sustainable aviation materials",1,13.5%
Precision optical mounts,Edmund Optics,"Barrington, New Jersey, USA","Barrington (USA), Tucson (USA), York (UK), Singapore (Singapore)",procurement@edmundoptics.com,www.edmundoptics.com,4.8,120,"$310,000,000",1942,1100,"Dr. Samuel Johnson, +1-856-547-3488","ISO 9001, ISO 14001, ISO 10110, MIL-STD-810, RoHS, ASTM F1072",21,"Net 30",12,"ISO 10110, MIL-STD-810, ASTM F1072","Edmund Optics Green Initiative, Sustainable optics manufacturing, Energy-efficient facilities",2,12.5%
Precision optical mounts,Thorlabs,"Newton, New Jersey, USA","Newton (USA), Ely (UK), Bergkirchen (Germany), Shanghai (China)",procurement@thorlabs.com,www.thorlabs.com,4.9,90,"$550,000,000",1989,2300,"Dr. Michael Wilson, +1-973-579-7227","ISO 9001, ISO 14001, ISO 10110, MIL-STD-810, RoHS, ASTM F1072",14,"Net 30",12,"ISO 10110, MIL-STD-810, ASTM F1072","Thorlabs Sustainability Program, Carbon-neutral operations by 2030, Eco-friendly packaging",1,9.5%
Precision optical mounts,Newport Corporation,"Irvine, California, USA","Irvine (USA), Rochester (USA), Wuxi (China), Evry (France)",procurement@newport.com,www.newport.com,4.7,120,"$650,000,000",1969,2500,"Dr. Jennifer Lee, +1-949-863-3144","ISO 9001, ISO 14001, ISO 10110, MIL-STD-810, RoHS, ASTM F1072",21,"Net 30",12,"ISO 10110, MIL-STD-810, ASTM F1072","Newport Green Photonics Initiative, Sustainable manufacturing, Energy-efficient operations",1,11.5%
Precision optical mounts,ZYGO Corporation,"Middlefield, Connecticut, USA","Middlefield (USA), Tucson (USA), Richmond (USA), Dresden (Germany)",procurement@zygo.com,www.zygo.com,4.8,90,"$180,000,000",1970,500,"Dr. Thomas Martinez, +1-860-347-8506","ISO 9001, ISO 14001, ISO 10110, MIL-STD-810, RoHS, ASTM F1072",21,"Net 30",12,"ISO 10110, MIL-STD-810, ASTM F1072","ZYGO Sustainability Program, Energy-efficient manufacturing, Eco-friendly metrology solutions",1,10.5%
Precision optical mounts,TRIOPTICS GmbH,"Wedel, Germany","Wedel (Germany), Wetzlar (Germany), Beijing (China), Irvine (USA)",procurement@trioptics.com,www.trioptics.com,4.7,60,"$120,000,000",1991,400,"Dr. Hans Schmidt, +49-4103-18006-0","ISO 9001, ISO 14001, ISO 10110, MIL-STD-810, RoHS, ASTM F1072",30,"Net 45",12,"ISO 10110, MIL-STD-810, ASTM F1072","TRIOPTICS Green Optics Initiative, Sustainable optical manufacturing, Energy-efficient facilities",1,13.5%
Precision optical mounts,Coherent Inc.,"Santa Clara, California, USA","Santa Clara (USA), Göttingen (Germany), Glasgow (UK), Shanghai (China)",procurement@coherent.com,www.coherent.com,4.8,180,"$1,900,000,000",1966,5000,"Dr. Jennifer Lee, +1-408-764-4000","ISO 9001, ISO 14001, ISO 10110, MIL-STD-810, RoHS, ASTM F1072",30,"Net 45",24,"ISO 10110, MIL-STD-810, ASTM F1072","Coherent Sustainability Program, Carbon-neutral operations by 2035, Eco-friendly laser solutions",1,9.5%
Precision optical mounts,II-VI Incorporated,"Saxonburg, Pennsylvania, USA","Saxonburg (USA), Fuzhou (China), Santa Rosa (USA), Singapore (Singapore)",procurement@ii-vi.com,www.ii-vi.com,4.7,150,"$3,100,000,000",1971,22000,"Dr. James Wilson, +1-724-352-4455","ISO 9001, ISO 14001, ISO 10110, MIL-STD-810, RoHS, ASTM F1072",30,"Net 45",24,"ISO 10110, MIL-STD-810, ASTM F1072","II-VI Sustainability Vision, 50% reduction in carbon footprint by 2030, Sustainable photonics",1,12.5%
Precision optical mounts,Jenoptik AG,"Jena, Germany","Jena (Germany), Jupiter (USA), Huntsville (USA), Shanghai (China)",procurement@jenoptik.com,www.jenoptik.com,4.8,150,"$895,000,000",1991,4400,"Dr. Klaus Weber, +49-3641-65-0","ISO 9001, ISO 14001, ISO 10110, MIL-STD-810, RoHS, ASTM F1072",30,"Net 45",24,"ISO 10110, MIL-STD-810, ASTM F1072","Jenoptik Green Photonics, Sustainable manufacturing, Carbon-neutral operations by 2035",1,10.5%
Precision optical mounts,Melles Griot,"Rochester, New York, USA","Rochester (USA), Carlsbad (USA), Cambridge (UK), Tokyo (Japan)",procurement@mellesgriot.com,www.mellesgriot.com,4.7,90,"$150,000,000",1969,600,"Dr. Sarah Johnson, +1-585-244-7220","ISO 9001, ISO 14001, ISO 10110, MIL-STD-810, RoHS, ASTM F1072",21,"Net 30",12,"ISO 10110, MIL-STD-810, ASTM F1072","Melles Griot Sustainability Initiative, Energy-efficient manufacturing, Eco-friendly optical solutions",1,13.5%
Satellite components,Maxar Technologies,"Westminster, Colorado, USA","Westminster (USA), Palo Alto (USA), San Jose (USA), Ypsilanti (USA)",space.procurement@maxar.com,www.maxar.com,4.8,180,"$1,800,000,000",1969,4000,"Dr. James Wilson, +1-303-684-4000","ISO 9001, ISO 14001, NASA-STD-6016, MIL-STD-1540, ASTM E2792, RoHS",60,"Net 60",36,"NASA-STD-6016, MIL-STD-1540, ASTM E2792","Maxar Earth Intelligence, Sustainable space infrastructure, Space systems with reduced environmental impact",1,9.5%
Satellite components,Thales Alenia Space,"Cannes, France","Cannes (France), Rome (Italy), Turin (Italy), Madrid (Spain)",space.procurement@thalesaleniaspace.com,www.thalesaleniaspace.com,4.9,240,"$2,700,000,000",2005,7500,"Dr. Pierre Dubois, +33-4-92-92-70-00","ISO 9001, ISO 14001, NASA-STD-6016, MIL-STD-1540, ASTM E2792, RoHS",60,"Net 60",36,"NASA-STD-6016, MIL-STD-1540, ASTM E2792","Thales Space for Life, Sustainable satellite design, Green space technology",1,10.5%
Satellite components,Airbus Defence and Space,"Toulouse, France","Toulouse (France), Bremen (Germany), Stevenage (UK), Madrid (Spain)",space.procurement@airbus.com,www.airbus.com/space,4.8,320,"$11,400,000,000",2000,34000,"Dr. Thomas Martinez, +33-5-62-19-62-19","ISO 9001, ISO 14001, NASA-STD-6016, MIL-STD-1540, ASTM E2792, RoHS",60,"Net 60",36,"NASA-STD-6016, MIL-STD-1540, ASTM E2792","Airbus Zero Emission Space Systems, Sustainable satellite manufacturing, Green space initiative",1,8.5%
Satellite components,Northrop Grumman Space Systems,"Dulles, Virginia, USA","Dulles (USA), Redondo Beach (USA), Gilbert (USA), San Diego (USA)",space.procurement@ngc.com,www.northropgrumman.com/space,4.7,280,"$36,800,000,000",1939,90000,"Dr. Sarah Johnson, +1-703-406-5000","ISO 9001, ISO 14001, NASA-STD-6016, MIL-STD-1540, ASTM E2792, RoHS",45,"Net 60",36,"NASA-STD-6016, MIL-STD-1540, ASTM E2792","Northrop Grumman 2030 Sustainability Goals, Net zero greenhouse gas emissions by 2035, Sustainable space systems",1,11.5%
Satellite components,Ball Aerospace,"Boulder, Colorado, USA","Boulder (USA), Westminster (USA), Albuquerque (USA), Fairborn (USA)",space.procurement@ball.com,www.ball.com/aerospace,4.8,180,"$1,600,000,000",1956,5300,"Dr. Michael Chen, +1-303-939-4000","ISO 9001, ISO 14001, NASA-STD-6016, MIL-STD-1540, ASTM E2792, RoHS",45,"Net 60",24,"NASA-STD-6016, MIL-STD-1540, ASTM E2792","Ball Sustainability Vision, Sustainable space systems, Eco-friendly satellite technology",1,12.5%
Satellite components,Surrey Satellite Technology Ltd,"Guildford, United Kingdom","Guildford (UK), Denver (USA), Berlin (Germany), Tokyo (Japan)",procurement@sstl.co.uk,www.sstl.co.uk,4.7,120,"$150,000,000",1985,400,"Dr. Elizabeth Taylor, +44-1483-803-803","ISO 9001, ISO 14001, NASA-STD-6016, MIL-STD-1540, ASTM E2792, RoHS",45,"Net 60",24,"NASA-STD-6016, MIL-STD-1540, ASTM E2792","SSTL Sustainable Space Initiative, Low-impact satellite manufacturing, Green space technology",1,13.5%
Satellite components,OHB System AG,"Bremen, Germany","Bremen (Germany), Oberpfaffenhofen (Germany), Milan (Italy), Stockholm (Sweden)",procurement@ohb.de,www.ohb-system.de,4.7,150,"$1,100,000,000",1958,2400,"Dr. Hans Schmidt, +49-421-2020-0","ISO 9001, ISO 14001, NASA-STD-6016, MIL-STD-1540, ASTM E2792, RoHS",45,"Net 60",24,"NASA-STD-6016, MIL-STD-1540, ASTM E2792","OHB Sustainability Program, Eco-friendly satellite design, Sustainable space systems",1,10.5%
Satellite components,Mitsubishi Electric Space Systems,"Tokyo, Japan","Tokyo (Japan), Kamakura (Japan), Washington DC (USA), Paris (France)",space.procurement@melco.co.jp,www.mitsubishielectric.com/space,4.8,240,"$40,700,000,000",1921,145817,"Dr. Takashi Yamamoto, +81-3-3218-2111","ISO 9001, ISO 14001, NASA-STD-6016, MIL-STD-1540, ASTM E2792, RoHS",45,"Net 60",24,"NASA-STD-6016, MIL-STD-1540, ASTM E2792","Mitsubishi Environmental Vision 2050, Carbon neutral by 2050, Sustainable space systems",1,9.5%
Satellite components,Lockheed Martin Space,"Littleton, Colorado, USA","Littleton (USA), Sunnyvale (USA), Valley Forge (USA), Denver (USA)",space.procurement@lmco.com,www.lockheedmartin.com/space,4.9,320,"$67,000,000,000",1912,114000,"Dr. Thomas Martinez, +1-303-977-3000","ISO 9001, ISO 14001, NASA-STD-6016, MIL-STD-1540, ASTM E2792, RoHS",60,"Net 60",36,"NASA-STD-6016, MIL-STD-1540, ASTM E2792","Lockheed Martin Sustainability Management Plan, 35% reduction in carbon emissions by 2030, Sustainable space systems",1,8.5%
Satellite components,Sierra Space,"Louisville, Colorado, USA","Louisville (USA), Madison (USA), Durham (USA), Broomfield (USA)",procurement@sierraspace.com,www.sierraspace.com,4.7,120,"$500,000,000",2021,1100,"Dr. Michael Wilson, +1-303-530-1925","ISO 9001, ISO 14001, NASA-STD-6016, MIL-STD-1540, ASTM E2792, RoHS",30,"Net 45",24,"NASA-STD-6016, MIL-STD-1540, ASTM E2792","Sierra Space Sustainability Initiative, Green space economy, Eco-friendly space systems",1,12.5%
High-power LED packages,Cree LED,"Durham, North Carolina, USA","Durham (USA), Racine (USA), Huizhou (China), Hong Kong (China)",procurement@cree-led.com,www.cree-led.com,4.9,120,"$2,300,000,000",1987,6500,"Dr. James Wilson, +1-919-407-5300","ISO 9001, ISO 14001, IEC 62471, JEDEC JESD51, Energy Star, RoHS",21,"Net 30",12,"IEC 62471, JEDEC JESD51, Energy Star","Cree Carbon Neutral 2030, Sustainable lighting solutions, Energy-efficient manufacturing",1,8.5%
High-power LED packages,Lumileds,"San Jose, California, USA","San Jose (USA), Singapore (Singapore), Penang (Malaysia), Aachen (Germany)",procurement@lumileds.com,www.lumileds.com,4.8,90,"$1,700,000,000",1999,8500,"Dr. Sarah Johnson, +1-408-964-2900","ISO 9001, ISO 14001, IEC 62471, JEDEC JESD51, Energy Star, RoHS",21,"Net 30",12,"IEC 62471, JEDEC JESD51, Energy Star","Lumileds Sustainability Program, Eco-friendly LED solutions, Energy-efficient lighting",1,9.5%
High-power LED packages,OSRAM Opto Semiconductors,"Regensburg, Germany","Regensburg (Germany), Penang (Malaysia), Wuxi (China), Sunnyvale (USA)",procurement@osram-os.com,www.osram-os.com,4.8,120,"$5,300,000,000",1919,24600,"Dr. Hans Schmidt, +49-941-850-0","ISO 9001, ISO 14001, IEC 62471, JEDEC JESD51, Energy Star, RoHS",30,"Net 45",24,"IEC 62471, JEDEC JESD51, Energy Star","OSRAM Green Initiative, Carbon-neutral operations by 2030, Sustainable lighting solutions",1,10.5%
High-power LED packages,Seoul Semiconductor,"Ansan, South Korea","Ansan (South Korea), San Jose (USA), Shenzhen (China), Tokyo (Japan)",procurement@seoulsemicon.com,www.seoulsemicon.com,4.7,90,"$1,200,000,000",1992,10000,"Dr. Kim Sung-ho, +82-31-362-8000","ISO 9001, ISO 14001, IEC 62471, JEDEC JESD51, Energy Star, RoHS",30,"Net 45",24,"IEC 62471, JEDEC JESD51, Energy Star","Seoul Semiconductor Green Vision, Eco-friendly LED manufacturing, Energy-efficient lighting",1,11.5%
High-power LED packages,Nichia Corporation,"Anan, Japan","Anan (Japan), Detroit (USA), Shanghai (China), Wuxi (China)",procurement@nichia.co.jp,www.nichia.co.jp,4.9,120,"$2,800,000,000",1956,9000,"Dr. Takashi Yamamoto, +81-884-22-2311","ISO 9001, ISO 14001, IEC 62471, JEDEC JESD51, Energy Star, RoHS",30,"Net 45",24,"IEC 62471, JEDEC JESD51, Energy Star","Nichia Environmental Vision, Sustainable LED technology, Energy-efficient manufacturing",1,9.5%
High-power LED packages,Luminus Devices,"Sunnyvale, California, USA","Sunnyvale (USA), Woburn (USA), Taipei (Taiwan), Shenzhen (China)",procurement@luminus.com,www.luminus.com,4.7,60,"$120,000,000",2002,350,"Dr. Michael Chen, +1-408-708-7000","ISO 9001, ISO 14001, IEC 62471, JEDEC JESD51, Energy Star, RoHS",21,"Net 30",12,"IEC 62471, JEDEC JESD51, Energy Star","Luminus Green Initiative, Sustainable lighting solutions, Energy-efficient LED technology",2,12.5%
High-power LED packages,Bridgelux,"Fremont, California, USA","Fremont (USA), Livermore (USA), Xiamen (China), Taipei (Taiwan)",procurement@bridgelux.com,www.bridgelux.com,4.6,60,"$100,000,000",2002,250,"Dr. Jennifer Lee, +1-925-583-8400","ISO 9001, ISO 14001, IEC 62471, JEDEC JESD51, Energy Star, RoHS",21,"Net 30",12,"IEC 62471, JEDEC JESD51, Energy Star","Bridgelux Sustainability Program, Eco-friendly LED solutions, Energy-efficient lighting",2,13.5%
High-power LED packages,Samsung LED,"Suwon, South Korea","Suwon (South Korea), San Jose (USA), Tianjin (China), Hanoi (Vietnam)",led.procurement@samsung.com,www.samsung.com/led,4.8,180,"$230,000,000,000",1969,267937,"Dr. Kim Ji-hoon, +82-31-200-1114","ISO 9001, ISO 14001, IEC 62471, JEDEC JESD51, Energy Star, RoHS",30,"Net 45",24,"IEC 62471, JEDEC JESD51, Energy Star","Samsung Sustainability Vision, Carbon neutral by 2050, Eco-friendly LED technology",1,8.5%
High-power LED packages,Citizen Electronics,"Fujiyoshida, Japan","Fujiyoshida (Japan), Hong Kong (China), Shanghai (China), San Jose (USA)",procurement@ce.citizen.co.jp,www.citizen-electronics.co.jp,4.7,90,"$1,900,000,000",1970,18000,"Dr. Hiroshi Tanaka, +81-555-23-4121","ISO 9001, ISO 14001, IEC 62471, JEDEC JESD51, Energy Star, RoHS",30,"Net 45",24,"IEC 62471, JEDEC JESD51, Energy Star","Citizen Eco-friendly Manufacturing, Sustainable LED solutions, Energy-efficient lighting",1,10.5%
Automotive power modules,Bosch Automotive Electronics,"Stuttgart, Germany","Stuttgart (Germany), Reutlingen (Germany), Anderson (USA), Suzhou (China)",automotive.procurement@bosch.com,www.bosch-mobility.com,4.9,280,"$78,800,000,000",1886,402600,"Dr. Klaus Weber, +49-711-400-40990","ISO 9001, ISO 14001, ISO 26262, AEC-Q100, IATF 16949, RoHS",45,"Net 60",36,"ISO 26262, AEC-Q100, IATF 16949","Bosch Carbon Neutral 2020, Sustainable mobility solutions, Climate action program",1,8.5%
Automotive power modules,Continental Automotive,"Hanover, Germany","Hanover (Germany), Auburn Hills (USA), Regensburg (Germany), Tianjin (China)",automotive.procurement@continental.com,www.continental-automotive.com,4.8,240,"$44,500,000,000",1871,192500,"Dr. Hans Schmidt, +49-511-938-01","ISO 9001, ISO 14001, ISO 26262, AEC-Q100, IATF 16949, RoHS",45,"Net 60",36,"ISO 26262, AEC-Q100, IATF 16949","Continental Carbon Neutral 2050, Sustainable automotive solutions, Clean mobility initiative",1,9.5%
Automotive power modules,Denso Corporation,"Kariya, Japan","Kariya (Japan), Battle Creek (USA), Southfield (USA), Aachen (Germany)",procurement@denso.co.jp,www.denso.com,4.8,240,"$44,100,000,000",1949,168391,"Dr. Takashi Yamamoto, +81-566-25-5511","ISO 9001, ISO 14001, ISO 26262, AEC-Q100, IATF 16949, RoHS",45,"Net 60",36,"ISO 26262, AEC-Q100, IATF 16949","Denso Eco Vision 2025, Carbon neutral by 2035, Sustainable automotive technology",1,10.5%
Automotive power modules,Valeo,"Paris, France","Paris (France), Troy (USA), Shenzhen (China), Erlangen (Germany)",procurement@valeo.com,www.valeo.com,4.7,180,"$19,300,000,000",1923,110300,"Dr. Pierre Dubois, +33-1-40-55-20-20","ISO 9001, ISO 14001, ISO 26262, AEC-Q100, IATF 16949, RoHS",45,"Net 60",24,"ISO 26262, AEC-Q100, IATF 16949","Valeo Carbon Neutrality Program, Sustainable mobility solutions, Green automotive technology",1,11.5%
Automotive power modules,ZF Friedrichshafen,"Friedrichshafen, Germany","Friedrichshafen (Germany), Livonia (USA), Shanghai (China), Pilsen (Czech Republic)",procurement@zf.com,www.zf.com,4.8,240,"$36,400,000,000",1915,157549,"Dr. Klaus Weber, +49-7541-77-0","ISO 9001, ISO 14001, ISO 26262, AEC-Q100, IATF 16949, RoHS",45,"Net 60",36,"ISO 26262, AEC-Q100, IATF 16949","ZF Climate Neutrality 2040, Sustainable mobility, Next generation e-mobility",1,9.5%
Automotive power modules,Aptiv,"Dublin, Ireland","Dublin (Ireland), Troy (USA), Shanghai (China), Krakow (Poland)",procurement@aptiv.com,www.aptiv.com,4.8,180,"$15,100,000,000",2017,160000,"Dr. James Wilson, +353-1-256-0800","ISO 9001, ISO 14001, ISO 26262, AEC-Q100, IATF 16949, RoHS",30,"Net 45",24,"ISO 26262, AEC-Q100, IATF 16949","Aptiv Sustainable Mobility, Carbon neutral by 2040, Green automotive electronics",1,10.5%
Automotive power modules,BorgWarner,"Auburn Hills, Michigan, USA","Auburn Hills (USA), Ithaca (USA), Ludwigsburg (Germany), Ningbo (China)",procurement@borgwarner.com,www.borgwarner.com,4.7,180,"$14,800,000,000",1928,49700,"Dr. Sarah Johnson, +1-248-754-9200","ISO 9001, ISO 14001, ISO 26262, AEC-Q100, IATF 16949, RoHS",30,"Net 45",24,"ISO 26262, AEC-Q100, IATF 16949","BorgWarner Charging Forward, Carbon neutral by 2035, Sustainable propulsion solutions",1,12.5%
Automotive power modules,Hitachi Astemo,"Tokyo, Japan","Tokyo (Japan), Farmington Hills (USA), Espoo (Finland), Guangzhou (China)",procurement@hitachiastemo.com,www.hitachiastemo.com,4.8,180,"$17,000,000,000",2021,90000,"Dr. Hiroshi Tanaka, +81-3-4232-5000","ISO 9001, ISO 14001, ISO 26262, AEC-Q100, IATF 16949, RoHS",45,"Net 60",24,"ISO 26262, AEC-Q100, IATF 16949","Hitachi Environmental Vision, Carbon neutral value chain, Sustainable automotive solutions",1,9.5%
Automotive power modules,Infineon Automotive,"Neubiberg, Germany","Neubiberg (Germany), Livonia (USA), Shanghai (China), Nagoya (Japan)",automotive.procurement@infineon.com,www.infineon.com/automotive,4.9,240,"$11,100,000,000",1999,50280,"Dr. Klaus Weber, +49-89-234-0","ISO 9001, ISO 14001, ISO 26262, AEC-Q100, IATF 16949, RoHS",30,"Net 45",24,"ISO 26262, AEC-Q100, IATF 16949","Infineon Carbon Neutral 2030, Green automotive electronics, Sustainable mobility solutions",1,8.5%
Automotive power modules,Vitesco Technologies,"Regensburg, Germany","Regensburg (Germany), Auburn Hills (USA), Tianjin (China), Nuremberg (Germany)",procurement@vitesco-technologies.com,www.vitesco-technologies.com,4.7,150,"$8,300,000,000",2019,37000,"Dr. Hans Schmidt, +49-941-2031-0","ISO 9001, ISO 14001, ISO 26262, AEC-Q100, IATF 16949, RoHS",30,"Net 45",24,"ISO 26262, AEC-Q100, IATF 16949","Vitesco Sustainability Strategy, Carbon neutral by 2040, Electrification solutions",1,13.5%
Machined structural components,Sandvik Coromant,"Sandviken, Sweden","Sandviken (Sweden), Fair Lawn (USA), Shanghai (China), Düsseldorf (Germany)",procurement@sandvik.com,www.sandvik.coromant.com,4.8,180,"$10,500,000,000",1862,44000,"Dr. Erik Lindholm, +46-26-26-00-00","ISO 9001, ISO 14001, ASTM E8, ASTM B557, RoHS",30,"Net 45",24,"ASTM E8, ASTM B557","Sandvik Sustainability Goals, Carbon neutral operations, Circular business models",1,9.5%
Machined structural components,Kennametal,"Pittsburgh, Pennsylvania, USA","Pittsburgh (USA), Latrobe (USA), Fürth (Germany), Bangalore (India)",procurement@kennametal.com,www.kennametal.com,4.7,150,"$1,900,000,000",1938,8600,"Dr. Sarah Johnson, +1-412-248-8000","ISO 9001, ISO 14001, ASTM E8, ASTM B557, RoHS",30,"Net 45",24,"ASTM E8, ASTM B557","Kennametal Environmental Program, Sustainable manufacturing, Resource efficiency",1,10.5%
Machined structural components,DMG MORI,"Bielefeld, Germany","Bielefeld (Germany), Chicago (USA), Tokyo (Japan), Shanghai (China)",procurement@dmgmori.com,www.dmgmori.com,4.8,180,"$2,700,000,000",1870,12500,"Dr. Klaus Weber, +49-521-5891-0","ISO 9001, ISO 14001, ASTM E8, ASTM B557, RoHS",45,"Net 60",24,"ASTM E8, ASTM B557","DMG MORI Sustainability Program, Green machine tools, Energy-efficient manufacturing",1,11.5%
Machined structural components,Makino,"Tokyo, Japan","Tokyo (Japan), Mason (USA), Hamburg (Germany), Singapore (Singapore)",procurement@makino.co.jp,www.makino.com,4.8,150,"$1,500,000,000",1937,4500,"Dr. Hiroshi Tanaka, +81-3-3717-1151","ISO 9001, ISO 14001, ASTM E8, ASTM B557, RoHS",30,"Net 45",24,"ASTM E8, ASTM B557","Makino Environmental Vision, Sustainable machining solutions, Energy-efficient equipment",1,9.5%
Machined structural components,Haas Automation,"Oxnard, California, USA","Oxnard (USA), Brussels (Belgium), Shanghai (China), Mumbai (India)",procurement@haascnc.com,www.haascnc.com,4.7,120,"$1,200,000,000",1983,1800,"Dr. James Wilson, +1-805-278-1800","ISO 9001, ISO 14001, ASTM E8, ASTM B557, RoHS",21,"Net 30",12,"ASTM E8, ASTM B557","Haas Sustainable Manufacturing, Energy-efficient CNC machines, Resource optimization",2,12.5%
Machined structural components,Okuma Corporation,"Oguchi, Japan","Oguchi (Japan), Charlotte (USA), Krefeld (Germany), Singapore (Singapore)",procurement@okuma.co.jp,www.okuma.co.jp,4.8,150,"$1,800,000,000",1898,4200,"Dr. Takashi Yamamoto, +81-587-95-7825","ISO 9001, ISO 14001, ASTM E8, ASTM B557, RoHS",30,"Net 45",24,"ASTM E8, ASTM B557","Okuma Eco-friendly Manufacturing, Sustainable machining, Energy-efficient solutions",1,10.5%
Machined structural components,Mazak Corporation,"Florence, Kentucky, USA","Florence (USA), Worcester (USA), Minokamo (Japan), Singapore (Singapore)",procurement@mazakcorp.com,www.mazakusa.com,4.8,150,"$4,000,000,000",1919,8500,"Dr. Michael Chen, +1-859-342-1700","ISO 9001, ISO 14001, ASTM E8, ASTM B557, RoHS",30,"Net 45",24,"ASTM E8, ASTM B557","Mazak Green Initiative, Sustainable manufacturing solutions, Energy-efficient machining",1,9.5%
Machined structural components,GF Machining Solutions,"Geneva, Switzerland","Geneva (Switzerland), Lincolnshire (USA), Shanghai (China), Bangalore (India)",procurement@georgfischer.com,www.gfms.com,4.7,150,"$4,500,000,000",1802,15000,"Dr. Hans Müller, +41-22-783-3111","ISO 9001, ISO 14001, ASTM E8, ASTM B557, RoHS",30,"Net 45",24,"ASTM E8, ASTM B557","GF Sustainability Strategy 2025, Resource-efficient manufacturing, Eco-friendly solutions",1,11.5%
Machined structural components,FANUC Corporation,"Oshino, Japan","Oshino (Japan), Rochester Hills (USA), Neuhausen (Germany), Shanghai (China)",procurement@fanuc.co.jp,www.fanuc.co.jp,4.9,180,"$5,700,000,000",1972,8500,"Dr. Hiroshi Tanaka, +81-555-84-5555","ISO 9001, ISO 14001, ASTM E8, ASTM B557, RoHS",30,"Net 45",24,"ASTM E8, ASTM B557","FANUC Environmental Vision, Sustainable automation, Energy-efficient manufacturing",1,8.5%
Neutron shielding components,Westinghouse Electric Company,"Cranberry Township, Pennsylvania, USA","Cranberry Township (USA), Columbia (USA), Newington (USA), Västerås (Sweden)",nuclear.procurement@westinghouse.com,www.westinghousenuclear.com,4.9,360,"$4,500,000,000",1886,9000,"Dr. Thomas Martinez, +1-412-374-4744","ISO 9001, ISO 14001, ASTM E1019, ASME BPVC Section III, NQA-1, RoHS",90,"Net 60",36,"ASTM E1019, ASME BPVC Section III, NQA-1","Westinghouse Sustainability Program, Nuclear safety excellence, Environmental stewardship",1,8.5%
Neutron shielding components,Framatome,"Paris, France","Paris (France), Lynchburg (USA), Erlangen (Germany), Richland (USA)",procurement@framatome.com,www.framatome.com,4.8,320,"$4,100,000,000",2018,14000,"Dr. Pierre Dubois, +33-1-34-96-00-00","ISO 9001, ISO 14001, ASTM E1019, ASME BPVC Section III, NQA-1, RoHS",90,"Net 60",36,"ASTM E1019, ASME BPVC Section III, NQA-1","Framatome Environmental Charter, Nuclear sustainability, Carbon-free energy",1,9.5%
Neutron shielding components,GE Hitachi Nuclear Energy,"Wilmington, North Carolina, USA","Wilmington (USA), San Jose (USA), Kurihama (Japan), Toronto (Canada)",nuclear.procurement@ge.com,www.nuclear.gepower.com,4.8,320,"$3,700,000,000",2007,3000,"Dr. James Wilson, +1-910-819-4000","ISO 9001, ISO 14001, ASTM E1019, ASME BPVC Section III, NQA-1, RoHS",90,"Net 60",36,"ASTM E1019, ASME BPVC Section III, NQA-1","GE Ecomagination, Carbon-free nuclear energy, Environmental leadership",1,10.5%
Neutron shielding components,Orano,"Courbevoie, France","Courbevoie (France), Charlotte (USA), Lingen (Germany), Almelo (Netherlands)",procurement@orano.group,www.orano.group,4.7,280,"$4,700,000,000",2017,16500,"Dr. Pierre Dubois, +33-1-34-96-00-00","ISO 9001, ISO 14001, ASTM E1019, ASME BPVC Section III, NQA-1, RoHS",90,"Net 60",36,"ASTM E1019, ASME BPVC Section III, NQA-1","Orano Commitment to the Environment, Nuclear sustainability, Carbon-free energy",1,11.5%
Neutron shielding components,Mitsubishi Heavy Industries,"Tokyo, Japan","Tokyo (Japan), Pittsburgh (USA), London (UK), Shanghai (China)",nuclear.procurement@mhi.co.jp,www.mhi.com,4.8,320,"$36,700,000,000",1884,80000,"Dr. Takashi Yamamoto, +81-3-6716-3111","ISO 9001, ISO 14001, ASTM E1019, ASME BPVC Section III, NQA-1, RoHS",90,"Net 60",36,"ASTM E1019, ASME BPVC Section III, NQA-1","MHI Environmental Vision, Carbon neutrality by 2040, Sustainable energy solutions",1,9.5%
Neutron shielding components,BWXT Technologies,"Lynchburg, Virginia, USA","Lynchburg (USA), Cambridge (Canada), Euclid (USA), Arnprior (Canada)",procurement@bwxt.com,www.bwxt.com,4.7,240,"$2,100,000,000",1867,6700,"Dr. Sarah Johnson, +1-434-522-6000","ISO 9001, ISO 14001, ASTM E1019, ASME BPVC Section III, NQA-1, RoHS",60,"Net 45",24,"ASTM E1019, ASME BPVC Section III, NQA-1","BWXT Environmental Stewardship, Nuclear safety excellence, Sustainable operations",1,12.5%
Neutron shielding components,Korea Hydro & Nuclear Power,"Gyeongju, South Korea","Gyeongju (South Korea), Seoul (South Korea), Uljin (South Korea), Busan (South Korea)",procurement@khnp.co.kr,www.khnp.co.kr,4.8,280,"$9,800,000,000",2001,12500,"Dr. Kim Sung-ho, +82-54-704-5000","ISO 9001, ISO 14001, ASTM E1019, ASME BPVC Section III, NQA-1, RoHS",90,"Net 60",36,"ASTM E1019, ASME BPVC Section III, NQA-1","KHNP Environmental Management, Carbon-free nuclear energy, Sustainable operations",1,9.5%
Neutron shielding components,China National Nuclear Corporation,"Beijing, China","Beijing (China), Shanghai (China), Chengdu (China), Yibin (China)",procurement@cnnc.com.cn,www.cnnc.com.cn,4.7,320,"$14,500,000,000",1955,100000,"Dr. Li Wei, +86-10-6855-5988","ISO 9001, ISO 14001, ASTM E1019, ASME BPVC Section III, NQA-1, RoHS",90,"Net 60",36,"ASTM E1019, ASME BPVC Section III, NQA-1","CNNC Green Development, Nuclear sustainability, Environmental protection",1,10.5%
Neutron shielding components,Rosatom,"Moscow, Russia","Moscow (Russia), St. Petersburg (Russia), Nizhny Novgorod (Russia), Yekaterinburg (Russia)",procurement@rosatom.ru,www.rosatom.ru,4.8,320,"$36,000,000,000",2007,275000,"Dr. Sergei Ivanov, +7-499-949-4535","ISO 9001, ISO 14001, ASTM E1019, ASME BPVC Section III, NQA-1, RoHS",90,"Net 60",36,"ASTM E1019, ASME BPVC Section III, NQA-1","Rosatom Environmental Policy, Nuclear safety excellence, Sustainable energy",1,8.5%
Neutron shielding components,Idaho National Laboratory,"Idaho Falls, Idaho, USA","Idaho Falls (USA), Argonne (USA), Oak Ridge (USA), Albuquerque (USA)",procurement@inl.gov,www.inl.gov,4.9,240,"$1,500,000,000",1949,5700,"Dr. Michael Wilson, +1-208-526-0111","ISO 9001, ISO 14001, ASTM E1019, ASME BPVC Section III, NQA-1, RoHS",60,"Net 45",24,"ASTM E1019, ASME BPVC Section III, NQA-1","INL Sustainability Program, Advanced nuclear research, Environmental stewardship",1,9.5%
High-performance computing coolers,NVIDIA,"Santa Clara, California, USA","Santa Clara (USA), Austin (USA), Taipei (Taiwan), Bangalore (India)",procurement@nvidia.com,www.nvidia.com,4.9,180,"$26,900,000,000",1993,22473,"Dr. James Wilson, +1-408-486-2000","ISO 9001, ISO 14001, JEDEC JESD51, ASTM E1461, RoHS",45,"Net 45",24,"JEDEC JESD51, ASTM E1461","NVIDIA Green Computing, Carbon neutral data centers by 2030, Sustainable AI infrastructure",1,8.5%
High-performance computing coolers,Intel,"Santa Clara, California, USA","Santa Clara (USA), Hillsboro (USA), Chandler (USA), Leixlip (Ireland)",procurement@intel.com,www.intel.com,4.8,240,"$79,000,000,000",1968,121100,"Dr. Sarah Johnson, +1-408-765-8080","ISO 9001, ISO 14001, JEDEC JESD51, ASTM E1461, RoHS",45,"Net 45",24,"JEDEC JESD51, ASTM E1461","Intel RISE Strategy, Carbon neutral computing, Sustainable semiconductor manufacturing",1,9.5%
High-performance computing coolers,AMD,"Santa Clara, California, USA","Santa Clara (USA), Austin (USA), Markham (Canada), Bangalore (India)",procurement@amd.com,www.amd.com,4.8,180,"$23,600,000,000",1969,15500,"Dr. Michael Chen, +1-408-749-4000","ISO 9001, ISO 14001, JEDEC JESD51, ASTM E1461, RoHS",30,"Net 45",24,"JEDEC JESD51, ASTM E1461","AMD 25x20 Energy Efficiency Initiative, Sustainable computing, Green data centers",1,10.5%
High-performance computing coolers,Google Cloud,"Mountain View, California, USA","Mountain View (USA), Seattle (USA), Zurich (Switzerland), Singapore (Singapore)",cloud.procurement@google.com,cloud.google.com,4.9,240,"$257,600,000,000",1998,156500,"Dr. Thomas Martinez, +1-650-253-0000","ISO 9001, ISO 14001, JEDEC JESD51, ASTM E1461, RoHS",60,"Net 60",36,"JEDEC JESD51, ASTM E1461","Google Carbon-Free by 2030, Sustainable cloud computing, Circular economy data centers",1,8.5%
High-performance computing coolers,Microsoft Azure,"Redmond, Washington, USA","Redmond (USA), Dublin (Ireland), Singapore (Singapore), Amsterdam (Netherlands)",azure.procurement@microsoft.com,azure.microsoft.com,4.9,240,"$198,300,000,000",1975,181000,"Dr. James Wilson, +1-425-882-8080","ISO 9001, ISO 14001, JEDEC JESD51, ASTM E1461, RoHS",60,"Net 60",36,"JEDEC JESD51, ASTM E1461","Microsoft Carbon Negative by 2030, Sustainable cloud infrastructure, Water positive by 2030",1,9.5%
High-performance computing coolers,Amazon Web Services,"Seattle, Washington, USA","Seattle (USA), Northern Virginia (USA), Dublin (Ireland), Singapore (Singapore)",aws.procurement@amazon.com,aws.amazon.com,4.9,240,"$513,900,000,000",1994,1541000,"Dr. Sarah Johnson, +1-206-266-1000","ISO 9001, ISO 14001, JEDEC JESD51, ASTM E1461, RoHS",60,"Net 60",36,"JEDEC JESD51, ASTM E1461","AWS Climate Pledge, 100% renewable energy by 2025, Sustainable data centers",1,10.5%
High-performance computing coolers,IBM,"Armonk, New York, USA","Armonk (USA), Austin (USA), Zurich (Switzerland), Bangalore (India)",procurement@ibm.com,www.ibm.com,4.8,240,"$73,600,000,000",1911,282100,"Dr. Michael Chen, +1-914-499-1900","ISO 9001, ISO 14001, JEDEC JESD51, ASTM E1461, RoHS",45,"Net 45",24,"JEDEC JESD51, ASTM E1461","IBM Environmental Management System, Sustainable computing, Energy-efficient data centers",1,11.5%
High-performance computing coolers,Hewlett Packard Enterprise,"Spring, Texas, USA","Spring (USA), San Jose (USA), Bangalore (India), Singapore (Singapore)",procurement@hpe.com,www.hpe.com,4.7,180,"$28,500,000,000",2015,60000,"Dr. James Wilson, +1-650-687-5817","ISO 9001, ISO 14001, JEDEC JESD51, ASTM E1461, RoHS",45,"Net 45",24,"JEDEC JESD51, ASTM E1461","HPE Living Progress, Sustainable computing, Circular economy IT",1,12.5%
High-performance computing coolers,Lenovo,"Hong Kong, China","Hong Kong (China), Morrisville (USA), Beijing (China), Singapore (Singapore)",procurement@lenovo.com,www.lenovo.com,4.7,180,"$71,600,000,000",1984,75000,"Dr. Li Wei, +852-2516-3888","ISO 9001, ISO 14001, JEDEC JESD51, ASTM E1461, RoHS",45,"Net 45",24,"JEDEC JESD51, ASTM E1461","Lenovo Climate Change Mitigation, Sustainable computing, Low-carbon manufacturing",1,9.5%
High-performance computing coolers,Dell Technologies,"Round Rock, Texas, USA","Round Rock (USA), Hopkinton (USA), Bangalore (India), Singapore (Singapore)",procurement@dell.com,www.dell.com,4.8,180,"$101,200,000,000",1984,133000,"Dr. Sarah Johnson, +1-512-728-7800","ISO 9001, ISO 14001, JEDEC JESD51, ASTM E1461, RoHS",45,"Net 45",24,"JEDEC JESD51, ASTM E1461","Dell 2030 Moonshot Goals, Sustainable computing, Circular economy IT solutions",1,10.5%
5G/6G base station thermal frames,Ericsson,"Stockholm, Sweden","Stockholm (Sweden), Plano (USA), Athlone (Ireland), Nanjing (China)",procurement@ericsson.com,www.ericsson.com,4.9,240,"$25,300,000,000",1876,101459,"Dr. Erik Lindholm, +46-10-719-0000","ISO 9001, ISO 14001, IEC 62368, ITU-T K.20, FCC Part 15, ETSI EN 300, RoHS",60,"Net 60",36,"IEC 62368, ITU-T K.20, FCC Part 15, ETSI EN 300","Ericsson Carbon Neutral 2030, Sustainable mobile networks, Circular economy for networks",1,8.5%
5G/6G base station thermal frames,Nokia,"Espoo, Finland","Espoo (Finland), Murray Hill (USA), Paris (France), Bangalore (India)",procurement@nokia.com,www.nokia.com,4.8,240,"$23,300,000,000",1865,92039,"Dr. Matti Virtanen, +358-10-44-88-000","ISO 9001, ISO 14001, IEC 62368, ITU-T K.20, FCC Part 15, ETSI EN 300, RoHS",60,"Net 60",36,"IEC 62368, ITU-T K.20, FCC Part 15, ETSI EN 300","Nokia Zero Emission, Circular economy for telecom, Sustainable network infrastructure",1,9.5%
5G/6G base station thermal frames,Huawei Technologies,"Shenzhen, China","Shenzhen (China), Dongguan (China), Munich (Germany), Bangalore (India)",procurement@huawei.com,www.huawei.com,4.8,240,"$99,900,000,000",1987,195000,"Dr. Li Wei, +86-755-2878-0808","ISO 9001, ISO 14001, IEC 62368, ITU-T K.20, FCC Part 15, ETSI EN 300, RoHS",60,"Net 60",36,"IEC 62368, ITU-T K.20, FCC Part 15, ETSI EN 300","Huawei Digital Power, Green 5G networks, Sustainable telecommunications",1,10.5%
5G/6G base station thermal frames,Samsung Networks,"Suwon, South Korea","Suwon (South Korea), Richardson (USA), London (UK), Tokyo (Japan)",networks.procurement@samsung.com,www.samsung.com/networks,4.8,240,"$230,000,000,000",1969,267937,"Dr. Kim Ji-hoon, +82-31-200-3000","ISO 9001, ISO 14001, IEC 62368, ITU-T K.20, FCC Part 15, ETSI EN 300, RoHS",60,"Net 60",36,"IEC 62368, ITU-T K.20, FCC Part 15, ETSI EN 300","Samsung Sustainability Vision, Carbon neutral by 2050, Green network solutions",1,9.5%
5G/6G base station thermal frames,ZTE Corporation,"Shenzhen, China","Shenzhen (China), Richardson (USA), Vienna (Austria), Bangalore (India)",procurement@zte.com.cn,www.zte.com.cn,4.7,180,"$17,700,000,000",1985,72584,"Dr. Li Wei, +86-755-2677-0000","ISO 9001, ISO 14001, IEC 62368, ITU-T K.20, FCC Part 15, ETSI EN 300, RoHS",45,"Net 45",24,"IEC 62368, ITU-T K.20, FCC Part 15, ETSI EN 300","ZTE Climate Action Plan, Green 5G, Sustainable telecommunications",1,11.5%
5G/6G base station thermal frames,NEC Corporation,"Tokyo, Japan","Tokyo (Japan), Irving (USA), London (UK), Singapore (Singapore)",procurement@nec.com,www.nec.com,4.7,180,"$27,100,000,000",1899,110000,"Dr. Hiroshi Tanaka, +81-3-3454-1111","ISO 9001, ISO 14001, IEC 62368, ITU-T K.20, FCC Part 15, ETSI EN 300, RoHS",45,"Net 45",24,"IEC 62368, ITU-T K.20, FCC Part 15, ETSI EN 300","NEC Environmental Management, Carbon neutral by 2050, Sustainable network solutions",1,10.5%
5G/6G base station thermal frames,Fujitsu Network Communications,"Richardson, Texas, USA","Richardson (USA), Tokyo (Japan), London (UK), Munich (Germany)",procurement@fnc.fujitsu.com,www.fujitsu.com/us/products/network,4.7,150,"$34,500,000,000",1935,126400,"Dr. James Wilson, +1-972-479-2000","ISO 9001, ISO 14001, IEC 62368, ITU-T K.20, FCC Part 15, ETSI EN 300, RoHS",30,"Net 45",24,"IEC 62368, ITU-T K.20, FCC Part 15, ETSI EN 300","Fujitsu Climate and Energy Vision, Sustainable networks, Green telecommunications",1,12.5%
5G/6G base station thermal frames,CommScope,"Hickory, North Carolina, USA","Hickory (USA), Bangalore (India), Leuven (Belgium), Sydney (Australia)",procurement@commscope.com,www.commscope.com,4.7,150,"$8,400,000,000",1976,30000,"Dr. Sarah Johnson, +1-828-324-2200","ISO 9001, ISO 14001, IEC 62368, ITU-T K.20, FCC Part 15, ETSI EN 300, RoHS",30,"Net 45",24,"IEC 62368, ITU-T K.20, FCC Part 15, ETSI EN 300","CommScope Sustainability Vision, Energy-efficient networks, Sustainable infrastructure",1,11.5%
5G/6G base station thermal frames,Corning Optical Communications,"Charlotte, North Carolina, USA","Charlotte (USA), Corning (USA), Berlin (Germany), Shanghai (China)",optical.procurement@corning.com,www.corning.com/optical,4.8,180,"$14,100,000,000",1851,62000,"Dr. Michael Chen, +1-828-901-5000","ISO 9001, ISO 14001, IEC 62368, ITU-T K.20, FCC Part 15, ETSI EN 300, RoHS",45,"Net 45",24,"IEC 62368, ITU-T K.20, FCC Part 15, ETSI EN 300","Corning Sustainability Goals, Green telecommunications, Energy-efficient networks",1,9.5%
5G/6G base station thermal frames,Qualcomm,"San Diego, California, USA","San Diego (USA), San Jose (USA), Bangalore (India), Shanghai (China)",procurement@qualcomm.com,www.qualcomm.com,4.9,180,"$33,600,000,000",1985,45000,"Dr. James Wilson, +1-858-587-1121","ISO 9001, ISO 14001, IEC 62368, ITU-T K.20, FCC Part 15, ETSI EN 300, RoHS",30,"Net 45",24,"IEC 62368, ITU-T K.20, FCC Part 15, ETSI EN 300","Qualcomm 2040 Net-Zero Emissions, Sustainable wireless technology, Energy-efficient 5G/6G",1,8.5%
Hermetic electronic enclosures,Lockheed Martin,"Bethesda, Maryland, USA","Bethesda (USA), Fort Worth (USA), Orlando (USA), Marietta (USA)",procurement@lockheedmartin.com,www.lockheedmartin.com,4.9,240,"$65,400,000,000",1995,114000,"Dr. James Wilson, +1-301-897-6000","ISO 9001, ISO 14001, MIL-STD-883, MIL-PRF-38534, ITAR, RoHS",60,"Net 60",36,"MIL-STD-883, MIL-PRF-38534, ITAR","Lockheed Martin Sustainability, Go Green initiative, Sustainable defense systems",1,8.5%
Hermetic electronic enclosures,Raytheon Technologies,"Arlington, Virginia, USA","Arlington (USA), Tucson (USA), El Segundo (USA), McKinney (USA)",procurement@rtx.com,www.rtx.com,4.9,240,"$67,100,000,000",2020,174000,"Dr. Sarah Johnson, +1-703-562-4000","ISO 9001, ISO 14001, MIL-STD-883, MIL-PRF-38534, ITAR, RoHS",60,"Net 60",36,"MIL-STD-883, MIL-PRF-38534, ITAR","RTX ESG Strategy, Sustainable aviation, Defense sustainability",1,9.5%
Hermetic electronic enclosures,Northrop Grumman,"Falls Church, Virginia, USA","Falls Church (USA), Redondo Beach (USA), Palmdale (USA), Melbourne (USA)",procurement@northropgrumman.com,www.northropgrumman.com,4.8,240,"$36,800,000,000",1994,90000,"Dr. Michael Chen, +1-703-280-2900","ISO 9001, ISO 14001, MIL-STD-883, MIL-PRF-38534, ITAR, RoHS",60,"Net 60",36,"MIL-STD-883, MIL-PRF-38534, ITAR","Northrop Grumman 2035 Goals, Sustainable defense, Environmental stewardship",1,10.5%
Hermetic electronic enclosures,L3Harris Technologies,"Melbourne, Florida, USA","Melbourne (USA), Rochester (USA), Salt Lake City (USA), Greenville (USA)",procurement@l3harris.com,www.l3harris.com,4.8,180,"$17,800,000,000",2019,47000,"Dr. James Wilson, +1-321-727-9100","ISO 9001, ISO 14001, MIL-STD-883, MIL-PRF-38534, ITAR, RoHS",45,"Net 45",24,"MIL-STD-883, MIL-PRF-38534, ITAR","L3Harris Sustainability, Environmental stewardship, Sustainable defense electronics",1,11.5%
Hermetic electronic enclosures,BAE Systems,"London, United Kingdom","London (UK), Nashua (USA), Sterling Heights (USA), Farnborough (UK)",procurement@baesystems.com,www.baesystems.com,4.8,240,"$24,300,000,000",1999,90500,"Dr. Thomas Martinez, +44-1252-373232","ISO 9001, ISO 14001, MIL-STD-883, MIL-PRF-38534, ITAR, RoHS",60,"Net 60",36,"MIL-STD-883, MIL-PRF-38534, ITAR","BAE Systems Net Zero, Sustainable defense, Environmental stewardship",1,9.5%
Hermetic electronic enclosures,General Dynamics,"Reston, Virginia, USA","Reston (USA), Falls Church (USA), Sterling Heights (USA), San Diego (USA)",procurement@gd.com,www.gd.com,4.7,180,"$39,400,000,000",1952,100000,"Dr. Sarah Johnson, +1-703-876-3000","ISO 9001, ISO 14001, MIL-STD-883, MIL-PRF-38534, ITAR, RoHS",45,"Net 45",24,"MIL-STD-883, MIL-PRF-38534, ITAR","General Dynamics Sustainability, Environmental stewardship, Sustainable defense",1,12.5%
Hermetic electronic enclosures,Thales Group,"Paris, France","Paris (France), Arlington (USA), London (UK), Sydney (Australia)",procurement@thalesgroup.com,www.thalesgroup.com,4.8,240,"$19,900,000,000",2000,81000,"Dr. Jean Dupont, +33-1-57-77-80-00","ISO 9001, ISO 14001, MIL-STD-883, MIL-PRF-38534, ITAR, RoHS",60,"Net 60",36,"MIL-STD-883, MIL-PRF-38534, ITAR","Thales Low-Carbon Future, Sustainable defense, Environmental responsibility",1,10.5%
Hermetic electronic enclosures,Leonardo,"Rome, Italy","Rome (Italy), Arlington (USA), Yeovil (UK), Grottaglie (Italy)",procurement@leonardo.com,www.leonardo.com,4.7,180,"$14,100,000,000",2016,49700,"Dr. Marco Rossi, +39-06-324731","ISO 9001, ISO 14001, MIL-STD-883, MIL-PRF-38534, ITAR, RoHS",45,"Net 45",24,"MIL-STD-883, MIL-PRF-38534, ITAR","Leonardo Sustainability Plan, Carbon neutrality, Sustainable defense systems",1,11.5%
Hermetic electronic enclosures,Honeywell Aerospace,"Charlotte, North Carolina, USA","Charlotte (USA), Phoenix (USA), Clearwater (USA), Brno (Czech Republic)",aerospace.procurement@honeywell.com,aerospace.honeywell.com,4.8,180,"$34,400,000,000",1906,110000,"Dr. Michael Chen, +1-480-606-6000","ISO 9001, ISO 14001, MIL-STD-883, MIL-PRF-38534, ITAR, RoHS",45,"Net 45",24,"MIL-STD-883, MIL-PRF-38534, ITAR","Honeywell Carbon Neutrality, Sustainable aerospace, Environmental stewardship",1,9.5%
Laser cutting machine components,Trumpf,"Ditzingen, Germany","Ditzingen (Germany), Farmington (USA), Shanghai (China), Yokohama (Japan)",procurement@trumpf.com,www.trumpf.com,4.9,180,"$4,200,000,000",1923,14767,"Dr. Hans Mueller, +49-7156-303-0","ISO 9001, ISO 14001, ISO 13849, CE Machinery Directive, RoHS",45,"Net 45",24,"ISO 13849, CE Machinery Directive","Trumpf Climate Strategy, Sustainable manufacturing, Energy-efficient laser systems",1,8.5%
Laser cutting machine components,Bystronic,"Niederönz, Switzerland","Niederönz (Switzerland), Hoffman Estates (USA), Tianjin (China), Bangalore (India)",procurement@bystronic.com,www.bystronic.com,4.8,180,"$939,000,000",1986,3500,"Dr. Thomas Keller, +41-62-956-33-33","ISO 9001, ISO 14001, ISO 13849, CE Machinery Directive, RoHS",45,"Net 45",24,"ISO 13849, CE Machinery Directive","Bystronic Sustainability, Energy-efficient laser cutting, Sustainable manufacturing",1,9.5%
Laser cutting machine components,Mazak Optonics,"Schaumburg, Illinois, USA","Schaumburg (USA), Minokamo (Japan), Worcester (UK), Singapore (Singapore)",procurement@mazakoptonics.com,www.mazakoptonics.com,4.8,150,"$4,300,000,000",1919,8500,"Dr. James Wilson, +1-847-252-4500","ISO 9001, ISO 14001, ISO 13849, CE Machinery Directive, RoHS",30,"Net 45",24,"ISO 13849, CE Machinery Directive","Mazak Eco Initiative, Sustainable manufacturing, Energy-efficient laser systems",1,10.5%
Laser cutting machine components,Amada,"Isehara, Japan","Isehara (Japan), Buena Park (USA), Haan (Germany), Shanghai (China)",procurement@amada.co.jp,www.amada.com,4.8,180,"$2,900,000,000",1946,9000,"Dr. Hiroshi Tanaka, +81-463-96-1111","ISO 9001, ISO 14001, ISO 13849, CE Machinery Directive, RoHS",45,"Net 45",24,"ISO 13849, CE Machinery Directive","Amada Green Action, Sustainable manufacturing, Energy-efficient laser technology",1,9.5%
Laser cutting machine components,Coherent,"Pittsburgh, Pennsylvania, USA","Pittsburgh (USA), Santa Clara (USA), Göttingen (Germany), Shanghai (China)",procurement@coherent.com,www.coherent.com,4.7,150,"$3,300,000,000",1966,13000,"Dr. Sarah Johnson, +1-412-696-5400","ISO 9001, ISO 14001, ISO 13849, CE Machinery Directive, RoHS",30,"Net 45",24,"ISO 13849, CE Machinery Directive","Coherent Sustainability, Energy-efficient lasers, Sustainable manufacturing",1,11.5%
Laser cutting machine components,IPG Photonics,"Oxford, Massachusetts, USA","Oxford (USA), Burbach (Germany), Milan (Italy), Beijing (China)",procurement@ipgphotonics.com,www.ipgphotonics.com,4.8,150,"$1,400,000,000",1990,6000,"Dr. Michael Chen, +1-508-373-1100","ISO 9001, ISO 14001, ISO 13849, CE Machinery Directive, RoHS",30,"Net 45",24,"ISO 13849, CE Machinery Directive","IPG Green Initiatives, Energy-efficient fiber lasers, Sustainable manufacturing",1,10.5%
Laser cutting machine components,Prima Power,"Collegno, Italy","Collegno (Italy), Arlington Heights (USA), Suzhou (China), Kauhava (Finland)",procurement@primapower.com,www.primapower.com,4.7,150,"$480,000,000",1977,1800,"Dr. Marco Rossi, +39-011-4103-1","ISO 9001, ISO 14001, ISO 13849, CE Machinery Directive, RoHS",30,"Net 45",24,"ISO 13849, CE Machinery Directive","Prima Power Green Means, Energy-efficient laser systems, Sustainable manufacturing",1,12.5%
Laser cutting machine components,Han's Laser,"Shenzhen, China","Shenzhen (China), Dongguan (China), Los Angeles (USA), Munich (Germany)",procurement@hanslaser.com,www.hanslaser.com,4.7,180,"$1,500,000,000",1996,10000,"Dr. Li Wei, +86-755-2671-9118","ISO 9001, ISO 14001, ISO 13849, CE Machinery Directive, RoHS",45,"Net 45",24,"ISO 13849, CE Machinery Directive","Han's Laser Green Manufacturing, Energy-efficient laser systems, Sustainable production",1,11.5%
Laser cutting machine components,Cincinnati Inc.,"Harrison, Ohio, USA","Harrison (USA), Cincinnati (USA), Chicago (USA), Los Angeles (USA)",procurement@e-ci.com,www.e-ci.com,4.7,150,"$150,000,000",1898,500,"Dr. James Wilson, +1-513-367-7100","ISO 9001, ISO 14001, ISO 13849, CE Machinery Directive, RoHS",30,"Net 45",24,"ISO 13849, CE Machinery Directive","Cincinnati Sustainability, Energy-efficient manufacturing, Sustainable laser systems",1,10.5%
Neural-electronic interface implants,Neuralink,"Fremont, California, USA","Fremont (USA), Austin (USA), San Francisco (USA), Boston (USA)",procurement@neuralink.com,www.neuralink.com,4.9,180,"$500,000,000",2016,400,"Dr. Sarah Johnson, +1-510-859-5000","ISO 9001, ISO 14001, ISO 13485, ISO 10993, FDA 21 CFR 820, IEC 60601, ASTM F2129, CE (MDR)",45,"Net 45",24,"ISO 13485, ISO 10993, FDA 21 CFR 820, IEC 60601, CE (MDR)","Neuralink Sustainability Initiative, Ethical neurotechnology, Sustainable medical devices",1,8.5%
Neural-electronic interface implants,Synchron,"Brooklyn, New York, USA","Brooklyn (USA), Campbell (USA), Melbourne (Australia), Zurich (Switzerland)",procurement@synchron.com,www.synchron.com,4.8,180,"$200,000,000",2016,150,"Dr. Michael Chen, +1-347-286-0820","ISO 9001, ISO 14001, ISO 13485, ISO 10993, FDA 21 CFR 820, IEC 60601, ASTM F2129, CE (MDR)",45,"Net 45",24,"ISO 13485, ISO 10993, FDA 21 CFR 820, IEC 60601, CE (MDR)","Synchron Sustainability, Ethical neurotechnology, Sustainable medical innovation",1,9.5%
Neural-electronic interface implants,Paradromics,"Austin, Texas, USA","Austin (USA), San Jose (USA), Boston (USA), Seattle (USA)",procurement@paradromics.com,www.paradromics.com,4.7,150,"$120,000,000",2015,80,"Dr. James Wilson, +1-512-399-5115","ISO 9001, ISO 14001, ISO 13485, ISO 10993, FDA 21 CFR 820, IEC 60601, ASTM F2129, CE (MDR)",30,"Net 45",24,"ISO 13485, ISO 10993, FDA 21 CFR 820, IEC 60601, CE (MDR)","Paradromics Sustainability, Ethical neurotechnology, Sustainable medical innovation",1,10.5%
Neural-electronic interface implants,Kernel,"Los Angeles, California, USA","Los Angeles (USA), San Francisco (USA), Boston (USA), Seattle (USA)",procurement@kernel.com,www.kernel.co,4.8,180,"$300,000,000",2016,120,"Dr. Sarah Johnson, +1-310-526-5151","ISO 9001, ISO 14001, ISO 13485, ISO 10993, FDA 21 CFR 820, IEC 60601, ASTM F2129, CE (MDR)",45,"Net 45",24,"ISO 13485, ISO 10993, FDA 21 CFR 820, IEC 60601, CE (MDR)","Kernel Sustainability Initiative, Ethical neurotechnology, Sustainable brain interfaces",1,9.5%
Neural-electronic interface implants,CTRL-labs (Meta Reality Labs),"New York, New York, USA","New York (USA), Menlo Park (USA), Seattle (USA), London (UK)",procurement@meta.com,www.meta.com/realitylabs,4.8,180,"$117,900,000,000",2015,77805,"Dr. Michael Chen, +1-212-588-0800","ISO 9001, ISO 14001, ISO 13485, ISO 10993, FDA 21 CFR 820, IEC 60601, ASTM F2129, CE (MDR)",45,"Net 45",24,"ISO 13485, ISO 10993, FDA 21 CFR 820, IEC 60601, CE (MDR)","Meta Responsible Innovation, Sustainable neurotechnology, Ethical neural interfaces",1,11.5%
Neural-electronic interface implants,BrainGate,"Providence, Rhode Island, USA","Providence (USA), Boston (USA), Stanford (USA), Cleveland (USA)",procurement@braingate.org,www.braingate.org,4.9,150,"$50,000,000",2003,40,"Dr. James Wilson, +1-401-863-1000","ISO 9001, ISO 14001, ISO 13485, ISO 10993, FDA 21 CFR 820, IEC 60601, ASTM F2129, CE (MDR)",30,"Net 45",24,"ISO 13485, ISO 10993, FDA 21 CFR 820, IEC 60601, CE (MDR)","BrainGate Sustainability, Ethical neurotechnology, Sustainable medical research",1,8.5%
Neural-electronic interface implants,Blackrock Neurotech,"Salt Lake City, Utah, USA","Salt Lake City (USA), Davis (USA), Boston (USA), Hannover (Germany)",procurement@blackrockneurotech.com,www.blackrockneurotech.com,4.8,150,"$180,000,000",2008,120,"Dr. Sarah Johnson, +1-801-582-5533","ISO 9001, ISO 14001, ISO 13485, ISO 10993, FDA 21 CFR 820, IEC 60601, ASTM F2129, CE (MDR)",30,"Net 45",24,"ISO 13485, ISO 10993, FDA 21 CFR 820, IEC 60601, CE (MDR)","Blackrock Sustainability Initiative, Ethical neurotechnology, Sustainable neural interfaces",1,10.5%
Neural-electronic interface implants,INBRAIN Neuroelectronics,"Barcelona, Spain","Barcelona (Spain), Cambridge (USA), Munich (Germany), Zurich (Switzerland)",procurement@inbrain-neuroelectronics.com,www.inbrain-neuroelectronics.com,4.7,150,"$70,000,000",2019,50,"Dr. Maria Rodriguez, +34-93-402-0580","ISO 9001, ISO 14001, ISO 13485, ISO 10993, FDA 21 CFR 820, IEC 60601, ASTM F2129, CE (MDR)",30,"Net 45",24,"ISO 13485, ISO 10993, FDA 21 CFR 820, IEC 60601, CE (MDR)","INBRAIN Sustainability, Ethical graphene technology, Sustainable medical devices",1,12.5%
Neural-electronic interface implants,Precision Neuroscience,"New York, New York, USA","New York (USA), San Francisco (USA), Boston (USA), Austin (USA)",procurement@precision-neuroscience.com,www.precision-neuroscience.com,4.7,150,"$80,000,000",2021,60,"Dr. James Wilson, +1-212-555-7890","ISO 9001, ISO 14001, ISO 13485, ISO 10993, FDA 21 CFR 820, IEC 60601, ASTM F2129, CE (MDR)",30,"Net 45",24,"ISO 13485, ISO 10993, FDA 21 CFR 820, IEC 60601, CE (MDR)","Precision Sustainability Initiative, Ethical neurotechnology, Sustainable medical innovation",1,11.5%
Quantum sensing for geophysical exploration,Schlumberger,"Houston, Texas, USA","Houston (USA), Paris (France), The Hague (Netherlands), Cambridge (UK)",procurement@slb.com,www.slb.com,4.9,240,"$28,100,000,000",1926,99000,"Dr. James Wilson, +1-713-375-3535","ISO 9001, ISO 14001, ASTM E1461, API RP 67, ASME BPVC, NIST QIP, ATEX Directive",60,"Net 60",36,"API RP 67, ASTM E1461, NIST QIP, ATEX Directive","Schlumberger New Energy, Carbon-neutral operations by 2050, Sustainable resource exploration",1,8.5%
Quantum sensing for geophysical exploration,Halliburton,"Houston, Texas, USA","Houston (USA), Duncan (USA), Dubai (UAE), Singapore (Singapore)",procurement@halliburton.com,www.halliburton.com,4.8,240,"$15,700,000,000",1919,40000,"Dr. Sarah Johnson, +1-281-871-2699","ISO 9001, ISO 14001, ASTM E1461, API RP 67, ASME BPVC, NIST QIP, ATEX Directive",60,"Net 60",36,"API RP 67, ASTM E1461, NIST QIP, ATEX Directive","Halliburton Sustainability Commitment, Carbon reduction targets, Sustainable energy solutions",1,9.5%
Quantum sensing for geophysical exploration,Baker Hughes,"Houston, Texas, USA","Houston (USA), Oklahoma City (USA), Aberdeen (UK), Dubai (UAE)",procurement@bakerhughes.com,www.bakerhughes.com,4.8,240,"$20,500,000,000",1987,55000,"Dr. Michael Chen, +1-713-439-8600","ISO 9001, ISO 14001, ASTM E1461, API RP 67, ASME BPVC, NIST QIP, ATEX Directive",60,"Net 60",36,"API RP 67, ASTM E1461, NIST QIP, ATEX Directive","Baker Hughes Net-Zero by 2050, Sustainable energy technology, Carbon capture solutions",1,10.5%
Quantum sensing for geophysical exploration,ExxonMobil,"Spring, Texas, USA","Spring (USA), Houston (USA), Baytown (USA), Antwerp (Belgium)",procurement@exxonmobil.com,www.exxonmobil.com,4.8,240,"$285,600,000,000",1870,63000,"Dr. James Wilson, +1-972-940-6000","ISO 9001, ISO 14001, ASTM E1461, API RP 67, ASME BPVC, NIST QIP, ATEX Directive",60,"Net 60",36,"API RP 67, ASTM E1461, NIST QIP, ATEX Directive","ExxonMobil Low Carbon Solutions, Methane reduction, Sustainable exploration",1,11.5%
Quantum sensing for geophysical exploration,Chevron,"San Ramon, California, USA","San Ramon (USA), Houston (USA), Perth (Australia), Lagos (Nigeria)",procurement@chevron.com,www.chevron.com,4.8,240,"$162,500,000,000",1879,43800,"Dr. Sarah Johnson, +1-925-842-1000","ISO 9001, ISO 14001, ASTM E1461, API RP 67, ASME BPVC, NIST QIP, ATEX Directive",60,"Net 60",36,"API RP 67, ASTM E1461, NIST QIP, ATEX Directive","Chevron Lower Carbon Future, Sustainable exploration, Methane management",1,9.5%
Quantum sensing for geophysical exploration,Shell,"The Hague, Netherlands","The Hague (Netherlands), Houston (USA), London (UK), Perth (Australia)",procurement@shell.com,www.shell.com,4.9,240,"$272,700,000,000",1907,82000,"Dr. Jan van der Meer, +31-70-377-9111","ISO 9001, ISO 14001, ASTM E1461, API RP 67, ASME BPVC, NIST QIP, ATEX Directive",60,"Net 60",36,"API RP 67, ASTM E1461, NIST QIP, ATEX Directive","Shell Powering Progress, Net-zero emissions by 2050, Sustainable energy future",1,8.5%
Quantum sensing for geophysical exploration,TotalEnergies,"Courbevoie, France","Courbevoie (France), Houston (USA), Aberdeen (UK), Singapore (Singapore)",procurement@totalenergies.com,www.totalenergies.com,4.8,240,"$184,600,000,000",1924,101000,"Dr. Jean Dupont, +33-1-47-44-45-46","ISO 9001, ISO 14001, ASTM E1461, API RP 67, ASME BPVC, NIST QIP, ATEX Directive",60,"Net 60",36,"API RP 67, ASTM E1461, NIST QIP, ATEX Directive","TotalEnergies Climate Ambition, Net Zero by 2050, Sustainable energy transition",1,10.5%
Quantum sensing for geophysical exploration,CGG,"Massy, France","Massy (France), Houston (USA), London (UK), Rio de Janeiro (Brazil)",procurement@cgg.com,www.cgg.com,4.7,180,"$1,200,000,000",1931,3300,"Dr. Jean Dupont, +33-1-64-47-30-00","ISO 9001, ISO 14001, ASTM E1461, API RP 67, ASME BPVC, NIST QIP, ATEX Directive",45,"Net 45",24,"API RP 67, ASTM E1461, NIST QIP, ATEX Directive","CGG Sustainability Vision, Low-impact geophysical solutions, Carbon neutrality",1,12.5%
Quantum sensing for geophysical exploration,Quantum Diamond Technologies,"Cambridge, Massachusetts, USA","Cambridge (USA), Palo Alto (USA), Zurich (Switzerland), Tokyo (Japan)",procurement@qdti.com,www.qdti.com,4.7,150,"$50,000,000",2015,80,"Dr. Sarah Johnson, +1-617-714-4466","ISO 9001, ISO 14001, ASTM E1461, API RP 67, ASME BPVC, NIST QIP, ATEX Directive",30,"Net 45",24,"API RP 67, ASTM E1461, NIST QIP, ATEX Directive","QDTI Sustainability Initiative, Quantum solutions for climate, Sustainable exploration",1,11.5%
Off-grid water generation in arid environments,Water-Gen,"Rishon LeZion, Israel","Rishon LeZion (Israel), Miami (USA), Dubai (UAE), Nairobi (Kenya)",procurement@watergen.com,www.watergen.com,4.9,180,"$120,000,000",2009,200,"Dr. Sarah Johnson, +972-3-737-5030","ISO 9001, ISO 14001, NSF/ANSI 61, WHO Drinking Water Guidelines, ISO 14046, ASTM E2456, RoHS",45,"Net 45",24,"NSF/ANSI 61, WHO Drinking Water Guidelines, ISO 14046, ASTM E2456","Watergen Sustainability, Clean water access, Environmental stewardship",1,8.5%
Off-grid water generation in arid environments,SOURCE Global,"Scottsdale, Arizona, USA","Scottsdale (USA), Dubai (UAE), Manila (Philippines), Nairobi (Kenya)",procurement@source.co,www.source.co,4.8,180,"$150,000,000",2014,150,"Dr. James Wilson, +1-480-214-4080","ISO 9001, ISO 14001, NSF/ANSI 61, WHO Drinking Water Guidelines, ISO 14046, ASTM E2456, RoHS",45,"Net 45",24,"NSF/ANSI 61, WHO Drinking Water Guidelines, ISO 14046, ASTM E2456","SOURCE Sustainability, Renewable water, Climate resilience",1,9.5%
Off-grid water generation in arid environments,Oxfam International,"Nairobi, Kenya","Nairobi (Kenya), Oxford (UK), Washington DC (USA), Geneva (Switzerland)",procurement@oxfam.org,www.oxfam.org,4.9,150,"$1,100,000,000",1942,9000,"Dr. Michael Chen, +254-20-282-0000","ISO 9001, ISO 14001, NSF/ANSI 61, WHO Drinking Water Guidelines, ISO 14046, ASTM E2456, RoHS",30,"Net 30",12,"NSF/ANSI 61, WHO Drinking Water Guidelines, ISO 14046, ASTM E2456","Oxfam Water Solutions, Climate justice, Sustainable development",1,10.5%
Off-grid water generation in arid environments,UNICEF,"New York, New York, USA","New York (USA), Geneva (Switzerland), Copenhagen (Denmark), Nairobi (Kenya)",procurement@unicef.org,www.unicef.org,4.9,150,"$7,400,000,000",1946,15000,"Dr. James Wilson, +1-212-326-7000","ISO 9001, ISO 14001, NSF/ANSI 61, WHO Drinking Water Guidelines, ISO 14046, ASTM E2456, RoHS",30,"Net 30",12,"NSF/ANSI 61, WHO Drinking Water Guidelines, ISO 14046, ASTM E2456","UNICEF Water for Every Child, Climate resilience, Sustainable development",1,11.5%
Off-grid water generation in arid environments,Aquaer Generators,"Madrid, Spain","Madrid (Spain), Dubai (UAE), Lima (Peru), Johannesburg (South Africa)",procurement@aquaer.com,www.aquaer.com,4.7,150,"$30,000,000",2004,80,"Dr. Maria Rodriguez, +34-91-123-4567","ISO 9001, ISO 14001, NSF/ANSI 61, WHO Drinking Water Guidelines, ISO 14046, ASTM E2456, RoHS",30,"Net 45",24,"NSF/ANSI 61, WHO Drinking Water Guidelines, ISO 14046, ASTM E2456","Aquaer Sustainability, Water from air technology, Climate adaptation",1,9.5%
Off-grid water generation in arid environments,Médecins Sans Frontières,"Geneva, Switzerland","Geneva (Switzerland), Paris (France), Brussels (Belgium), Amsterdam (Netherlands)",procurement@msf.org,www.msf.org,4.9,150,"$2,100,000,000",1971,45000,"Dr. Jean Dupont, +41-22-849-8400","ISO 9001, ISO 14001, NSF/ANSI 61, WHO Drinking Water Guidelines, ISO 14046, ASTM E2456, RoHS",30,"Net 30",12,"NSF/ANSI 61, WHO Drinking Water Guidelines, ISO 14046, ASTM E2456","MSF Environmental Health, Sustainable operations, Climate resilience",1,12.5%
Off-grid water generation in arid environments,World Vision International,"London, UK","London (UK), Washington DC (USA), Nairobi (Kenya), Manila (Philippines)",procurement@wvi.org,www.wvi.org,4.8,150,"$2,900,000,000",1950,37000,"Dr. Sarah Johnson, +44-20-7252-5550","ISO 9001, ISO 14001, NSF/ANSI 61, WHO Drinking Water Guidelines, ISO 14046, ASTM E2456, RoHS",30,"Net 30",12,"NSF/ANSI 61, WHO Drinking Water Guidelines, ISO 14046, ASTM E2456","World Vision Water for All, Climate adaptation, Sustainable development",1,11.5%
Off-grid water generation in arid environments,Hydro Industries,"Carmarthenshire, UK","Carmarthenshire (UK), Dubai (UAE), Singapore (Singapore), Johannesburg (South Africa)",procurement@hydro-industries.co.uk,www.hydro-industries.co.uk,4.7,150,"$40,000,000",2010,100,"Dr. James Wilson, +44-1554-776-600","ISO 9001, ISO 14001, NSF/ANSI 61, WHO Drinking Water Guidelines, ISO 14046, ASTM E2456, RoHS",30,"Net 45",24,"NSF/ANSI 61, WHO Drinking Water Guidelines, ISO 14046, ASTM E2456","Hydro Sustainability, Clean water technology, Environmental stewardship",1,10.5%
Off-grid water generation in arid environments,Atmospheric Water Solutions,"Fort Lauderdale, Florida, USA","Fort Lauderdale (USA), Phoenix (USA), Dubai (UAE), Cape Town (South Africa)",procurement@atmosphericwatersolutions.com,www.atmosphericwatersolutions.com,4.7,150,"$25,000,000",2006,60,"Dr. Michael Chen, +1-954-791-7500","ISO 9001, ISO 14001, NSF/ANSI 61, WHO Drinking Water Guidelines, ISO 14046, ASTM E2456, RoHS",30,"Net 45",24,"NSF/ANSI 61, WHO Drinking Water Guidelines, ISO 14046, ASTM E2456","AWS Sustainability, Water from air technology, Climate resilience",1,9.5%
High-temperature furnace components,Morgan Advanced Materials,"Windsor, United Kingdom","Windsor (UK), Augusta (USA), Shanghai (China), Duisburg (Germany)",procurement@morganplc.com,www.morganadvancedmaterials.com,4.9,280,"$1,300,000,000",1856,8500,"Dr. James Wilson, +44-1753-837-000","ISO 9001, ISO 14001, ASTM C1161, ASME BPVC, ISO 15366, RoHS",30,"Net 45",24,"ASTM C1161, ASME BPVC, ISO 15366","Morgan Sustainability 2030, Carbon neutral operations by 2050, Resource efficiency program",1,8.5%
High-temperature furnace components,Saint-Gobain Performance Ceramics,"Courbevoie, France","Courbevoie (France), Worcester (USA), Cologne (Germany), Shanghai (China)",ceramics.procurement@saint-gobain.com,www.ceramics.saint-gobain.com,4.8,320,"$44,000,000,000",1665,170000,"Dr. Pierre Dubois, +33-1-47-62-30-00","ISO 9001, ISO 14001, ASTM C1161, ASME BPVC, ISO 15366, RoHS",30,"Net 45",24,"ASTM C1161, ASME BPVC, ISO 15366","Saint-Gobain Net Zero Carbon by 2050, Circular economy initiative, Sustainable materials program",1,9.5%
High-temperature furnace components,CoorsTek,"Golden, Colorado, USA","Golden (USA), Grand Junction (USA), Hillsboro (USA), Uden (Netherlands)",procurement@coorstek.com,www.coorstek.com,4.9,250,"$1,500,000,000",1910,6000,"Dr. Sarah Johnson, +1-303-271-7100","ISO 9001, ISO 14001, ASTM C1161, ASME BPVC, ISO 15366, RoHS",30,"Net 45",24,"ASTM C1161, ASME BPVC, ISO 15366","CoorsTek Sustainability Initiative, Energy efficiency program, Water conservation efforts",1,10.5%
High-temperature furnace components,Vesuvius,"London, United Kingdom","London (UK), Pittsburgh (USA), Suzhou (China), Ghlin (Belgium)",procurement@vesuvius.com,www.vesuvius.com,4.7,280,"$1,800,000,000",1916,10000,"Dr. Elizabeth Taylor, +44-20-7822-0000","ISO 9001, ISO 14001, ASTM C1161, ASME BPVC, ISO 15366, RoHS",30,"Net 45",24,"ASTM C1161, ASME BPVC, ISO 15366","Vesuvius Sustainability Charter, Energy reduction targets, Circular economy approach",1,11.5%
High-temperature furnace components,Carborundum Universal Limited,"Chennai, India","Chennai (India), Kochi (India), Rangsdorf (Germany), Moscow (Russia)",procurement@cumi.murugappa.com,www.cumi-murugappa.com,4.6,220,"$350,000,000",1954,5000,"Dr. Rajesh Kumar, +91-44-3000-6161","ISO 9001, ISO 14001, ASTM C1161, ASME BPVC, ISO 15366, RoHS",45,"Net 60",36,"ASTM C1161, ASME BPVC, ISO 15366","CUMI Sustainability Vision, Renewable energy transition, Zero waste to landfill initiative",1,12.5%
High-temperature furnace components,Blasch Precision Ceramics,"Albany, New York, USA","Albany (USA), Naperville (USA), Ersingen (Germany), Singapore",procurement@blaschceramics.com,www.blaschceramics.com,4.7,120,"$75,000,000",1979,250,"Dr. Thomas Martinez, +1-518-436-1263","ISO 9001, ISO 14001, ASTM C1161, ASME BPVC, ISO 15366, RoHS",21,"Net 30",12,"ASTM C1161, ASME BPVC, ISO 15366","Blasch Green Initiative, Energy efficiency program, Sustainable manufacturing",2,13.5%
High-temperature furnace components,Kyocera Corporation,"Kyoto, Japan","Kyoto (Japan), San Diego (USA), Esslingen (Germany), Shanghai (China)",industrial.procurement@kyocera.jp,www.global.kyocera.com,4.8,280,"$14,900,000,000",1959,75500,"Dr. Takashi Yamamoto, +81-75-604-3500","ISO 9001, ISO 14001, ASTM C1161, ASME BPVC, ISO 15366, RoHS",30,"Net 45",24,"ASTM C1161, ASME BPVC, ISO 15366","Kyocera Environmental Vision 2030, Green factories initiative, Sustainable product design",1,9.5%
High-temperature furnace components,Refratechnik,"Göttingen, Germany","Göttingen (Germany), Westerville (USA), Dalian (China), Mumbai (India)",procurement@refra.com,www.refra.com,4.7,180,"$500,000,000",1950,1500,"Dr. Klaus Weber, +49-551-69-760","ISO 9001, ISO 14001, ASTM C1161, ASME BPVC, ISO 15366, RoHS",30,"Net 45",24,"ASTM C1161, ASME BPVC, ISO 15366","Refratechnik Sustainability Program, CO2 reduction initiative, Resource efficiency",1,10.5%
High-temperature furnace components,Harbisonwalker International,"Pittsburgh, Pennsylvania, USA","Pittsburgh (USA), Bessemer (USA), Monterrey (Mexico), Sproul (USA)",procurement@thinkHWI.com,www.thinkHWI.com,4.8,220,"$450,000,000",1865,1800,"Dr. Robert Chen, +1-412-375-6600","ISO 9001, ISO 14001, ASTM C1161, ASME BPVC, ISO 15366, RoHS",30,"Net 45",24,"ASTM C1161, ASME BPVC, ISO 15366","HWI Environmental Stewardship, Energy efficiency program, Sustainable refractory solutions",1,11.5%
LED substrate materials,Cree Inc.,"Durham, North Carolina, USA","Durham (USA), Huizhou (China), Hong Kong (China), Racine (USA)",procurement@cree.com,www.cree.com,4.9,180,"$2,300,000,000",1987,5200,"Dr. Michael Johnson, +1-919-407-5300","ISO 9001, ISO 14001, REACH, IEC 62471, JEDEC JESD22, RoHS, IEC 62108",30,"Net 45",24,"IEC 62471, JEDEC JESD22, IEC 62108","Cree Zero Carbon Initiative, Sustainable manufacturing, Energy efficient lighting",1,8.5%
LED substrate materials,II-VI Incorporated,"Saxonburg, Pennsylvania, USA","Saxonburg (USA), Warren (USA), Fuzhou (China), Penang (Malaysia)",procurement@ii-vi.com,www.ii-vi.com,4.8,150,"$3,100,000,000",1971,22000,"Dr. Sarah Williams, +1-724-352-4455","ISO 9001, ISO 14001, REACH, IEC 62471, JEDEC JESD22, RoHS, IEC 62108",30,"Net 45",24,"IEC 62471, JEDEC JESD22, IEC 62108","II-VI Sustainability Vision, Renewable energy transition, Resource efficiency",1,9.5%
LED substrate materials,Dow Electronic Materials,"Midland, Michigan, USA","Midland (USA), Seoul (South Korea), Tokyo (Japan), Cheonan (South Korea)",electronic.procurement@dow.com,www.dow.com/electronic,4.7,220,"$55,000,000,000",1897,35700,"Dr. Robert Kim, +1-989-636-1000","ISO 9001, ISO 14001, REACH, IEC 62471, JEDEC JESD22, RoHS, IEC 62108",30,"Net 45",24,"IEC 62471, JEDEC JESD22, IEC 62108","Dow 2025 Sustainability Goals, Circular economy initiative, Carbon neutral operations",1,10.5%
LED substrate materials,Sumitomo Electric Industries,"Osaka, Japan","Osaka (Japan), Itami (Japan), San Jose (USA), Dusseldorf (Germany)",procurement@sei.co.jp,www.global-sei.com,4.8,180,"$29,000,000,000",1897,280000,"Dr. Takeshi Yamada, +81-6-6220-4141","ISO 9001, ISO 14001, REACH, IEC 62471, JEDEC JESD22, RoHS, IEC 62108",30,"Net 45",24,"IEC 62471, JEDEC JESD22, IEC 62108","SEI Environmental Vision 2030, Green product design, Sustainable supply chain",1,11.5%
LED substrate materials,Epistar Corporation,"Hsinchu, Taiwan","Hsinchu (Taiwan), Tainan (Taiwan), Xiamen (China), San Jose (USA)",procurement@epistar.com,www.epistar.com,4.7,150,"$850,000,000",1996,4300,"Dr. Wei-Chih Chen, +886-3-567-8000","ISO 9001, ISO 14001, REACH, IEC 62471, JEDEC JESD22, RoHS, IEC 62108",30,"Net 45",24,"IEC 62471, JEDEC JESD22, IEC 62108","Epistar Green Solutions, Energy conservation program, Sustainable manufacturing",1,12.5%
LED substrate materials,Soitec,"Bernin, France","Bernin (France), Singapore, Shanghai (China), San Diego (USA)",procurement@soitec.com,www.soitec.com,4.9,180,"$950,000,000",1992,1700,"Dr. Marie Dupont, +33-4-76-92-75-00","ISO 9001, ISO 14001, REACH, IEC 62471, JEDEC JESD22, RoHS, IEC 62108",30,"Net 45",24,"IEC 62471, JEDEC JESD22, IEC 62108","Soitec Sustainable Technology, Smart energy program, Water conservation initiative",1,9.5%
LED substrate materials,Osram Opto Semiconductors,"Regensburg, Germany","Regensburg (Germany), Penang (Malaysia), Wuxi (China), Sunnyvale (USA)",procurement@osram-os.com,www.osram-os.com,4.8,180,"$5,000,000,000",1919,24600,"Dr. Klaus Schmidt, +49-941-850-1700","ISO 9001, ISO 14001, REACH, IEC 62471, JEDEC JESD22, RoHS, IEC 62108",30,"Net 45",24,"IEC 62471, JEDEC JESD22, IEC 62108","Osram Climate Strategy 2025, Sustainable lighting solutions, Circular economy approach",1,10.5%
LED substrate materials,Seoul Semiconductor,"Ansan, South Korea","Ansan (South Korea), Xiamen (China), Tokyo (Japan), San Jose (USA)",procurement@seoulsemicon.com,www.seoulsemicon.com,4.7,150,"$1,200,000,000",1992,10000,"Dr. Jung-Hoon Park, +82-31-362-8000","ISO 9001, ISO 14001, REACH, IEC 62471, JEDEC JESD22, RoHS, IEC 62108",30,"Net 45",24,"IEC 62471, JEDEC JESD22, IEC 62108","Seoul Eco Initiative, Energy efficient products, Sustainable packaging",1,11.5%
LED substrate materials,Nichia Corporation,"Anan, Japan","Anan (Japan), Tokyo (Japan), Shanghai (China), Detroit (USA)",procurement@nichia.co.jp,www.nichia.co.jp,4.9,180,"$3,000,000,000",1956,8900,"Dr. Hiroshi Tanaka, +81-884-22-2311","ISO 9001, ISO 14001, REACH, IEC 62471, JEDEC JESD22, RoHS, IEC 62108",30,"Net 45",24,"IEC 62471, JEDEC JESD22, IEC 62108","Nichia Environmental Vision, Green manufacturing, Energy conservation program",1,9.5%
LED substrate materials,Lumileds,"San Jose, California, USA","San Jose (USA), Singapore, Penang (Malaysia), Aachen (Germany)",procurement@lumileds.com,www.lumileds.com,4.8,150,"$1,700,000,000",1999,9000,"Dr. Thomas Garcia, +1-408-964-2900","ISO 9001, ISO 14001, REACH, IEC 62471, JEDEC JESD22, RoHS, IEC 62108",30,"Net 45",24,"IEC 62471, JEDEC JESD22, IEC 62108","Lumileds Sustainable Innovation, Energy efficient lighting, Responsible manufacturing",1,10.5%
Chemical processing equipment,Mersen,"Paris, France","Paris (France), Rochester (USA), Shanghai (China), Chennai (India)",procurement@mersen.com,www.mersen.com,4.8,250,"$1,100,000,000",1889,6500,"Dr. Pierre Laurent, +33-1-46-91-54-00","ISO 9001, ISO 14001, ASTM C1161, ASME BPVC, ISO 15366, RoHS, ASTM C1039",30,"Net 45",24,"ASTM C1161, ASME BPVC, ASTM C1039, ISO 15366","Mersen Sustainability Program, Carbon footprint reduction, Circular economy initiative",1,8.5%
Chemical processing equipment,Saint-Gobain Ceramics,"Courbevoie, France","Courbevoie (France), Worcester (USA), Niagara Falls (USA), Shanghai (China)",ceramics.procurement@saint-gobain.com,www.ceramics.saint-gobain.com,4.9,280,"$44,000,000,000",1665,170000,"Dr. Marie Dubois, +33-1-47-62-30-00","ISO 9001, ISO 14001, ASTM C1161, ASME BPVC, ISO 15366, RoHS, ASTM C1039",30,"Net 45",24,"ASTM C1161, ASME BPVC, ASTM C1039, ISO 15366","Saint-Gobain Net Zero Carbon by 2050, Circular economy initiative, Sustainable materials program",1,9.5%
Chemical processing equipment,CoorsTek,"Golden, Colorado, USA","Golden (USA), Grand Junction (USA), Hillsboro (USA), Uden (Netherlands)",procurement@coorstek.com,www.coorstek.com,4.9,250,"$1,500,000,000",1910,6000,"Dr. Sarah Johnson, +1-303-271-7100","ISO 9001, ISO 14001, ASTM C1161, ASME BPVC, ISO 15366, RoHS, ASTM C1039",30,"Net 45",24,"ASTM C1161, ASME BPVC, ASTM C1039, ISO 15366","CoorsTek Sustainability Initiative, Energy efficiency program, Water conservation efforts",1,10.5%
Chemical processing equipment,Schunk Carbon Technology,"Heuchelheim, Germany","Heuchelheim (Germany), Willich (Germany), Pune (India), Grand Rapids (USA)",procurement@schunk-group.com,www.schunk-carbontechnology.com,4.7,220,"$1,400,000,000",1913,9000,"Dr. Klaus Weber, +49-641-608-0","ISO 9001, ISO 14001, ASTM C1161, ASME BPVC, ISO 15366, RoHS, ASTM C1039",30,"Net 45",24,"ASTM C1161, ASME BPVC, ASTM C1039, ISO 15366","Schunk Climate Strategy, Sustainable manufacturing, Resource efficiency program",1,11.5%
Chemical processing equipment,Morgan Advanced Materials,"Windsor, United Kingdom","Windsor (UK), Augusta (USA), Shanghai (China), Duisburg (Germany)",procurement@morganplc.com,www.morganadvancedmaterials.com,4.8,250,"$1,300,000,000",1856,8500,"Dr. James Wilson, +44-1753-837-000","ISO 9001, ISO 14001, ASTM C1161, ASME BPVC, ISO 15366, RoHS, ASTM C1039",30,"Net 45",24,"ASTM C1161, ASME BPVC, ASTM C1039, ISO 15366","Morgan Sustainability 2030, Carbon neutral operations by 2050, Resource efficiency program",1,9.5%
Chemical processing equipment,Calix Ceramics,"Tulsa, Oklahoma, USA","Tulsa (USA), Houston (USA), Edmonton (Canada), Aberdeen (UK)",procurement@calixceramics.com,www.calixceramics.com,4.7,180,"$120,000,000",1983,450,"Dr. Robert Martinez, +1-918-258-8551","ISO 9001, ISO 14001, ASTM C1161, ASME BPVC, ISO 15366, RoHS, ASTM C1039",30,"Net 45",24,"ASTM C1161, ASME BPVC, ASTM C1039, ISO 15366","Calix Green Initiative, Energy efficiency program, Sustainable manufacturing",2,12.5%
Chemical processing equipment,Kyocera Corporation,"Kyoto, Japan","Kyoto (Japan), San Diego (USA), Esslingen (Germany), Shanghai (China)",industrial.procurement@kyocera.jp,www.global.kyocera.com,4.8,250,"$14,900,000,000",1959,75500,"Dr. Takashi Yamamoto, +81-75-604-3500","ISO 9001, ISO 14001, ASTM C1161, ASME BPVC, ISO 15366, RoHS, ASTM C1039",30,"Net 45",24,"ASTM C1161, ASME BPVC, ASTM C1039, ISO 15366","Kyocera Environmental Vision 2030, Green factories initiative, Sustainable product design",1,10.5%
Chemical processing equipment,Hexoloy,"Niagara Falls, New York, USA","Niagara Falls (USA), Greenville (USA), Cologne (Germany), Suzhou (China)",procurement@hexoloy.com,www.hexoloy.com,4.7,180,"$200,000,000",1978,750,"Dr. Jennifer Adams, +1-716-278-6600","ISO 9001, ISO 14001, ASTM C1161, ASME BPVC, ISO 15366, RoHS, ASTM C1039",30,"Net 45",24,"ASTM C1161, ASME BPVC, ASTM C1039, ISO 15366","Hexoloy Sustainability Program, Energy reduction initiative, Waste minimization",1,11.5%
Chemical processing equipment,Blasch Precision Ceramics,"Albany, New York, USA","Albany (USA), Naperville (USA), Houston (USA), Singapore",procurement@blaschceramics.com,www.blaschceramics.com,4.7,180,"$75,000,000",1979,250,"Dr. Thomas Martinez, +1-518-436-1263","ISO 9001, ISO 14001, ASTM C1161, ASME BPVC, ISO 15366, RoHS, ASTM C1039",21,"Net 30",12,"ASTM C1161, ASME BPVC, ASTM C1039, ISO 15366","Blasch Green Initiative, Energy efficiency program, Sustainable manufacturing",2,13.5%
Chemical processing equipment,SELEE Advanced Ceramics,"Hendersonville, North Carolina, USA","Hendersonville (USA), Kingsport (USA), Selb (Germany), Shanghai (China)",procurement@selee.com,www.selee.com,4.6,150,"$90,000,000",1979,350,"Dr. Michael Brown, +1-828-697-2411","ISO 9001, ISO 14001, ASTM C1161, ASME BPVC, ISO 15366, RoHS, ASTM C1039",30,"Net 45",24,"ASTM C1161, ASME BPVC, ASTM C1039, ISO 15366","SELEE Environmental Program, Energy conservation, Sustainable operations",1,10.5%
Mechanical seals and bearings,Eagle Burgmann,"Wolfratshausen, Germany","Wolfratshausen (Germany), Houston (USA), Shanghai (China), Chennai (India)",procurement@eagleburgmann.com,www.eagleburgmann.com,4.9,220,"$1,000,000,000",1884,6000,"Dr. Klaus Mueller, +49-8171-23-0","ISO 9001, ISO 14001, ASTM F1511, API 682, ASME B73.1, RoHS",30,"Net 45",24,"ASTM F1511, API 682, ASME B73.1","EagleBurgmann Environmental Program, Energy efficiency initiative, Sustainable manufacturing",1,8.5%
Mechanical seals and bearings,John Crane,"Chicago, Illinois, USA","Chicago (USA), Slough (UK), Pune (India), Shanghai (China)",procurement@johncrane.com,www.johncrane.com,4.8,250,"$1,200,000,000",1917,6500,"Dr. Robert Wilson, +1-847-967-2400","ISO 9001, ISO 14001, ASTM F1511, API 682, ASME B73.1, RoHS",30,"Net 45",24,"ASTM F1511, API 682, ASME B73.1","John Crane Sustainability Vision, Carbon neutral operations by 2040, Water conservation program",1,9.5%
Mechanical seals and bearings,Morgan Advanced Materials,"Windsor, United Kingdom","Windsor (UK), Augusta (USA), Shanghai (China), Duisburg (Germany)",procurement@morganplc.com,www.morganadvancedmaterials.com,4.8,220,"$1,300,000,000",1856,8500,"Dr. James Wilson, +44-1753-837-000","ISO 9001, ISO 14001, ASTM F1511, API 682, ASME B73.1, RoHS",30,"Net 45",24,"ASTM F1511, API 682, ASME B73.1","Morgan Sustainability 2030, Carbon neutral operations by 2050, Resource efficiency program",1,10.5%
Mechanical seals and bearings,CoorsTek,"Golden, Colorado, USA","Golden (USA), Grand Junction (USA), Hillsboro (USA), Uden (Netherlands)",procurement@coorstek.com,www.coorstek.com,4.9,220,"$1,500,000,000",1910,6000,"Dr. Sarah Johnson, +1-303-271-7100","ISO 9001, ISO 14001, ASTM F1511, API 682, ASME B73.1, RoHS",30,"Net 45",24,"ASTM F1511, API 682, ASME B73.1","CoorsTek Sustainability Initiative, Energy efficiency program, Water conservation efforts",1,11.5%
Mechanical seals and bearings,Schunk Carbon Technology,"Heuchelheim, Germany","Heuchelheim (Germany), Willich (Germany), Pune (India), Grand Rapids (USA)",procurement@schunk-group.com,www.schunk-carbontechnology.com,4.7,180,"$1,400,000,000",1913,9000,"Dr. Klaus Weber, +49-641-608-0","ISO 9001, ISO 14001, ASTM F1511, API 682, ASME B73.1, RoHS",30,"Net 45",24,"ASTM F1511, API 682, ASME B73.1","Schunk Climate Strategy, Sustainable manufacturing, Resource efficiency program",1,12.5%
Mechanical seals and bearings,Saint-Gobain Performance Ceramics,"Courbevoie, France","Courbevoie (France), Worcester (USA), Cologne (Germany), Shanghai (China)",ceramics.procurement@saint-gobain.com,www.ceramics.saint-gobain.com,4.8,220,"$44,000,000,000",1665,170000,"Dr. Pierre Dubois, +33-1-47-62-30-00","ISO 9001, ISO 14001, ASTM F1511, API 682, ASME B73.1, RoHS",30,"Net 45",24,"ASTM F1511, API 682, ASME B73.1","Saint-Gobain Net Zero Carbon by 2050, Circular economy initiative, Sustainable materials program",1,9.5%
Mechanical seals and bearings,Flowserve Corporation,"Irving, Texas, USA","Irving (USA), Dortmund (Germany), Bangalore (India), Suzhou (China)",procurement@flowserve.com,www.flowserve.com,4.8,250,"$3,800,000,000",1912,17000,"Dr. Thomas Garcia, +1-972-443-6500","ISO 9001, ISO 14001, ASTM F1511, API 682, ASME B73.1, RoHS",30,"Net 45",24,"ASTM F1511, API 682, ASME B73.1","Flowserve Sustainability Program, Energy efficiency initiative, Water conservation efforts",1,10.5%
Mechanical seals and bearings,Kyocera Corporation,"Kyoto, Japan","Kyoto (Japan), San Diego (USA), Esslingen (Germany), Shanghai (China)",industrial.procurement@kyocera.jp,www.global.kyocera.com,4.8,220,"$14,900,000,000",1959,75500,"Dr. Takashi Yamamoto, +81-75-604-3500","ISO 9001, ISO 14001, ASTM F1511, API 682, ASME B73.1, RoHS",30,"Net 45",24,"ASTM F1511, API 682, ASME B73.1","Kyocera Environmental Vision 2030, Green factories initiative, Sustainable product design",1,11.5%
Mechanical seals and bearings,Blasch Precision Ceramics,"Albany, New York, USA","Albany (USA), Naperville (USA), Houston (USA), Singapore",procurement@blaschceramics.com,www.blaschceramics.com,4.7,150,"$75,000,000",1979,250,"Dr. Thomas Martinez, +1-518-436-1263","ISO 9001, ISO 14001, ASTM F1511, API 682, ASME B73.1, RoHS",21,"Net 30",12,"ASTM F1511, API 682, ASME B73.1","Blasch Green Initiative, Energy efficiency program, Sustainable manufacturing",2,13.5%
Mechanical seals and bearings,Aesseal,"Rotherham, United Kingdom","Rotherham (UK), Rockford (USA), Secunderabad (India), Shanghai (China)",procurement@aesseal.com,www.aesseal.com,4.7,180,"$250,000,000",1979,1800,"Dr. Elizabeth Taylor, +44-1709-369-966","ISO 9001, ISO 14001, ASTM F1511, API 682, ASME B73.1, RoHS",30,"Net 45",24,"ASTM F1511, API 682, ASME B73.1","Aesseal Global Technology, Carbon neutral operations, Water conservation program",1,10.5%
Solar inverter components,SMA Solar Technology,"Niestetal, Germany","Niestetal (Germany), Rocklin (USA), Shanghai (China), Sydney (Australia)",procurement@sma.de,www.sma.de,4.9,180,"$1,200,000,000",1981,3500,"Dr. Klaus Schmidt, +49-561-9522-0","ISO 9001, ISO 14001, IEC 62109, UL 1741, IEC 61683, RoHS",30,"Net 45",24,"IEC 62109, UL 1741, IEC 61683","SMA Sustainability Strategy 2025, Carbon neutral operations, Circular economy initiative",1,8.5%
Solar inverter components,Infineon Technologies,"Neubiberg, Germany","Neubiberg (Germany), San Jose (USA), Singapore, Shanghai (China)",procurement@infineon.com,www.infineon.com,4.8,220,"$10,800,000,000",1999,41400,"Dr. Thomas Weber, +49-89-234-0","ISO 9001, ISO 14001, IEC 62109, UL 1741, IEC 61683, RoHS",30,"Net 45",24,"IEC 62109, UL 1741, IEC 61683","Infineon Carbon Neutrality 2030, Sustainable manufacturing, Energy efficiency program",1,9.5%
Solar inverter components,Wolfspeed,"Durham, North Carolina, USA","Durham (USA), Fayetteville (USA), Marki (Poland), Shanghai (China)",procurement@wolfspeed.com,www.wolfspeed.com,4.9,180,"$746,000,000",1987,4000,"Dr. Michael Johnson, +1-919-407-5300","ISO 9001, ISO 14001, IEC 62109, UL 1741, IEC 61683, RoHS",30,"Net 45",24,"IEC 62109, UL 1741, IEC 61683","Wolfspeed Zero Carbon Initiative, Sustainable manufacturing, Energy efficient solutions",1,10.5%
Solar inverter components,ON Semiconductor,"Phoenix, Arizona, USA","Phoenix (USA), Bucheon (South Korea), Roznov (Czech Republic), Suzhou (China)",procurement@onsemi.com,www.onsemi.com,4.7,180,"$6,700,000,000",1999,31000,"Dr. Sarah Williams, +1-602-244-6600","ISO 9001, ISO 14001, IEC 62109, UL 1741, IEC 61683, RoHS",30,"Net 45",24,"IEC 62109, UL 1741, IEC 61683","ON Semiconductor Sustainability Vision, Renewable energy transition, Resource efficiency",1,11.5%
Solar inverter components,ROHM Semiconductor,"Kyoto, Japan","Kyoto (Japan), San Diego (USA), Willich (Germany), Shanghai (China)",procurement@rohm.com,www.rohm.com,4.8,150,"$3,600,000,000",1958,22200,"Dr. Takashi Yamamoto, +81-75-311-2121","ISO 9001, ISO 14001, IEC 62109, UL 1741, IEC 61683, RoHS",30,"Net 45",24,"IEC 62109, UL 1741, IEC 61683","ROHM Environmental Vision 2030, Green factories initiative, Sustainable product design",1,12.5%
Solar inverter components,STMicroelectronics,"Geneva, Switzerland","Geneva (Switzerland), Agrate Brianza (Italy), Crolles (France), Shenzhen (China)",procurement@st.com,www.st.com,4.8,220,"$12,800,000,000",1987,48000,"Dr. Pierre Dupont, +41-22-929-2929","ISO 9001, ISO 14001, IEC 62109, UL 1741, IEC 61683, RoHS",30,"Net 45",24,"IEC 62109, UL 1741, IEC 61683","ST Sustainability Strategy, Carbon neutral by 2027, Circular economy approach",1,9.5%
Solar inverter components,Mitsubishi Electric,"Tokyo, Japan","Tokyo (Japan), Warrendale (USA), Ratingen (Germany), Shanghai (China)",procurement@mitsubishielectric.com,www.mitsubishielectric.com,4.8,250,"$40,700,000,000",1921,145000,"Dr. Hiroshi Tanaka, +81-3-3218-2111","ISO 9001, ISO 14001, IEC 62109, UL 1741, IEC 61683, RoHS",30,"Net 45",24,"IEC 62109, UL 1741, IEC 61683","Mitsubishi Environmental Vision 2050, Green manufacturing, Energy conservation program",1,10.5%
Solar inverter components,Huawei Technologies,"Shenzhen, China","Shenzhen (China), Munich (Germany), Santa Clara (USA), Singapore",procurement@huawei.com,www.huawei.com,4.7,220,"$136,700,000,000",1987,195000,"Dr. Wei-Chih Chen, +86-755-2878-0808","ISO 9001, ISO 14001, IEC 62109, UL 1741, IEC 61683, RoHS",30,"Net 45",24,"IEC 62109, UL 1741, IEC 61683","Huawei Digital Power, Green energy solutions, Carbon footprint reduction",1,11.5%
Solar inverter components,Fronius International,"Pettenbach, Austria","Pettenbach (Austria), Brighton (USA), Mississauga (Canada), Shanghai (China)",procurement@fronius.com,www.fronius.com,4.8,180,"$950,000,000",1945,5440,"Dr. Klaus Mueller, +43-7242-241-0","ISO 9001, ISO 14001, IEC 62109, UL 1741, IEC 61683, RoHS",30,"Net 45",24,"IEC 62109, UL 1741, IEC 61683","Fronius Sustainability Vision, Solar Energy Initiative, Resource efficiency program",1,10.5%
Aerospace heat shields,Lockheed Martin,"Bethesda, Maryland, USA","Bethesda (USA), Denver (USA), Littleton (USA), Sunnyvale (USA)",procurement@lockheedmartin.com,www.lockheedmartin.com,4.9,250,"$65,400,000,000",1912,114000,"Dr. William Thompson, +1-301-897-6000","ISO 9001, AS9100, ASTM E1461, NASA-STD-6016, MIL-DTL-32526, RoHS",45,"Net 60",36,"AS9100, NASA-STD-6016, MIL-DTL-32526","Lockheed Martin Sustainability Vision, Carbon footprint reduction, Sustainable manufacturing",1,8.5%
Aerospace heat shields,Northrop Grumman,"Falls Church, Virginia, USA","Falls Church (USA), Redondo Beach (USA), Dulles (USA), Melbourne (USA)",procurement@northropgrumman.com,www.northropgrumman.com,4.8,250,"$36,800,000,000",1939,90000,"Dr. Robert Johnson, +1-703-280-2900","ISO 9001, AS9100, ASTM E1461, NASA-STD-6016, MIL-DTL-32526, RoHS",45,"Net 60",36,"AS9100, NASA-STD-6016, MIL-DTL-32526","Northrop Grumman 2030 Sustainability Goals, Energy efficiency program, Sustainable operations",1,9.5%
Aerospace heat shields,Boeing,"Chicago, Illinois, USA","Chicago (USA), Seattle (USA), St. Louis (USA), Huntsville (USA)",procurement@boeing.com,www.boeing.com,4.8,250,"$62,300,000,000",1916,142000,"Dr. Michael Wilson, +1-312-544-2000","ISO 9001, AS9100, ASTM E1461, NASA-STD-6016, MIL-DTL-32526, RoHS",45,"Net 60",36,"AS9100, NASA-STD-6016, MIL-DTL-32526","Boeing Sustainability Strategy, Carbon neutral operations by 2050, Resource efficiency program",1,10.5%
Aerospace heat shields,Airbus,"Leiden, Netherlands","Leiden (Netherlands), Toulouse (France), Hamburg (Germany), Mobile (USA)",procurement@airbus.com,www.airbus.com,4.8,250,"$75,200,000,000",1970,126000,"Dr. Pierre Dubois, +31-71-524-5600","ISO 9001, AS9100, ASTM E1461, NASA-STD-6016, ECSS-Q-ST-70, RoHS",45,"Net 60",36,"AS9100, ECSS-Q-ST-70, NASA-STD-6016","Airbus Sustainability Vision, Carbon neutral aviation, Sustainable manufacturing",1,11.5%
Aerospace heat shields,Safran Group,"Paris, France","Paris (France), Cincinnati (USA), Queretaro (Mexico), Suzhou (China)",procurement@safran-group.com,www.safran-group.com,4.7,220,"$24,600,000,000",2005,79000,"Dr. Jean-Paul Martin, +33-1-40-60-80-80","ISO 9001, AS9100, ASTM E1461, NASA-STD-6016, ECSS-Q-ST-70, RoHS",45,"Net 60",36,"AS9100, ECSS-Q-ST-70, NASA-STD-6016","Safran Climate Strategy, Sustainable aviation, Energy efficiency program",1,12.5%
Aerospace heat shields,Ultramet,"Pacoima, California, USA","Pacoima (USA), Huntsville (USA), Orlando (USA)",procurement@ultramet.com,www.ultramet.com,4.8,180,"$75,000,000",1970,150,"Dr. Thomas Martinez, +1-818-899-0236","ISO 9001, AS9100, ASTM E1461, NASA-STD-6016, MIL-DTL-32526, RoHS",30,"Net 45",24,"AS9100, NASA-STD-6016, MIL-DTL-32526","Ultramet Green Initiative, Sustainable manufacturing, Energy efficiency program",2,9.5%
Aerospace heat shields,Aerojet Rocketdyne,"El Segundo, California, USA","El Segundo (USA), Sacramento (USA), Huntsville (USA), Camden (USA)",procurement@rocket.com,www.rocket.com,4.7,220,"$2,100,000,000",1942,5000,"Dr. Sarah Johnson, +1-310-252-8100","ISO 9001, AS9100, ASTM E1461, NASA-STD-6016, MIL-DTL-32526, RoHS",45,"Net 60",36,"AS9100, NASA-STD-6016, MIL-DTL-32526","Aerojet Rocketdyne Sustainability Program, Energy conservation, Sustainable operations",1,10.5%
Aerospace heat shields,Honeywell Aerospace,"Phoenix, Arizona, USA","Phoenix (USA), Clearwater (USA), Mexicali (Mexico), Shanghai (China)",aerospace.procurement@honeywell.com,www.aerospace.honeywell.com,4.8,220,"$14,100,000,000",1906,41000,"Dr. Michael Brown, +1-602-365-3099","ISO 9001, AS9100, ASTM E1461, NASA-STD-6016, MIL-DTL-32526, RoHS",45,"Net 60",36,"AS9100, NASA-STD-6016, MIL-DTL-32526","Honeywell Sustainability Vision, Carbon neutral operations by 2035, Resource efficiency program",1,11.5%
Aerospace heat shields,Thales Group,"Paris, France","Paris (France), Toulouse (France), Stuttgart (Germany), Orlando (USA)",procurement@thalesgroup.com,www.thalesgroup.com,4.7,220,"$19,900,000,000",2000,81000,"Dr. Jean-Claude Dupont, +33-1-57-77-80-00","ISO 9001, AS9100, ASTM E1461, NASA-STD-6016, ECSS-Q-ST-70, RoHS",45,"Net 60",36,"AS9100, ECSS-Q-ST-70, NASA-STD-6016","Thales Climate Strategy, Sustainable aviation, Energy efficiency program",1,10.5%
Aerospace heat shields,Raytheon Technologies,"Waltham, Massachusetts, USA","Waltham (USA), Tucson (USA), El Segundo (USA), Cedar Rapids (USA)",procurement@rtx.com,www.rtx.com,4.8,250,"$67,100,000,000",2020,181000,"Dr. Robert Wilson, +1-781-522-3000","ISO 9001, AS9100, ASTM E1461, NASA-STD-6016, MIL-DTL-32526, RoHS",45,"Net 60",36,"AS9100, NASA-STD-6016, MIL-DTL-32526","Raytheon 2030 Sustainability Goals, Carbon footprint reduction, Sustainable manufacturing",1,9.5%
Cutting tools and drill bits,Kennametal,"Pittsburgh, Pennsylvania, USA","Pittsburgh (USA), Latrobe (USA), Fürth (Germany), Bangalore (India)",procurement@kennametal.com,www.kennametal.com,4.8,220,"$1,900,000,000",1938,8500,"Dr. Michael Johnson, +1-724-539-5000","ISO 9001, ISO 14001, ANSI B212.4, DIN 6539, ASTM F2924, RoHS",30,"Net 45",24,"ANSI B212.4, DIN 6539, ASTM F2924","Kennametal Sustainability Program, Carbon footprint reduction, Resource efficiency",1,8.5%
Cutting tools and drill bits,Sandvik Coromant,"Sandviken, Sweden","Sandviken (Sweden), Fair Lawn (USA), Schaumburg (USA), Shanghai (China)",procurement@sandvik.com,www.sandvik.coromant.com,4.9,220,"$10,900,000,000",1862,37000,"Dr. Erik Lindholm, +46-26-26-00-00","ISO 9001, ISO 14001, ANSI B212.4, DIN 6539, ASTM F2924, RoHS",30,"Net 45",24,"ANSI B212.4, DIN 6539, ASTM F2924","Sandvik Sustainability Goals 2030, Circular economy approach, Energy efficiency program",1,9.5%
Cutting tools and drill bits,Mitsubishi Materials,"Tokyo, Japan","Tokyo (Japan), Irvine (USA), Meerbusch (Germany), Shanghai (China)",procurement@mmc.co.jp,www.mitsubishicarbide.com,4.8,180,"$13,100,000,000",1950,27000,"Dr. Takashi Yamamoto, +81-3-5252-5200","ISO 9001, ISO 14001, ANSI B212.4, DIN 6539, ASTM F2924, RoHS",30,"Net 45",24,"ANSI B212.4, DIN 6539, ASTM F2924","Mitsubishi Materials Sustainability Vision, Green manufacturing, Energy conservation program",1,10.5%
Cutting tools and drill bits,Iscar,"Tefen, Israel","Tefen (Israel), Arlington (USA), Ettlingen (Germany), Taichung (Taiwan)",procurement@iscar.com,www.iscar.com,4.8,180,"$3,000,000,000",1952,15000,"Dr. Jacob Cohen, +972-4-9028800","ISO 9001, ISO 14001, ANSI B212.4, DIN 6539, ASTM F2924, RoHS",30,"Net 45",24,"ANSI B212.4, DIN 6539, ASTM F2924","Iscar Green Initiative, Sustainable manufacturing, Energy efficiency program",1,11.5%
Cutting tools and drill bits,Sumitomo Electric Carbide,"Osaka, Japan","Osaka (Japan), Mount Prospect (USA), Lauchheim (Germany), Shanghai (China)",procurement@sumitool.com,www.sumicarbide.com,4.7,180,"$29,300,000,000",1949,240000,"Dr. Hiroshi Tanaka, +81-6-6220-4141","ISO 9001, ISO 14001, ANSI B212.4, DIN 6539, ASTM F2924, RoHS",30,"Net 45",24,"ANSI B212.4, DIN 6539, ASTM F2924","Sumitomo Electric Group Environmental Vision 2050, Carbon neutral operations, Resource efficiency",1,12.5%
Cutting tools and drill bits,Element Six,"Luxembourg, Luxembourg","Luxembourg (Luxembourg), Shannon (Ireland), Santa Clara (USA), Johannesburg (South Africa)",procurement@e6.com,www.e6.com,4.8,180,"$500,000,000",1946,1900,"Dr. James Wilson, +352-27-85-44-00","ISO 9001, ISO 14001, ANSI B212.4, DIN 6539, ASTM F2924, RoHS",30,"Net 45",24,"ANSI B212.4, DIN 6539, ASTM F2924","Element Six Sustainability Vision, Carbon neutral operations by 2030, Water conservation program",1,9.5%
Cutting tools and drill bits,Kyocera Precision Tools,"Kyoto, Japan","Kyoto (Japan), Hendersonville (USA), Düsseldorf (Germany), Shanghai (China)",procurement@kyoceraprecisiontools.com,www.kyoceraprecisiontools.com,4.8,180,"$14,900,000,000",1959,75500,"Dr. Takashi Yamamoto, +81-75-604-3500","ISO 9001, ISO 14001, ANSI B212.4, DIN 6539, ASTM F2924, RoHS",30,"Net 45",24,"ANSI B212.4, DIN 6539, ASTM F2924","Kyocera Environmental Vision 2030, Green factories initiative, Sustainable product design",1,10.5%
Cutting tools and drill bits,Mapal,"Aalen, Germany","Aalen (Germany), Port Huron (USA), Rugby (UK), Shanghai (China)",procurement@mapal.com,www.mapal.com,4.7,150,"$750,000,000",1950,5500,"Dr. Klaus Weber, +49-7361-585-0","ISO 9001, ISO 14001, ANSI B212.4, DIN 6539, ASTM F2924, RoHS",30,"Net 45",24,"ANSI B212.4, DIN 6539, ASTM F2924","Mapal Sustainability Program, Energy efficiency initiative, Sustainable manufacturing",1,11.5%
Cutting tools and drill bits,Ceratizit,"Mamer, Luxembourg","Mamer (Luxembourg), Warren (USA), Empfingen (Germany), Shanghai (China)",procurement@ceratizit.com,www.ceratizit.com,4.7,180,"$1,200,000,000",1921,9000,"Dr. Pierre Dupont, +352-31-20-85-1","ISO 9001, ISO 14001, ANSI B212.4, DIN 6539, ASTM F2924, RoHS",30,"Net 45",24,"ANSI B212.4, DIN 6539, ASTM F2924","Ceratizit Sustainability Vision, Carbon footprint reduction, Resource efficiency program",1,10.5%
Microelectromechanical systems (MEMS),Bosch Sensortec,"Reutlingen, Germany","Reutlingen (Germany), Palo Alto (USA), Shanghai (China), Tokyo (Japan)",procurement@bosch-sensortec.com,www.bosch-sensortec.com,4.9,220,"$78,800,000,000",1886,410000,"Dr. Klaus Schmidt, +49-7121-35-35900","ISO 9001, ISO 14001, SEMI MS8, JEDEC JESD47, AEC-Q100, RoHS",30,"Net 45",24,"SEMI MS8, JEDEC JESD47, AEC-Q100","Bosch Climate Action 2030, Carbon neutral operations, Circular economy initiative",1,8.5%
Microelectromechanical systems (MEMS),STMicroelectronics,"Geneva, Switzerland","Geneva (Switzerland), Agrate Brianza (Italy), Crolles (France), Shenzhen (China)",procurement@st.com,www.st.com,4.8,220,"$12,800,000,000",1987,48000,"Dr. Pierre Dupont, +41-22-929-2929","ISO 9001, ISO 14001, SEMI MS8, JEDEC JESD47, AEC-Q100, RoHS",30,"Net 45",24,"SEMI MS8, JEDEC JESD47, AEC-Q100","ST Sustainability Strategy, Carbon neutral by 2027, Circular economy approach",1,9.5%
Microelectromechanical systems (MEMS),Analog Devices,"Wilmington, Massachusetts, USA","Wilmington (USA), Limerick (Ireland), Manila (Philippines), Shanghai (China)",procurement@analog.com,www.analog.com,4.9,220,"$7,300,000,000",1965,24700,"Dr. Michael Johnson, +1-781-329-4700","ISO 9001, ISO 14001, SEMI MS8, JEDEC JESD47, AEC-Q100, RoHS",30,"Net 45",24,"SEMI MS8, JEDEC JESD47, AEC-Q100","Analog Devices Sustainability Vision, Energy efficiency initiative, Water conservation program",1,10.5%
Microelectromechanical systems (MEMS),Infineon Technologies,"Neubiberg, Germany","Neubiberg (Germany), San Jose (USA), Singapore, Shanghai (China)",procurement@infineon.com,www.infineon.com,4.8,220,"$10,800,000,000",1999,41400,"Dr. Thomas Weber, +49-89-234-0","ISO 9001, ISO 14001, SEMI MS8, JEDEC JESD47, AEC-Q100, RoHS",30,"Net 45",24,"SEMI MS8, JEDEC JESD47, AEC-Q100","Infineon Carbon Neutrality 2030, Sustainable manufacturing, Energy efficiency program",1,11.5%
Microelectromechanical systems (MEMS),TDK InvenSense,"San Jose, California, USA","San Jose (USA), Nagoya (Japan), Shanghai (China), Eindhoven (Netherlands)",procurement@invensense.com,www.invensense.com,4.7,180,"$12,500,000,000",2003,100000,"Dr. Sarah Williams, +1-408-988-7339","ISO 9001, ISO 14001, SEMI MS8, JEDEC JESD47, AEC-Q100, RoHS",30,"Net 45",24,"SEMI MS8, JEDEC JESD47, AEC-Q100","TDK Environmental Vision 2035, Green factories initiative, Sustainable product design",1,12.5%
Microelectromechanical systems (MEMS),Texas Instruments,"Dallas, Texas, USA","Dallas (USA), Freising (Germany), Bangalore (India), Shanghai (China)",procurement@ti.com,www.ti.com,4.8,250,"$18,300,000,000",1930,30000,"Dr. Robert Wilson, +1-214-479-3100","ISO 9001, ISO 14001, SEMI MS8, JEDEC JESD47, AEC-Q100, RoHS",30,"Net 45",24,"SEMI MS8, JEDEC JESD47, AEC-Q100","TI Sustainability Strategy, Carbon neutral operations by 2035, Resource efficiency program",1,9.5%
Microelectromechanical systems (MEMS),Murata Manufacturing,"Kyoto, Japan","Kyoto (Japan), Smyrna (USA), Hoofddorp (Netherlands), Shanghai (China)",procurement@murata.com,www.murata.com,4.8,220,"$15,100,000,000",1944,73000,"Dr. Takashi Yamamoto, +81-75-955-6711","ISO 9001, ISO 14001, SEMI MS8, JEDEC JESD47, AEC-Q100, RoHS",30,"Net 45",24,"SEMI MS8, JEDEC JESD47, AEC-Q100","Murata Environmental Vision 2050, Green manufacturing, Energy conservation program",1,10.5%
Microelectromechanical systems (MEMS),NXP Semiconductors,"Eindhoven, Netherlands","Eindhoven (Netherlands), Austin (USA), Hamburg (Germany), Shanghai (China)",procurement@nxp.com,www.nxp.com,4.7,220,"$11,100,000,000",2006,31000,"Dr. Jan van der Meer, +31-40-272-9999","ISO 9001, ISO 14001, SEMI MS8, JEDEC JESD47, AEC-Q100, RoHS",30,"Net 45",24,"SEMI MS8, JEDEC JESD47, AEC-Q100","NXP Sustainability Program, Carbon footprint reduction, Circular economy approach",1,11.5%
Microelectromechanical systems (MEMS),Qorvo,"Greensboro, North Carolina, USA","Greensboro (USA), Richardson (USA), Dezhou (China), Munich (Germany)",procurement@qorvo.com,www.qorvo.com,4.7,180,"$4,100,000,000",2015,8400,"Dr. Thomas Garcia, +1-336-664-1233","ISO 9001, ISO 14001, SEMI MS8, JEDEC JESD47, AEC-Q100, RoHS",30,"Net 45",24,"SEMI MS8, JEDEC JESD47, AEC-Q100","Qorvo Sustainability Vision, Energy efficiency initiative, Water conservation program",1,10.5%
Nuclear reactor components,Westinghouse Electric Company,"Cranberry Township, Pennsylvania, USA","Cranberry Township (USA), Columbia (USA), Västerås (Sweden), Shanghai (China)",procurement@westinghouse.com,www.westinghousenuclear.com,4.9,250,"$4,500,000,000",1886,9000,"Dr. William Thompson, +1-412-374-4744","ISO 9001, ASME BPVC Section III, ASTM E1921, NQA-1, KTA 3201, RoHS",60,"Net 90",48,"ASME BPVC Section III, NQA-1, KTA 3201","Westinghouse Sustainability Program, Carbon footprint reduction, Resource efficiency",1,8.5%
Nuclear reactor components,Framatome,"Paris, France","Paris (France), Lynchburg (USA), Erlangen (Germany), Guangzhou (China)",procurement@framatome.com,www.framatome.com,4.8,250,"$4,000,000,000",2018,14000,"Dr. Jean-Paul Martin, +33-1-34-96-00-00","ISO 9001, ASME BPVC Section III, ASTM E1921, NQA-1, RCC-M, RoHS",60,"Net 90",48,"ASME BPVC Section III, NQA-1, RCC-M","Framatome Sustainability Vision, Carbon neutral operations by 2050, Resource efficiency program",1,9.5%
Nuclear reactor components,General Electric Hitachi Nuclear Energy,"Wilmington, North Carolina, USA","Wilmington (USA), San Jose (USA), Hitachi (Japan), Toronto (Canada)",procurement@geh.com,www.gepower.com/nuclear,4.8,250,"$5,000,000,000",2007,3000,"Dr. Michael Wilson, +1-910-819-4000","ISO 9001, ASME BPVC Section III, ASTM E1921, NQA-1, JEAC 4111, RoHS",60,"Net 90",48,"ASME BPVC Section III, NQA-1, JEAC 4111","GE Ecomagination, Carbon neutral operations by 2050, Sustainable manufacturing",1,10.5%
Nuclear reactor components,Rolls-Royce Nuclear,"Derby, United Kingdom","Derby (UK), Washington (USA), Grenoble (France), Shanghai (China)",nuclear.procurement@rolls-royce.com,www.rolls-royce.com/nuclear,4.7,220,"$2,000,000,000",1971,4500,"Dr. James Wilson, +44-1332-661461","ISO 9001, ASME BPVC Section III, ASTM E1921, NQA-1, BS EN 13445, RoHS",60,"Net 90",48,"ASME BPVC Section III, NQA-1, BS EN 13445","Rolls-Royce Sustainability Vision, Carbon neutral operations by 2030, Resource efficiency program",1,11.5%
Nuclear reactor components,Doosan Heavy Industries,"Changwon, South Korea","Changwon (South Korea), Fort Lee (USA), Tarragona (Spain), Hanoi (Vietnam)",procurement@doosan.com,www.doosanheavy.com,4.7,220,"$13,000,000,000",1962,6900,"Dr. Sung-Jae Park, +82-55-278-6114","ISO 9001, ASME BPVC Section III, ASTM E1921, NQA-1, KEPIC, RoHS",60,"Net 90",48,"ASME BPVC Section III, NQA-1, KEPIC","Doosan Green Energy Initiative, Sustainable manufacturing, Energy efficiency program",1,12.5%
Nuclear reactor components,Mitsubishi Heavy Industries,"Tokyo, Japan","Tokyo (Japan), Lake Mary (USA), London (UK), Shanghai (China)",procurement@mhi.co.jp,www.mhi.com,4.8,250,"$37,000,000,000",1884,80000,"Dr. Hiroshi Tanaka, +81-3-6716-3111","ISO 9001, ASME BPVC Section III, ASTM E1921, NQA-1, JEAC 4111, RoHS",60,"Net 90",48,"ASME BPVC Section III, NQA-1, JEAC 4111","Mitsubishi Environmental Vision 2050, Carbon neutral operations, Resource efficiency",1,9.5%
Nuclear reactor components,BWX Technologies,"Lynchburg, Virginia, USA","Lynchburg (USA), Cambridge (Canada), Arnprior (Canada), Euclid (USA)",procurement@bwxt.com,www.bwxt.com,4.8,220,"$2,100,000,000",1867,6600,"Dr. Robert Johnson, +1-434-522-6000","ISO 9001, ASME BPVC Section III, ASTM E1921, NQA-1, CAN/CSA N285.0, RoHS",60,"Net 90",48,"ASME BPVC Section III, NQA-1, CAN/CSA N285.0","BWXT Sustainability Program, Energy conservation, Sustainable operations",1,10.5%
Nuclear reactor components,China National Nuclear Corporation,"Beijing, China","Beijing (China), Chengdu (China), Shanghai (China), Shenzhen (China)",procurement@cnnc.com.cn,www.cnnc.com.cn,4.7,220,"$14,000,000,000",1955,100000,"Dr. Wei-Chih Chen, +86-10-6855-4988","ISO 9001, ASME BPVC Section III, ASTM E1921, NQA-1, HAF601, RoHS",60,"Net 90",48,"ASME BPVC Section III, NQA-1, HAF601","CNNC Green Development, Carbon footprint reduction, Sustainable manufacturing",1,11.5%
Nuclear reactor components,Korea Hydro & Nuclear Power,"Gyeongju, South Korea","Gyeongju (South Korea), Seoul (South Korea), Charlotte (USA), Paris (France)",procurement@khnp.co.kr,www.khnp.co.kr,4.7,220,"$9,500,000,000",2001,12500,"Dr. Sung-Jae Park, +82-54-704-5000","ISO 9001, ASME BPVC Section III, ASTM E1921, NQA-1, KEPIC, RoHS",60,"Net 90",48,"ASME BPVC Section III, NQA-1, KEPIC","KHNP Sustainability Vision, Carbon neutral operations by 2050, Resource efficiency program",1,10.5%
Nuclear reactor components,Orano,"Courbevoie, France","Courbevoie (France), Charlotte (USA), Lingen (Germany), Beijing (China)",procurement@orano.group,www.orano.group,4.7,220,"$4,700,000,000",2017,16000,"Dr. Pierre Dubois, +33-1-34-96-00-00","ISO 9001, ASME BPVC Section III, ASTM E1921, NQA-1, RCC-M, RoHS",60,"Net 90",48,"ASME BPVC Section III, NQA-1, RCC-M","Orano Climate Commitment, Carbon neutral operations by 2040, Circular economy approach",1,9.5%
High-temperature gas sensors,Honeywell Sensing,"Charlotte, North Carolina, USA","Charlotte (USA), Golden Valley (USA), Shanghai (China), Freeport (USA)",sensing.procurement@honeywell.com,www.sensing.honeywell.com,4.9,220,"$14,100,000,000",1906,41000,"Dr. Michael Brown, +1-815-235-6847","ISO 9001, ISO 14001, IEC 61508, ATEX, IEC 60079, RoHS",30,"Net 45",24,"IEC 61508, ATEX, IEC 60079","Honeywell Sustainability Vision, Carbon neutral operations by 2035, Resource efficiency program",1,8.5%
High-temperature gas sensors,Siemens Process Instrumentation,"Karlsruhe, Germany","Karlsruhe (Germany), Spring House (USA), Shanghai (China), Bangalore (India)",pi.procurement@siemens.com,www.siemens.com/processinstrumentation,4.8,220,"$86,800,000,000",1847,303000,"Dr. Klaus Schmidt, +49-721-595-2114","ISO 9001, ISO 14001, IEC 61508, ATEX, IEC 60079, RoHS",30,"Net 45",24,"IEC 61508, ATEX, IEC 60079","Siemens DEGREE Framework, Carbon neutral operations by 2030, Circular economy initiative",1,9.5%
High-temperature gas sensors,Emerson Automation Solutions,"St. Louis, Missouri, USA","St. Louis (USA), Shakopee (USA), Solingen (Germany), Singapore",automation.procurement@emerson.com,www.emerson.com/automation,4.8,220,"$18,200,000,000",1890,86700,"Dr. Robert Wilson, +1-314-553-2000","ISO 9001, ISO 14001, IEC 61508, ATEX, IEC 60079, RoHS",30,"Net 45",24,"IEC 61508, ATEX, IEC 60079","Emerson Greening of Emerson, Carbon neutral operations by 2045, Sustainable manufacturing",1,10.5%
High-temperature gas sensors,ABB Measurement & Analytics,"Zurich, Switzerland","Zurich (Switzerland), Warminster (USA), Frankfurt (Germany), Shanghai (China)",measurement.procurement@abb.com,www.abb.com/measurement,4.7,220,"$28,900,000,000",1988,105000,"Dr. Pierre Dupont, +41-43-317-7111","ISO 9001, ISO 14001, IEC 61508, ATEX, IEC 60079, RoHS",30,"Net 45",24,"IEC 61508, ATEX, IEC 60079","ABB Sustainability Strategy 2030, Carbon neutral operations, Resource efficiency program",1,11.5%
High-temperature gas sensors,Yokogawa Electric,"Tokyo, Japan","Tokyo (Japan), Newnan (USA), Amersfoort (Netherlands), Singapore",procurement@yokogawa.com,www.yokogawa.com,4.8,180,"$3,600,000,000",1915,17500,"Dr. Takashi Yamamoto, +81-422-52-5530","ISO 9001, ISO 14001, IEC 61508, ATEX, IEC 60079, RoHS",30,"Net 45",24,"IEC 61508, ATEX, IEC 60079","Yokogawa Environmental Vision 2050, Green manufacturing, Energy conservation program",1,12.5%
High-temperature gas sensors,Endress+Hauser,"Reinach, Switzerland","Reinach (Switzerland), Greenwood (USA), Maulburg (Germany), Suzhou (China)",procurement@endress.com,www.endress.com,4.9,180,"$2,900,000,000",1953,15100,"Dr. Klaus Weber, +41-61-715-7700","ISO 9001, ISO 14001, IEC 61508, ATEX, IEC 60079, RoHS",30,"Net 45",24,"IEC 61508, ATEX, IEC 60079","Endress+Hauser Sustainability Strategy, Carbon neutral operations by 2030, Water conservation program",1,9.5%
High-temperature gas sensors,Sensirion,"Staefa, Switzerland","Staefa (Switzerland), Chicago (USA), Seoul (South Korea), Shanghai (China)",procurement@sensirion.com,www.sensirion.com,4.8,150,"$250,000,000",1998,1000,"Dr. Pierre Dupont, +41-44-306-4000","ISO 9001, ISO 14001, IEC 61508, ATEX, IEC 60079, RoHS",30,"Net 45",24,"IEC 61508, ATEX, IEC 60079","Sensirion Sustainability Vision, Energy efficiency initiative, Sustainable manufacturing",1,10.5%
High-temperature gas sensors,NGK Insulators,"Nagoya, Japan","Nagoya (Japan), Detroit (USA), Wixom (USA), Shanghai (China)",procurement@ngk.co.jp,www.ngk-insulators.com,4.7,180,"$4,300,000,000",1919,20000,"Dr. Hiroshi Tanaka, +81-52-872-7181","ISO 9001, ISO 14001, IEC 61508, ATEX, IEC 60079, RoHS",30,"Net 45",24,"IEC 61508, ATEX, IEC 60079","NGK Environmental Vision, Carbon neutral operations by 2050, Resource efficiency program",1,11.5%
High-temperature gas sensors,MSA Safety,"Cranberry Township, Pennsylvania, USA","Cranberry Township (USA), Berlin (Germany), Chatillon (France), Shanghai (China)",procurement@msasafety.com,www.msasafety.com,4.7,180,"$1,400,000,000",1914,4800,"Dr. Sarah Johnson, +1-724-776-8600","ISO 9001, ISO 14001, IEC 61508, ATEX, IEC 60079, RoHS",30,"Net 45",24,"IEC 61508, ATEX, IEC 60079","MSA Sustainability Program, Energy efficiency initiative, Water conservation program",1,10.5%
Semiconductor processing equipment,Applied Materials,"Santa Clara, California, USA","Santa Clara (USA), Austin (USA), Singapore, Rehovot (Israel)",procurement@amat.com,www.appliedmaterials.com,4.9,250,"$23,100,000,000",1967,27000,"Dr. Michael Chen, +1-408-727-5555","ISO 9001, ISO 14001, SEMI S2, SEMI S8, SEMI F47, RoHS",45,"Net 60",36,"SEMI S2, SEMI S8, SEMI F47","Applied Materials Sustainability Vision, Carbon neutral operations by 2030, Circular economy initiative",1,8.5%
Semiconductor processing equipment,Lam Research,"Fremont, California, USA","Fremont (USA), Villach (Austria), Hwaseong (South Korea), Tainan (Taiwan)",procurement@lamresearch.com,www.lamresearch.com,4.8,250,"$14,600,000,000",1980,16500,"Dr. Sarah Williams, +1-510-572-0200","ISO 9001, ISO 14001, SEMI S2, SEMI S8, SEMI F47, RoHS",45,"Net 60",36,"SEMI S2, SEMI S8, SEMI F47","Lam Research Sustainability Strategy, Carbon footprint reduction, Resource efficiency program",1,9.5%
Semiconductor processing equipment,Tokyo Electron,"Tokyo, Japan","Tokyo (Japan), Austin (USA), Dresden (Germany), Hsinchu (Taiwan)",procurement@tel.com,www.tel.com,4.8,250,"$13,500,000,000",1963,14500,"Dr. Takashi Yamamoto, +81-3-5561-7000","ISO 9001, ISO 14001, SEMI S2, SEMI S8, SEMI F47, RoHS",45,"Net 60",36,"SEMI S2, SEMI S8, SEMI F47","TEL Sustainability Vision, Green manufacturing, Energy conservation program",1,10.5%
Semiconductor processing equipment,ASML,"Veldhoven, Netherlands","Veldhoven (Netherlands), San Jose (USA), Hwaseong (South Korea), Hsinchu (Taiwan)",procurement@asml.com,www.asml.com,4.9,250,"$18,600,000,000",1984,31000,"Dr. Jan van der Meer, +31-40-268-3000","ISO 9001, ISO 14001, SEMI S2, SEMI S8, SEMI F47, RoHS",45,"Net 60",36,"SEMI S2, SEMI S8, SEMI F47","ASML Sustainability Strategy, Carbon neutral operations by 2025, Circular economy approach",1,11.5%
Semiconductor processing equipment,KLA Corporation,"Milpitas, California, USA","Milpitas (USA), Leuven (Belgium), Singapore, Yokohama (Japan)",procurement@kla.com,www.kla.com,4.8,220,"$6,200,000,000",1976,10600,"Dr. Michael Johnson, +1-408-875-3000","ISO 9001, ISO 14001, SEMI S2, SEMI S8, SEMI F47, RoHS",45,"Net 60",36,"SEMI S2, SEMI S8, SEMI F47","KLA Sustainability Program, Energy efficiency initiative, Water conservation program",1,12.5%
Semiconductor processing equipment,Hitachi High-Tech,"Tokyo, Japan","Tokyo (Japan), Dallas (USA), Frankfurt (Germany), Shanghai (China)",procurement@hitachi-hightech.com,www.hitachi-hightech.com,4.7,220,"$6,800,000,000",2001,10000,"Dr. Hiroshi Tanaka, +81-3-3504-7111","ISO 9001, ISO 14001, SEMI S2, SEMI S8, SEMI F47, RoHS",45,"Net 60",36,"SEMI S2, SEMI S8, SEMI F47","Hitachi Environmental Vision, Carbon neutral operations by 2050, Sustainable manufacturing",1,9.5%
Semiconductor processing equipment,Screen Semiconductor Solutions,"Kyoto, Japan","Kyoto (Japan), San Jose (USA), Dresden (Germany), Hsinchu (Taiwan)",procurement@screen.co.jp,www.screen.co.jp,4.7,220,"$2,800,000,000",1943,5800,"Dr. Takashi Yamamoto, +81-75-414-7131","ISO 9001, ISO 14001, SEMI S2, SEMI S8, SEMI F47, RoHS",45,"Net 60",36,"SEMI S2, SEMI S8, SEMI F47","Screen Green Value 21 Initiative, Energy efficiency initiative, Water conservation program",1,10.5%
Semiconductor processing equipment,ASM International,"Almere, Netherlands","Almere (Netherlands), Phoenix (USA), Tokyo (Japan), Singapore",procurement@asm.com,www.asm.com,4.7,220,"$1,700,000,000",1968,2600,"Dr. Jan van der Meer, +31-88-100-8500","ISO 9001, ISO 14001, SEMI S2, SEMI S8, SEMI F47, RoHS",45,"Net 60",36,"SEMI S2, SEMI S8, SEMI F47","ASM Sustainability Vision, Carbon footprint reduction, Resource efficiency program",1,11.5%
Semiconductor processing equipment,Teradyne,"North Reading, Massachusetts, USA","North Reading (USA), San Jose (USA), Cebu (Philippines), Shanghai (China)",procurement@teradyne.com,www.teradyne.com,4.7,180,"$3,100,000,000",1960,5900,"Dr. Robert Wilson, +1-978-370-2700","ISO 9001, ISO 14001, SEMI S2, SEMI S8, SEMI F47, RoHS",45,"Net 60",36,"SEMI S2, SEMI S8, SEMI F47","Teradyne Sustainability Program, Energy efficiency initiative, Sustainable operations",1,10.5%
Metallization layers,Materion,"Mayfield Heights, Ohio, USA","Mayfield Heights (USA), Buffalo (USA), Alzenau (Germany), Shanghai (China)",procurement@materion.com,www.materion.com,4.8,220,"$1,200,000,000",1931,2600,"Dr. Michael Johnson, +1-216-486-4200","ISO 9001, ISO 14001, ASTM F1137, SEMI C22, JEDEC JESD22, RoHS",30,"Net 45",24,"ASTM F1137, SEMI C22, JEDEC JESD22","Materion Sustainability Vision, Carbon footprint reduction, Resource efficiency program",1,8.5%
Metallization layers,Umicore,"Brussels, Belgium","Brussels (Belgium), Hoboken (Belgium), Hanau (Germany), Shanghai (China)",procurement@umicore.com,www.umicore.com,4.9,220,"$17,200,000,000",1805,11000,"Dr. Pierre Dupont, +32-2-227-71-11","ISO 9001, ISO 14001, ASTM F1137, SEMI C22, JEDEC JESD22, RoHS",30,"Net 45",24,"ASTM F1137, SEMI C22, JEDEC JESD22","Umicore Let's Go For Zero, Carbon neutral operations by 2035, Circular economy initiative",1,9.5%
Metallization layers,Heraeus,"Hanau, Germany","Hanau (Germany), West Conshohocken (USA), Shanghai (China), Singapore",procurement@heraeus.com,www.heraeus.com,4.8,220,"$22,000,000,000",1851,14800,"Dr. Klaus Schmidt, +49-6181-35-0","ISO 9001, ISO 14001, ASTM F1137, SEMI C22, JEDEC JESD22, RoHS",30,"Net 45",24,"ASTM F1137, SEMI C22, JEDEC JESD22","Heraeus Sustainability Strategy, Carbon neutral operations by 2030, Resource efficiency program",1,10.5%
Metallization layers,Tanaka Precious Metals,"Tokyo, Japan","Tokyo (Japan), Hiratsuka (Japan), Singapore, San Jose (USA)",procurement@tanaka.co.jp,www.tanaka.co.jp,4.7,180,"$8,500,000,000",1885,5000,"Dr. Takashi Yamamoto, +81-3-6311-5511","ISO 9001, ISO 14001, ASTM F1137, SEMI C22, JEDEC JESD22, RoHS",30,"Net 45",24,"ASTM F1137, SEMI C22, JEDEC JESD22","Tanaka Environmental Vision, Green manufacturing, Energy conservation program",1,11.5%
Metallization layers,Praxair Surface Technologies,"Indianapolis, Indiana, USA","Indianapolis (USA), Danbury (USA), Changzhou (China), Ratingen (Germany)",procurement@praxair.com,www.praxairsurfacetechnologies.com,4.8,180,"$11,900,000,000",1907,26000,"Dr. Robert Wilson, +1-317-240-2500","ISO 9001, ISO 14001, ASTM F1137, SEMI C22, JEDEC JESD22, RoHS",30,"Net 45",24,"ASTM F1137, SEMI C22, JEDEC JESD22","Praxair Sustainability Program, Carbon neutral operations by 2050, Resource efficiency initiative",1,12.5%
Metallization layers,Tosoh SMD,"Grove City, Ohio, USA","Grove City (USA), Yamagata (Japan), Taipei (Taiwan), Dresden (Germany)",procurement@tosoh-smd.com,www.tosoh-smd.com,4.7,150,"$800,000,000",1989,600,"Dr. Michael Chen, +1-614-875-7000","ISO 9001, ISO 14001, ASTM F1137, SEMI C22, JEDEC JESD22, RoHS",30,"Net 45",24,"ASTM F1137, SEMI C22, JEDEC JESD22","Tosoh Responsible Care Program, Energy efficiency initiative, Sustainable manufacturing",1,9.5%
Metallization layers,ULVAC,"Chigasaki, Japan","Chigasaki (Japan), Methuen (USA), Munich (Germany), Suzhou (China)",procurement@ulvac.com,www.ulvac.com,4.7,180,"$2,000,000,000",1952,6200,"Dr. Hiroshi Tanaka, +81-467-89-2033","ISO 9001, ISO 14001, ASTM F1137, SEMI C22, JEDEC JESD22, RoHS",30,"Net 45",24,"ASTM F1137, SEMI C22, JEDEC JESD22","ULVAC Green Products Program, Energy conservation, Sustainable operations",1,10.5%
Metallization layers,Plansee Group,"Reutte, Austria","Reutte (Austria), Franklin (USA), Esashi (Japan), Shanghai (China)",procurement@plansee.com,www.plansee.com,4.8,180,"$1,500,000,000",1921,2500,"Dr. Klaus Weber, +43-5672-600-0","ISO 9001, ISO 14001, ASTM F1137, SEMI C22, JEDEC JESD22, RoHS",30,"Net 45",24,"ASTM F1137, SEMI C22, JEDEC JESD22","Plansee Sustainability Vision, Carbon footprint reduction, Resource efficiency program",1,11.5%
Metallization layers,JX Nippon Mining & Metals,"Tokyo, Japan","Tokyo (Japan), Chandler (USA), Frankfurt (Germany), Pyeongtaek (South Korea)",procurement@jxmetals.com,www.jx-nmm.com,4.7,180,"$10,500,000,000",1992,9000,"Dr. Takashi Yamamoto, +81-3-6213-3600","ISO 9001, ISO 14001, ASTM F1137, SEMI C22, JEDEC JESD22, RoHS",30,"Net 45",24,"ASTM F1137, SEMI C22, JEDEC JESD22","JX Nippon Environmental Vision 2040, Energy efficiency initiative, Water conservation program",1,10.5%
Armor materials,Ceradyne (3M),"Costa Mesa, California, USA","Costa Mesa (USA), St. Paul (USA), Kempten (Germany), Guangzhou (China)",procurement@ceradyne.com,www.3m.com/ceradyne,4.9,250,"$32,100,000,000",1967,95000,"Dr. Michael Johnson, +1-714-549-0421","ISO 9001, ISO 14001, MIL-DTL-32269, NIJ 0101.06, VPAM, RoHS",60,"Net 60",48,"MIL-DTL-32269, NIJ 0101.06, VPAM","3M Sustainability Vision, Carbon neutral operations by 2050, Resource efficiency program",1,8.5%
Armor materials,CoorsTek,"Golden, Colorado, USA","Golden (USA), Grand Junction (USA), Uden (Netherlands), Oguni (Japan)",procurement@coorstek.com,www.coorstek.com,4.8,220,"$1,500,000,000",1910,6000,"Dr. Robert Wilson, +1-303-271-7100","ISO 9001, ISO 14001, MIL-DTL-32269, NIJ 0101.06, VPAM, RoHS",60,"Net 60",48,"MIL-DTL-32269, NIJ 0101.06, VPAM","CoorsTek Sustainability Program, Energy efficiency initiative, Water conservation program",1,9.5%
Armor materials,Saint-Gobain Ceramics,"Courbevoie, France","Courbevoie (France), Worcester (USA), Rodental (Germany), Shanghai (China)",procurement@saint-gobain.com,www.ceramics.saint-gobain.com,4.8,220,"$44,200,000,000",1665,166000,"Dr. Pierre Dupont, +33-1-47-62-30-00","ISO 9001, ISO 14001, MIL-DTL-32269, NIJ 0101.06, VPAM, RoHS",60,"Net 60",48,"MIL-DTL-32269, NIJ 0101.06, VPAM","Saint-Gobain Net Zero Carbon by 2050, Circular economy initiative, Sustainable manufacturing",1,10.5%
Armor materials,Schunk Carbon Technology,"Heuchelheim, Germany","Heuchelheim (Germany), Menomonee Falls (USA), Pune (India), Shanghai (China)",procurement@schunk-group.com,www.schunk-carbontechnology.com,4.7,180,"$1,600,000,000",1913,9000,"Dr. Klaus Weber, +49-641-608-0","ISO 9001, ISO 14001, MIL-DTL-32269, NIJ 0101.06, VPAM, RoHS",60,"Net 60",48,"MIL-DTL-32269, NIJ 0101.06, VPAM","Schunk Sustainability Vision, Carbon footprint reduction, Resource efficiency program",1,11.5%
Armor materials,Kyocera Corporation,"Kyoto, Japan","Kyoto (Japan), San Diego (USA), Esslingen (Germany), Shanghai (China)",procurement@kyocera.jp,www.global.kyocera.com,4.8,220,"$14,900,000,000",1959,75500,"Dr. Takashi Yamamoto, +81-75-604-3500","ISO 9001, ISO 14001, MIL-DTL-32269, NIJ 0101.06, VPAM, RoHS",60,"Net 60",48,"MIL-DTL-32269, NIJ 0101.06, VPAM","Kyocera Environmental Vision 2030, Green factories initiative, Sustainable product design",1,12.5%
Armor materials,Morgan Advanced Materials,"Windsor, United Kingdom","Windsor (UK), Augusta (USA), Stourport (UK), Shanghai (China)",procurement@morganplc.com,www.morganadvancedmaterials.com,4.7,180,"$1,300,000,000",1856,7700,"Dr. James Wilson, +44-1753-837000","ISO 9001, ISO 14001, MIL-DTL-32269, NIJ 0101.06, VPAM, RoHS",60,"Net 60",48,"MIL-DTL-32269, NIJ 0101.06, VPAM","Morgan Sustainability 2030, Carbon neutral operations, Resource efficiency program",1,9.5%
Armor materials,Ceramtec,"Plochingen, Germany","Plochingen (Germany), Laurens (USA), Marktredwitz (Germany), Suzhou (China)",procurement@ceramtec.com,www.ceramtec.com,4.8,180,"$800,000,000",1903,3600,"Dr. Klaus Schmidt, +49-7153-611-0","ISO 9001, ISO 14001, MIL-DTL-32269, NIJ 0101.06, VPAM, RoHS",60,"Net 60",48,"MIL-DTL-32269, NIJ 0101.06, VPAM","Ceramtec Sustainability Program, Energy efficiency initiative, Sustainable manufacturing",1,10.5%
Armor materials,Honeywell Advanced Materials,"Charlotte, North Carolina, USA","Charlotte (USA), Morris Plains (USA), Shanghai (China), Brussels (Belgium)",procurement@honeywell.com,www.honeywell-advanced-materials.com,4.9,220,"$34,400,000,000",1906,110000,"Dr. Michael Brown, +1-973-455-2000","ISO 9001, ISO 14001, MIL-DTL-32269, NIJ 0101.06, VPAM, RoHS",60,"Net 60",48,"MIL-DTL-32269, NIJ 0101.06, VPAM","Honeywell Sustainability Vision, Carbon neutral operations by 2035, Resource efficiency program",1,11.5%
Armor materials,Ibiden,"Ogaki, Japan","Ogaki (Japan), Dusseldorf (Germany), Santa Clara (USA), Penang (Malaysia)",procurement@ibiden.com,www.ibiden.com,4.7,180,"$3,000,000,000",1912,15000,"Dr. Hiroshi Tanaka, +81-584-81-3111","ISO 9001, ISO 14001, MIL-DTL-32269, NIJ 0101.06, VPAM, RoHS",60,"Net 60",48,"MIL-DTL-32269, NIJ 0101.06, VPAM","Ibiden Environmental Vision 2050, Green manufacturing, Energy conservation program",1,10.5%
Abrasives,Saint-Gobain Abrasives,"Worcester, Massachusetts, USA","Worcester (USA), Courbevoie (France), Shanghai (China), Bangalore (India)",procurement@saint-gobain.com,www.saint-gobain-abrasives.com,4.9,220,"$44,200,000,000",1665,166000,"Dr. Michael Johnson, +1-508-795-5000","ISO 9001, ISO 14001, ANSI B74.12, FEPA 42-GB, FEPA 42-F, RoHS",30,"Net 45",24,"ANSI B74.12, FEPA 42-GB, FEPA 42-F","Saint-Gobain Net Zero Carbon by 2050, Circular economy initiative, Sustainable manufacturing",1,8.5%
Abrasives,3M Abrasive Systems,"St. Paul, Minnesota, USA","St. Paul (USA), Neuss (Germany), Shanghai (China), Bangalore (India)",procurement@mmm.com,www.3m.com/abrasives,4.8,220,"$32,100,000,000",1902,95000,"Dr. Sarah Williams, +1-651-733-1110","ISO 9001, ISO 14001, ANSI B74.12, FEPA 42-GB, FEPA 42-F, RoHS",30,"Net 45",24,"ANSI B74.12, FEPA 42-GB, FEPA 42-F","3M Sustainability Vision, Carbon neutral operations by 2050, Resource efficiency program",1,9.5%
Abrasives,Hermes Schleifmittel,"Hamburg, Germany","Hamburg (Germany), Virginia Beach (USA), Shanghai (China), Kuala Lumpur (Malaysia)",procurement@hermes-abrasives.com,www.hermes-abrasives.com,4.7,180,"$350,000,000",1927,1100,"Dr. Klaus Schmidt, +49-40-8330-0","ISO 9001, ISO 14001, ANSI B74.12, FEPA 42-GB, FEPA 42-F, RoHS",30,"Net 45",24,"ANSI B74.12, FEPA 42-GB, FEPA 42-F","Hermes Sustainability Program, Energy efficiency initiative, Sustainable manufacturing",1,10.5%
Abrasives,Klingspor,"Haiger, Germany","Haiger (Germany), Hickory (USA), Shanghai (China), Sao Paulo (Brazil)",procurement@klingspor.com,www.klingspor.com,4.7,180,"$300,000,000",1893,2600,"Dr. Klaus Weber, +49-2773-922-0","ISO 9001, ISO 14001, ANSI B74.12, FEPA 42-GB, FEPA 42-F, RoHS",30,"Net 45",24,"ANSI B74.12, FEPA 42-GB, FEPA 42-F","Klingspor Environmental Vision, Carbon footprint reduction, Resource efficiency program",1,11.5%
Abrasives,Mirka,"Jeppo, Finland","Jeppo (Finland), Twinsburg (USA), Shanghai (China), Bangalore (India)",procurement@mirka.com,www.mirka.com,4.8,180,"$300,000,000",1943,1200,"Dr. Jan Andersson, +358-20-760-2111","ISO 9001, ISO 14001, ANSI B74.12, FEPA 42-GB, FEPA 42-F, RoHS",30,"Net 45",24,"ANSI B74.12, FEPA 42-GB, FEPA 42-F","Mirka Sustainability Strategy, Carbon neutral operations, Energy efficiency initiative",1,12.5%
Abrasives,VSM Abrasives,"Hannover, Germany","Hannover (Germany), O'Fallon (USA), Shanghai (China), Bangkok (Thailand)",procurement@vsmabrasives.com,www.vsmabrasives.com,4.7,150,"$250,000,000",1864,1300,"Dr. Klaus Schmidt, +49-511-3526-0","ISO 9001, ISO 14001, ANSI B74.12, FEPA 42-GB, FEPA 42-F, RoHS",30,"Net 45",24,"ANSI B74.12, FEPA 42-GB, FEPA 42-F","VSM Sustainability Program, Energy efficiency initiative, Water conservation program",1,9.5%
Abrasives,Washington Mills,"North Grafton, Massachusetts, USA","North Grafton (USA), Niagara Falls (USA), Orkanger (Norway), Tonawanda (USA)",procurement@washingtonmills.com,www.washingtonmills.com,4.7,180,"$200,000,000",1868,900,"Dr. Robert Wilson, +1-508-839-6511","ISO 9001, ISO 14001, ANSI B74.12, FEPA 42-GB, FEPA 42-F, RoHS",30,"Net 45",24,"ANSI B74.12, FEPA 42-GB, FEPA 42-F","Washington Mills Sustainability Vision, Energy efficiency initiative, Sustainable manufacturing",1,10.5%
Abrasives,Fujimi Corporation,"Kiyosu, Japan","Kiyosu (Japan), Tualatin (USA), Willich (Germany), Shanghai (China)",procurement@fujimiinc.com,www.fujimiinc.com,4.8,180,"$350,000,000",1953,1200,"Dr. Takashi Yamamoto, +81-52-503-7659","ISO 9001, ISO 14001, ANSI B74.12, FEPA 42-GB, FEPA 42-F, RoHS",30,"Net 45",24,"ANSI B74.12, FEPA 42-GB, FEPA 42-F","Fujimi Environmental Vision, Green manufacturing, Energy conservation program",1,11.5%
Abrasives,Tyrolit,"Schwaz, Austria","Schwaz (Austria), Painesville (USA), Shanghai (China), Dubai (UAE)",procurement@tyrolit.com,www.tyrolit.com,4.8,180,"$800,000,000",1919,4500,"Dr. Klaus Weber, +43-5242-606-0","ISO 9001, ISO 14001, ANSI B74.12, FEPA 42-GB, FEPA 42-F, RoHS",30,"Net 45",24,"ANSI B74.12, FEPA 42-GB, FEPA 42-F","Tyrolit Sustainability Program, Carbon footprint reduction, Resource efficiency initiative",1,10.5%
Wafer carriers for semiconductor processing,Entegris,"Billerica, Massachusetts, USA","Billerica (USA), Danbury (USA), Hsinchu (Taiwan), Kyoto (Japan)",procurement@entegris.com,www.entegris.com,4.9,250,"$2,300,000,000",1966,6500,"Dr. Michael Johnson, +1-978-436-6500","ISO 9001, ISO 14001, SEMI S2, SEMI F47, SEMI S8, RoHS",60,"Net 60",48,"SEMI S2, SEMI F47, SEMI S8","Entegris Sustainability Vision, Carbon neutral operations by 2030, Resource efficiency program",1,8.5%
Wafer carriers for semiconductor processing,Ferrotec,"Santa Clara, California, USA","Santa Clara (USA), Tokyo (Japan), Singapore (Singapore), Dresden (Germany)",procurement@ferrotec.com,www.ferrotec.com,4.8,220,"$700,000,000",1980,3200,"Dr. Robert Wilson, +1-408-986-0188","ISO 9001, ISO 14001, SEMI S2, SEMI F47, SEMI S8, RoHS",60,"Net 60",48,"SEMI S2, SEMI F47, SEMI S8","Ferrotec Environmental Program, Energy efficiency initiative, Water conservation program",1,9.5%
Wafer carriers for semiconductor processing,SGL Carbon,"Wiesbaden, Germany","Wiesbaden (Germany), Bonn (Germany), Shanghai (China), Charlotte (USA)",procurement@sglcarbon.com,www.sglcarbon.com,4.8,220,"$1,100,000,000",1992,4800,"Dr. Klaus Schmidt, +49-611-6029-0","ISO 9001, ISO 14001, SEMI S2, SEMI F47, SEMI S8, RoHS",60,"Net 60",48,"SEMI S2, SEMI F47, SEMI S8","SGL Carbon Sustainability Vision, Carbon footprint reduction, Resource efficiency program",1,10.5%
Wafer carriers for semiconductor processing,Toyo Tanso,"Osaka, Japan","Osaka (Japan), Troutdale (USA), Shanghai (China), Meerbusch (Germany)",procurement@toyotanso.com,www.toyotanso.com,4.7,180,"$400,000,000",1947,2500,"Dr. Takashi Yamamoto, +81-6-6451-2512","ISO 9001, ISO 14001, SEMI S2, SEMI F47, SEMI S8, RoHS",60,"Net 60",48,"SEMI S2, SEMI F47, SEMI S8","Toyo Tanso Environmental Vision, Green manufacturing, Energy conservation program",1,11.5%
Wafer carriers for semiconductor processing,XYCARB Ceramics,"Helmond, Netherlands","Helmond (Netherlands), San Diego (USA), Singapore (Singapore), Hsinchu (Taiwan)",procurement@xycarb.com,www.xycarb.com,4.8,220,"$150,000,000",1982,600,"Dr. Jan van der Meer, +31-492-579444","ISO 9001, ISO 14001, SEMI S2, SEMI F47, SEMI S8, RoHS",60,"Net 60",48,"SEMI S2, SEMI F47, SEMI S8","XYCARB Sustainability Program, Energy efficiency initiative, Sustainable manufacturing",1,12.5%
Wafer carriers for semiconductor processing,Morgan Advanced Materials,"Windsor, United Kingdom","Windsor (UK), Augusta (USA), Stourport (UK), Shanghai (China)",procurement@morganplc.com,www.morganadvancedmaterials.com,4.7,180,"$1,300,000,000",1856,7700,"Dr. James Wilson, +44-1753-837000","ISO 9001, ISO 14001, SEMI S2, SEMI F47, SEMI S8, RoHS",60,"Net 60",48,"SEMI S2, SEMI F47, SEMI S8","Morgan Sustainability 2030, Carbon neutral operations, Resource efficiency program",1,9.5%
Wafer carriers for semiconductor processing,CoorsTek,"Golden, Colorado, USA","Golden (USA), Grand Junction (USA), Uden (Netherlands), Oguni (Japan)",procurement@coorstek.com,www.coorstek.com,4.8,220,"$1,500,000,000",1910,6000,"Dr. Robert Wilson, +1-303-271-7100","ISO 9001, ISO 14001, SEMI S2, SEMI F47, SEMI S8, RoHS",60,"Net 60",48,"SEMI S2, SEMI F47, SEMI S8","CoorsTek Sustainability Program, Energy efficiency initiative, Water conservation program",1,10.5%
Wafer carriers for semiconductor processing,Toto,"Kitakyushu, Japan","Kitakyushu (Japan), Morrow (USA), Frankfurt (Germany), Suzhou (China)",procurement@toto.co.jp,www.toto.co.jp,4.8,180,"$5,200,000,000",1917,28000,"Dr. Hiroshi Tanaka, +81-93-951-2111","ISO 9001, ISO 14001, SEMI S2, SEMI F47, SEMI S8, RoHS",60,"Net 60",48,"SEMI S2, SEMI F47, SEMI S8","Toto Environmental Vision, Green manufacturing, Energy conservation program",1,11.5%
Wafer carriers for semiconductor processing,Calix Ceramic Solutions,"Tucson, Arizona, USA","Tucson (USA), San Jose (USA), Hsinchu (Taiwan), Singapore (Singapore)",procurement@calixceramics.com,www.calixceramics.com,4.7,180,"$120,000,000",1998,450,"Dr. Sarah Williams, +1-520-795-8000","ISO 9001, ISO 14001, SEMI S2, SEMI F47, SEMI S8, RoHS",60,"Net 60",48,"SEMI S2, SEMI F47, SEMI S8","Calix Sustainability Initiative, Energy efficiency program, Sustainable manufacturing",1,10.5%
Quantum computing components,IBM Quantum,"Yorktown Heights, New York, USA","Yorktown Heights (USA), Zurich (Switzerland), Tokyo (Japan), Melbourne (Australia)",procurement@ibm.com,www.ibm.com/quantum,4.9,250,"$73,600,000,000",1911,350000,"Dr. Jennifer Harris, +1-914-945-3000","ISO 9001, ISO 14001, REACH, IEC TS 62853, IEEE 1906.1, NIST QIP, RoHS",90,"Net 90",72,"IEC TS 62853, IEEE 1906.1, NIST QIP","IBM Climate Action Plan, Carbon neutral by 2030, Quantum-specific sustainability initiative",1,8.5%
Quantum computing components,Quantum Brilliance,"Canberra, Australia","Canberra (Australia), Stuttgart (Germany), Mountain View (USA), Tokyo (Japan)",procurement@quantumbrilliance.com,www.quantumbrilliance.com,4.8,220,"$75,000,000",2019,120,"Dr. Marcus Johnson, +61-2-6125-5111","ISO 9001, ISO 14001, REACH, IEC TS 62853, IEEE 1906.1, NIST QIP, RoHS",60,"Net 60",48,"IEC TS 62853, IEEE 1906.1, NIST QIP","Quantum Brilliance Green Initiative, Energy-efficient quantum computing, Sustainable lab practices",1,9.5%
Quantum computing components,Rigetti Computing,"Berkeley, California, USA","Berkeley (USA), London (UK), Sydney (Australia), Helsinki (Finland)",procurement@rigetti.com,www.rigetti.com,4.7,180,"$200,000,000",2013,160,"Dr. Sarah Chen, +1-510-210-5550","ISO 9001, ISO 14001, REACH, IEC TS 62853, IEEE 1906.1, NIST QIP, RoHS",60,"Net 60",48,"IEC TS 62853, IEEE 1906.1, NIST QIP","Rigetti Sustainability Program, Efficient cooling systems, Renewable energy commitment",1,10.5%
Quantum computing components,Quantum Machines,"Tel Aviv, Israel","Tel Aviv (Israel), Paris (France), Boulder (USA), Munich (Germany)",procurement@quantum-machines.co,www.quantum-machines.co,4.7,180,"$150,000,000",2018,110,"Dr. David Cohen, +972-3-978-6500","ISO 9001, ISO 14001, REACH, IEC TS 62853, IEEE 1906.1, NIST QIP, RoHS",60,"Net 60",48,"IEC TS 62853, IEEE 1906.1, NIST QIP","Quantum Machines Green Computing, Energy efficiency initiative, Sustainable operations",1,11.5%
Quantum computing components,SeeQC,"Elmsford, New York, USA","Elmsford (USA), London (UK), Rome (Italy), Tokyo (Japan)",procurement@seeqc.com,www.seeqc.com,4.8,180,"$100,000,000",2018,85,"Dr. Robert Wilson, +1-914-592-1190","ISO 9001, ISO 14001, REACH, IEC TS 62853, IEEE 1906.1, NIST QIP, RoHS",60,"Net 60",48,"IEC TS 62853, IEEE 1906.1, NIST QIP","SeeQC Sustainability Vision, Energy-efficient quantum computing, Responsible materials sourcing",1,12.5%
Quantum computing components,NTT Research,"Sunnyvale, California, USA","Sunnyvale (USA), Tokyo (Japan), Zurich (Switzerland), Munich (Germany)",procurement@ntt-research.com,www.ntt-research.com,4.8,220,"$107,000,000,000",1952,320000,"Dr. Takashi Yamamoto, +1-650-810-8000","ISO 9001, ISO 14001, REACH, IEC TS 62853, IEEE 1906.1, NIST QIP, RoHS",60,"Net 60",48,"IEC TS 62853, IEEE 1906.1, NIST QIP","NTT Environmental Vision 2030, Energy-efficient quantum research, Sustainable computing",1,9.5%
Quantum computing components,Quantum Motion,"London, United Kingdom","London (UK), Oxford (UK), Cambridge (UK), Delft (Netherlands)",procurement@quantummotion.tech,www.quantummotion.tech,4.7,180,"$80,000,000",2017,70,"Dr. James Wilson, +44-20-3908-6070","ISO 9001, ISO 14001, REACH, IEC TS 62853, IEEE 1906.1, NIST QIP, RoHS",60,"Net 60",48,"IEC TS 62853, IEEE 1906.1, NIST QIP","Quantum Motion Sustainability Initiative, Energy efficiency program, Sustainable lab practices",1,10.5%
Quantum computing components,Q-CTRL,"Sydney, Australia","Sydney (Australia), Los Angeles (USA), Berlin (Germany), Tokyo (Japan)",procurement@q-ctrl.com,www.q-ctrl.com,4.7,180,"$95,000,000",2017,80,"Dr. Michael Brown, +61-2-9036-6000","ISO 9001, ISO 14001, REACH, IEC TS 62853, IEEE 1906.1, NIST QIP, RoHS",60,"Net 60",48,"IEC TS 62853, IEEE 1906.1, NIST QIP","Q-CTRL Green Quantum Initiative, Energy efficiency program, Sustainable operations",1,11.5%
Quantum computing components,Quantum Circuits Inc.,"New Haven, Connecticut, USA","New Haven (USA), Boston (USA), Palo Alto (USA), Munich (Germany)",procurement@quantumcircuits.com,www.quantumcircuits.com,4.8,180,"$120,000,000",2015,90,"Dr. Sarah Williams, +1-203-562-5000","ISO 9001, ISO 14001, REACH, IEC TS 62853, IEEE 1906.1, NIST QIP, RoHS",60,"Net 60",48,"IEC TS 62853, IEEE 1906.1, NIST QIP","QCI Sustainability Program, Energy-efficient quantum computing, Responsible materials sourcing",1,10.5%
Biomaterial implants,Stryker Corporation,"Kalamazoo, Michigan, USA","Kalamazoo (USA), Mahwah (USA), Freiburg (Germany), Cork (Ireland)",procurement@stryker.com,www.stryker.com,4.9,250,"$17,100,000,000",1941,46000,"Dr. Jennifer Harris, +1-269-385-2600","ISO 13485, ISO 14001, FDA 21 CFR 820, ASTM F1854, ASTM F2026, ASTM F2847, RoHS",90,"Net 90",72,"ASTM F1854, ASTM F2026, ASTM F2847","Stryker Sustainability Solutions, Circular economy program, Responsible materials initiative",1,8.5%
Biomaterial implants,Zimmer Biomet,"Warsaw, Indiana, USA","Warsaw (USA), Winterthur (Switzerland), Beijing (China), Sydney (Australia)",procurement@zimmerbiomet.com,www.zimmerbiomet.com,4.8,220,"$7,800,000,000",1927,20000,"Dr. Marcus Johnson, +1-574-267-6131","ISO 13485, ISO 14001, FDA 21 CFR 820, ASTM F1854, ASTM F2026, ASTM F2847, RoHS",90,"Net 90",72,"ASTM F1854, ASTM F2026, ASTM F2847","Zimmer Biomet Sustainability Vision, Eco-friendly implant design, Responsible sourcing",1,9.5%
Biomaterial implants,DePuy Synthes (J&J),"Raynham, Massachusetts, USA","Raynham (USA), West Chester (USA), Zuchwil (Switzerland), Leeds (UK)",procurement@depuysynthes.com,www.depuysynthes.com,4.8,220,"$10,500,000,000",1895,23000,"Dr. Sarah Chen, +1-508-977-3000","ISO 13485, ISO 14001, FDA 21 CFR 820, ASTM F1854, ASTM F2026, ASTM F2847, RoHS",90,"Net 90",72,"ASTM F1854, ASTM F2026, ASTM F2847","Johnson & Johnson Health for Humanity, Sustainable product design, Carbon neutral by 2030",1,10.5%
Biomaterial implants,Medtronic,"Dublin, Ireland","Dublin (Ireland), Minneapolis (USA), Shanghai (China), Singapore (Singapore)",procurement@medtronic.com,www.medtronic.com,4.9,250,"$31,700,000,000",1949,90000,"Dr. David Cohen, +353-1-438-1700","ISO 13485, ISO 14001, FDA 21 CFR 820, ASTM F1854, ASTM F2026, ASTM F2847, RoHS",90,"Net 90",72,"ASTM F1854, ASTM F2026, ASTM F2847","Medtronic Sustainability Program, Carbon footprint reduction, Circular economy initiative",1,11.5%
Biomaterial implants,Smith & Nephew,"London, United Kingdom","London (UK), Memphis (USA), Suzhou (China), Hull (UK)",procurement@smith-nephew.com,www.smith-nephew.com,4.8,220,"$5,200,000,000",1856,18000,"Dr. Robert Wilson, +44-20-7401-7646","ISO 13485, ISO 14001, FDA 21 CFR 820, ASTM F1854, ASTM F2026, ASTM F2847, RoHS",90,"Net 90",72,"ASTM F1854, ASTM F2026, ASTM F2847","Smith & Nephew Sustainability Strategy, Sustainable product lifecycle, Resource efficiency",1,12.5%
Biomaterial implants,Aesculap (B. Braun),"Tuttlingen, Germany","Tuttlingen (Germany), Melsungen (Germany), Penang (Malaysia), Sao Paulo (Brazil)",procurement@aesculap.com,www.aesculap.com,4.8,220,"$8,400,000,000",1867,64000,"Dr. Klaus Schmidt, +49-7461-95-0","ISO 13485, ISO 14001, FDA 21 CFR 820, ASTM F1854, ASTM F2026, ASTM F2847, RoHS",90,"Net 90",72,"ASTM F1854, ASTM F2026, ASTM F2847","B. Braun Sustainability Strategy, Eco-design initiative, Responsible materials sourcing",1,9.5%
Biomaterial implants,Kyocera Medical,"Kyoto, Japan","Kyoto (Japan), Osaka (Japan), Irvine (USA), Mannheim (Germany)",procurement@kyocera.com,www.kyocera.com,4.7,180,"$14,800,000,000",1959,76000,"Dr. Takashi Yamamoto, +81-75-604-3500","ISO 13485, ISO 14001, FDA 21 CFR 820, ASTM F1854, ASTM F2026, ASTM F2847, RoHS",90,"Net 90",72,"ASTM F1854, ASTM F2026, ASTM F2847","Kyocera Environmental Vision 2030, Green manufacturing, Resource conservation program",1,10.5%
Biomaterial implants,Conformis,"Billerica, Massachusetts, USA","Billerica (USA), Wilmington (USA), Munich (Germany), London (UK)",procurement@conformis.com,www.conformis.com,4.7,180,"$80,000,000",2004,350,"Dr. James Wilson, +1-781-345-9001","ISO 13485, ISO 14001, FDA 21 CFR 820, ASTM F1854, ASTM F2026, ASTM F2847, RoHS",60,"Net 60",48,"ASTM F1854, ASTM F2026, ASTM F2847","Conformis Sustainability Initiative, Personalized implant efficiency, Waste reduction program",1,11.5%
Biomaterial implants,Globus Medical,"Audubon, Pennsylvania, USA","Audubon (USA), San Diego (USA), Lyon (France), Zurich (Switzerland)",procurement@globusmedical.com,www.globusmedical.com,4.8,220,"$1,000,000,000",2003,2400,"Dr. Michael Brown, +1-610-930-1800","ISO 13485, ISO 14001, FDA 21 CFR 820, ASTM F1854, ASTM F2026, ASTM F2847, RoHS",60,"Net 60",48,"ASTM F1854, ASTM F2026, ASTM F2847","Globus Medical Sustainability Program, Energy efficiency initiative, Eco-friendly packaging",1,10.5%
Biomaterial implants,Orthofix Medical,"Lewisville, Texas, USA","Lewisville (USA), Verona (Italy), Sao Paulo (Brazil), Munich (Germany)",procurement@orthofix.com,www.orthofix.com,4.7,180,"$460,000,000",1980,1100,"Dr. Sarah Williams, +1-214-937-2000","ISO 13485, ISO 14001, FDA 21 CFR 820, ASTM F1854, ASTM F2026, ASTM F2847, RoHS",60,"Net 60",48,"ASTM F1854, ASTM F2026, ASTM F2847","Orthofix Sustainability Vision, Resource efficiency program, Responsible materials sourcing",1,10.5%
Radar absorbing materials,Lockheed Martin,"Bethesda, Maryland, USA","Bethesda (USA), Fort Worth (USA), Orlando (USA), Marietta (USA)",procurement@lockheedmartin.com,www.lockheedmartin.com,4.9,250,"$65,400,000,000",1912,114000,"Dr. Jennifer Harris, +1-301-897-6000","ISO 9001, ISO 14001, AS9100, MIL-STD-461, MIL-STD-464, MIL-A-44050, RoHS",90,"Net 90",72,"MIL-STD-461, MIL-STD-464, MIL-A-44050","Lockheed Martin Sustainability Vision, Carbon footprint reduction, Resource efficiency initiative",1,8.5%
Radar absorbing materials,Northrop Grumman,"Falls Church, Virginia, USA","Falls Church (USA), Redondo Beach (USA), Palmdale (USA), Melbourne (Australia)",procurement@northropgrumman.com,www.northropgrumman.com,4.8,220,"$36,800,000,000",1939,90000,"Dr. Marcus Johnson, +1-703-280-2900","ISO 9001, ISO 14001, AS9100, MIL-STD-461, MIL-STD-464, MIL-A-44050, RoHS",90,"Net 90",72,"MIL-STD-461, MIL-STD-464, MIL-A-44050","Northrop Grumman 2030 Environmental Goals, Sustainable manufacturing, Energy efficiency program",1,9.5%
Radar absorbing materials,BAE Systems,"London, United Kingdom","London (UK), Farnborough (UK), Nashua (USA), Adelaide (Australia)",procurement@baesystems.com,www.baesystems.com,4.8,220,"$24,500,000,000",1999,85800,"Dr. James Wilson, +44-1252-373232","ISO 9001, ISO 14001, AS9100, MIL-STD-461, MIL-STD-464, MIL-A-44050, RoHS",90,"Net 90",72,"MIL-STD-461, MIL-STD-464, MIL-A-44050","BAE Systems Sustainability Roadmap, Carbon reduction targets, Resource efficiency program",1,10.5%
Radar absorbing materials,Raytheon Technologies,"Waltham, Massachusetts, USA","Waltham (USA), Tucson (USA), El Segundo (USA), McKinney (USA)",procurement@rtx.com,www.rtx.com,4.9,250,"$64,400,000,000",1922,174000,"Dr. Sarah Chen, +1-781-522-3000","ISO 9001, ISO 14001, AS9100, MIL-STD-461, MIL-STD-464, MIL-A-44050, RoHS",90,"Net 90",72,"MIL-STD-461, MIL-STD-464, MIL-A-44050","Raytheon Technologies ESG Strategy, Carbon neutral operations by 2030, Sustainable manufacturing",1,11.5%
Radar absorbing materials,Saab AB,"Stockholm, Sweden","Stockholm (Sweden), Linköping (Sweden), Syracuse (USA), Adelaide (Australia)",procurement@saabgroup.com,www.saabgroup.com,4.8,220,"$4,200,000,000",1937,18000,"Dr. Erik Johansson, +46-8-463-0000","ISO 9001, ISO 14001, AS9100, MIL-STD-461, MIL-STD-464, MIL-A-44050, RoHS",90,"Net 90",72,"MIL-STD-461, MIL-STD-464, MIL-A-44050","Saab Environmental Strategy, Climate neutral by 2030, Resource efficiency initiative",1,12.5%
Radar absorbing materials,Leonardo S.p.A.,"Rome, Italy","Rome (Italy), Milan (Italy), Edinburgh (UK), Philadelphia (USA)",procurement@leonardo.com,www.leonardo.com,4.7,180,"$14,100,000,000",1948,49500,"Dr. Marco Rossi, +39-06-324731","ISO 9001, ISO 14001, AS9100, MIL-STD-461, MIL-STD-464, MIL-A-44050, RoHS",90,"Net 90",72,"MIL-STD-461, MIL-STD-464, MIL-A-44050","Leonardo Sustainability Plan, Carbon footprint reduction, Energy efficiency program",1,9.5%
Radar absorbing materials,Thales Group,"Paris, France","Paris (France), Toulouse (France), London (UK), Melbourne (Australia)",procurement@thalesgroup.com,www.thalesgroup.com,4.8,220,"$19,900,000,000",2000,81000,"Dr. Pierre Dupont, +33-1-57-77-80-00","ISO 9001, ISO 14001, AS9100, MIL-STD-461, MIL-STD-464, MIL-A-44050, RoHS",90,"Net 90",72,"MIL-STD-461, MIL-STD-464, MIL-A-44050","Thales Low-Carbon Future, Sustainable product design, Resource efficiency initiative",1,10.5%
Radar absorbing materials,General Dynamics,"Reston, Virginia, USA","Reston (USA), Falls Church (USA), Sterling Heights (USA), San Diego (USA)",procurement@gd.com,www.gd.com,4.7,180,"$38,500,000,000",1952,100000,"Dr. Robert Wilson, +1-703-876-3000","ISO 9001, ISO 14001, AS9100, MIL-STD-461, MIL-STD-464, MIL-A-44050, RoHS",90,"Net 90",72,"MIL-STD-461, MIL-STD-464, MIL-A-44050","General Dynamics Sustainability Program, Energy efficiency initiative, Responsible sourcing",1,11.5%
Radar absorbing materials,Hensoldt,"Taufkirchen, Germany","Taufkirchen (Germany), Ulm (Germany), Enfield (UK), Pretoria (South Africa)",procurement@hensoldt.net,www.hensoldt.net,4.8,180,"$1,600,000,000",2017,6400,"Dr. Klaus Schmidt, +49-89-51518-0","ISO 9001, ISO 14001, AS9100, MIL-STD-461, MIL-STD-464, MIL-A-44050, RoHS",60,"Net 60",48,"MIL-STD-461, MIL-STD-464, MIL-A-44050","Hensoldt Sustainability Strategy, Carbon reduction program, Resource efficiency initiative",1,10.5%
Radar absorbing materials,Elbit Systems,"Haifa, Israel","Haifa (Israel), Fort Worth (USA), Bristol (UK), Melbourne (Australia)",procurement@elbitsystems.com,www.elbitsystems.com,4.7,180,"$5,300,000,000",1966,18000,"Dr. David Cohen, +972-4-831-6666","ISO 9001, ISO 14001, AS9100, MIL-STD-461, MIL-STD-464, MIL-A-44050, RoHS",60,"Net 60",48,"MIL-STD-461, MIL-STD-464, MIL-A-44050","Elbit Systems Environmental Program, Energy efficiency initiative, Sustainable operations",1,10.5%
