Application,Buyer_Name,Headquarters_Location,Manufacturing_Locations,Contact_Information,Website,Review_Score,Annual_Volume_kg,Annual_Revenue_USD,Established_Year,Employee_Count,Procurement_Contact,Required_Certifications,Typical_Lead_Time_Days,Payment_Terms,Contract_Duration_Months,Quality_Standards,Sustainability_Commitment,Supply_Chain_Tier,Recent_Growth_Rate
Infrared optical lenses,Thermo OptiSystems GmbH,"Munich, Germany","Munich (Germany), Dresden (Germany), Grenoble (France)",procurement@thermosystems.de,www.thermosystems.de,4.7,850,"$125,000,000",1984,520,"Dr. Brigitte Müller, +49-89-5502-8710","ISO 9001, ISO 14001, IATF 16949",45,"Net 60, 2% discount for early payment",24,"Six Sigma, ISO 9001:2015","Carbon neutral by 2028, 35% recycled materials",1,7.5%
Infrared optical lenses,FLIR Advanced Optics Inc.,"Wilsonville, Oregon, USA","Wilsonville (USA), Stockholm (Sweden), Täby (Sweden)",procurement@flir-optics.com,www.fliradvancedoptics.com,4.8,1240,"$215,000,000",1978,780,"James Rodriguez, +1-503-498-3547","ISO 9001, AS9100D, MIL-PRF-38534",30,"Net 45",36,"AS9100D, Six Sigma, 8D problem solving","Solar powered facilities, Zero waste initiative by 2026",1,8.2%
Infrared optical lenses,Nikon Precision Optics,"Tokyo, Japan","Tochigi (Japan), Kumagaya (Japan), San Diego (USA)",ir-optics@nikon.co.jp,www.nikon-precision.jp,4.9,970,"$180,000,000",1946,1250,"Takahiro Yamada, +81-3-6433-3600","ISO 9001, JIS Q 9100",60,"Net 60, Letter of Credit",12,"JIS Q 9100, TQM","30% renewable energy usage, Sustainable supply chain certification",1,5.3%
Infrared optical lenses,Beijing Hongyuan Optical Co.,"Beijing, China","Beijing (China), Shenzhen (China), Jinan (China)",purchase@hongyuan-optical.cn,www.hongyuan-optical.cn,4.3,2100,"$98,000,000",2001,1700,"Li Wei, +86-10-6841-7520","ISO 9001, GB/T 19001",21,"30% advance, 70% before shipment",6,"GB/T 19001-2016, Zero defect policy","Energy efficiency initiative, 15% annual reduction in water usage",2,12.7%
Infrared optical lenses,Raytheon Vision Systems,"Waltham, Massachusetts, USA","Goleta (USA), McKinney (USA), Dallas (USA)",rvs.procurement@rtx.com,www.raytheonvision.com,4.6,740,"$320,000,000",1965,930,"Patricia Simmons, +1-781-522-3000","ISO 9001, AS9100D, ITAR, CMMC Level 3",90,"Net 45, progress payments",48,"AS9100D, MIL-STD-810","Net zero emissions by 2030, Defense sector sustainability leadership",1,3.8%
Infrared optical lenses,Jenoptik Advanced Systems,"Jena, Germany","Jena (Germany), Jupiter (USA), Berlin (Germany)",procurement.optics@jenoptik.com,www.jenoptik.com,4.5,680,"$145,000,000",1991,650,"Stefan Hoffman, +49-3641-65-0","ISO 9001, ISO 14001",30,"Net 30, Early payment discounts",12,"ISO 9001:2015, Lean manufacturing","Climate neutral by 2025, Sustainable product lifecycle management",1,6.2%
Infrared optical lenses,II-VI Incorporated,"Saxonburg, Pennsylvania, USA","Saxonburg (USA), Santa Rosa (USA), Fuzhou (China), Singapore",procurement@ii-vi.com,www.ii-vi.com,4.4,920,"$305,000,000",1971,14000,"Robert Chen, +1-724-352-4455","ISO 9001, AS9100, ISO 14001",45,"Net 60",24,"Six Sigma, ISO 9001:2015, APQP","Greenhouse gas reduction program, Circular economy initiative",1,15.3%
Infrared optical lenses,LightPath Technologies,"Orlando, Florida, USA","Orlando (USA), Zhenjiang (China), Riga (Latvia)",supplierinfo@lightpath.com,www.lightpath.com,4.2,310,"$42,000,000",1985,350,"Maria Gonzalez, +1-407-382-4003","ISO 9001, ISO 14001, RoHS",21,"Net 30, volume discounts",12,"ISO 9001:2015","Reduced material waste program, 25% energy from renewables",2,9.7%
Infrared optical lenses,Edmund Optics Ltd.,"Barrington, New Jersey, USA","Barrington (USA), York (UK), Akita (Japan), Singapore",procurement@edmundoptics.com,www.edmundoptics.com,4.7,450,"$85,000,000",1942,1050,"Thomas Reynolds, +1-856-547-3488","ISO 9001, ISO 14001",14,"Net 45",12,"ISO 9001:2015, PPAP","Sustainable packaging, Responsible material sourcing",2,7.8%
Infrared optical lenses,Ophir Optronics Solutions Ltd.,"Jerusalem, Israel","Jerusalem (Israel), North Logan (USA), Saitama (Japan)",vendors@ophiropt.com,www.ophiropt.com,4.5,280,"$65,000,000",1976,420,"Dana Levi, +972-2-548-4444","ISO 9001, ISO 13485, RoHS",30,"Net 45, Letter of Credit for new vendors",12,"ISO 9001:2015, ISO 10110","Water conservation initiative, Energy efficiency program",2,6.4%
Night vision devices,L3Harris Technologies,"Melbourne, Florida, USA","Melbourne (USA), Londonderry (UK), Sydney (Australia)",supplier.relations@l3harris.com,www.l3harris.com,4.9,1850,"$450,000,000",1974,48000,"Michael Johnson, +1-321-727-9100","ISO 9001, AS9100D, ITAR, CMMC Level 4",75,"Net 60, progress payments",36,"AS9100D, MIL-STD-810, DO-254","Carbon footprint reduction 50% by 2030, Defense innovation sustainability",1,5.8%
Night vision devices,Elbit Systems Land,"Haifa, Israel","Haifa (Israel), Fort Worth (USA), Sderot (Israel), Arad (Israel)",procurement@elbitsystems.com,www.elbitsystems.com,4.8,920,"$375,000,000",1966,17500,"Amir Cohen, +972-4-831-5315","ISO 9001, AS9100D, ITAR, IPC-610",60,"Net 45, Letter of Credit",48,"AS9100D, MIL-HDBK-217","Military-grade sustainability program, Reduced hazardous materials",1,7.2%
Night vision devices,Thales Night Vision,"Paris, France","Bordeaux (France), Glasgow (UK), Melbourne (Australia)",suppliers@thalesgroup.com,www.thalesgroup.com/defense,4.7,1050,"$295,000,000",1968,81000,"Sophie Bernard, +33-1-57-77-80-00","ISO 9001, EN 9100, AQAP 2110",45,"Net 60",24,"EN 9100:2018, AQAP 2110","Green IT & Networks, Circular economy approach",1,3.9%
Night vision devices,Guangzhou SAT Infrared Technology,"Guangzhou, China","Guangzhou (China), Shenzhen (China), Xiamen (China)",purchasing@satir-infrared.com,www.satir-infrared.com,4.1,2800,"$187,000,000",1999,2200,"Zhang Wei, +86-20-2885-9966","ISO 9001, GB/T 19001",30,"50% advance, 50% before delivery",12,"GB/T 19001-2016","Energy consumption monitoring, Supplier environmental audits",2,15.3%
Night vision devices,American Technologies Network Corp.,"San Francisco, California, USA","South San Francisco (USA), Dayton (USA)",vendors@atncorp.com,www.atncorp.com,4.3,380,"$78,000,000",1995,450,"Julie Martinez, +1-650-989-5100","ISO 9001, ITAR",21,"Net 30, volume discounts",12,"ISO 9001:2015, MIL-STD-461","Sustainable packaging initiative, Reduced energy facilities",2,9.3%
Night vision devices,PHOTONIS Netherlands B.V.,"Roden, Netherlands","Roden (Netherlands), Brive la Gaillarde (France), Lancaster (USA)",procurement@photonis.com,www.photonis.com,4.6,640,"$125,000,000",1937,1100,"Ruud van der Meer, +31-50-501-8808","ISO 9001, AS9100D",40,"Net 45",24,"AS9100D, MIL-STD-810G","Energy-efficient manufacturing, Sustainable raw materials initiative",1,4.7%
Night vision devices,Luna Optics Inc.,"Stafford, Virginia, USA","Stafford (USA), Houston (USA)",suppliers@lunaoptics.com,www.lunaoptics.com,4.0,190,"$35,000,000",2002,180,"David Williams, +1-540-868-0076","ISO 9001, ITAR",15,"Net 30",6,"ISO 9001:2015","E-waste recycling program, Energy-efficient facilities",3,11.5%
Night vision devices,JSC Katod,"Novosibirsk, Russia","Novosibirsk (Russia), Moscow (Russia)",procurement@katodnv.com,www.katodnv.com,4.2,750,"$65,000,000",1959,540,"Alexei Petrov, +7-383-211-8155","ISO 9001, GOST R",60,"70% advance, 30% after delivery",12,"GOST R ISO 9001-2015","Clean production initiatives, Resource efficiency program",2,6.8%
Night vision devices,Optics 1 Inc.,"Bedford, New Hampshire, USA","Bedford (USA), Manchester (UK)",purchasing@optics1.com,www.optics1.com,4.5,270,"$52,000,000",1987,210,"Sarah Thompson, +1-603-296-0469","ISO 9001, ITAR, AS9100D",30,"Net 45",12,"AS9100D, MIL-STD-810G","Zero waste manufacturing target, Sustainable supply chain",2,8.4%
Semiconductor devices,Intel Corporation,"Santa Clara, California, USA","Hillsboro (USA), Chandler (USA), Leixlip (Ireland), Dalian (China)",supplier.program@intel.com,www.intel.com,4.9,5700,"$73,100,000,000",1968,110600,"Gregory Allen, +1-408-765-8080","ISO 9001, IATF 16949, ISO 14001",90,"Net 60, Early payment discount program",36,"IATF 16949, Six Sigma, Lean","Carbon neutral operations by 2030, 100% renewable energy",1,4.5%
Semiconductor devices,Samsung Electronics,"Suwon, South Korea","Hwaseong (South Korea), Austin (USA), Xi'an (China), Campinas (Brazil)",semiconductor.procurement@samsung.com,www.samsung.com/semiconductor,4.8,6300,"$63,700,000,000",1969,267937,"Ji-Sung Kim, +82-31-209-7114","ISO 9001, IATF 16949, EICC",75,"Net 60",24,"IATF 16949, Six Sigma, FMEA","Renewable energy targets, Zero waste to landfill",1,8.1%
Semiconductor devices,TSMC,"Hsinchu, Taiwan","Hsinchu (Taiwan), Tainan (Taiwan), Nanjing (China), Arizona (USA)",supplier@tsmc.com,www.tsmc.com,4.9,8900,"$56,800,000,000",1987,65152,"Ming Chen, +886-3-563-6688","ISO 9001, IATF 16949, QC 080000",60,"Net 45",24,"IATF 16949, Zero Defects","Net Zero Emissions by 2050, Circular Resources plan",1,13.7%
Semiconductor devices,Infineon Technologies,"Neubiberg, Germany","Dresden (Germany), Villach (Austria), Kulim (Malaysia), Austin (USA)",supplier.management@infineon.com,www.infineon.com,4.7,3200,"$11,060,000,000",1999,54900,"Dr. Klaus Schmidt, +49-89-234-0","ISO 9001, IATF 16949, ISO 14001",45,"Net 45, dynamic discounting",24,"IATF 16949, Six Sigma","Carbon neutral by 2030, Green energy initiative",1,5.5%
Semiconductor devices,Texas Instruments,"Dallas, Texas, USA","Dallas (USA), Richardson (USA), Freising (Germany), Chengdu (China)",vendor.relations@ti.com,www.ti.com,4.7,2500,"$18,300,000,000",1930,30000,"Jennifer Moore, +1-214-479-3773","ISO 9001, IATF 16949",60,"Net 60",12,"IATF 16949, Six Sigma","Sustainable manufacturing initiative, 85% waste recycling",1,3.8%
Semiconductor devices,STMicroelectronics,"Geneva, Switzerland","Crolles (France), Agrate (Italy), Ang Mo Kio (Singapore), Shenzhen (China)",procurement@st.com,www.st.com,4.6,2800,"$12,800,000,000",1987,48000,"Luca Rossi, +41-22-929-29-29","ISO 9001, IATF 16949, ISO 14001",30,"Net 45",12,"IATF 16949, Six Sigma, SPC","Carbon neutrality by 2027, Responsible products initiative",1,6.7%
Semiconductor devices,Hua Hong Semiconductor,"Shanghai, China","Shanghai (China), Wuxi (China)",supplier@huahong.com.cn,www.huahongsemi.com,4.3,3600,"$1,850,000,000",1996,5800,"Li Xiaojing, +86-21-5080-2000","ISO 9001, IATF 16949, GB/T 19001",21,"50% advance, 50% on delivery",12,"GB/T 19001-2016, SPC","Energy conservation program, Clean manufacturing initiative",2,11.5%
Semiconductor devices,GlobalFoundries,"Santa Clara, California, USA","Malta (USA), Dresden (Germany), Singapore, Chengdu (China)",supply.chain@gf.com,www.globalfoundries.com,4.5,4100,"$6,580,000,000",2009,16000,"Robert Wilson, +1-408-462-3900","ISO 9001, IATF 16949, ISO 14001",75,"Net 45, volume pricing",24,"IATF 16949, Six Sigma, PPAP","Journey to Zero Carbon initiative, Water conservation program",1,8.2%
Semiconductor devices,United Monolithic Semiconductors,"Orsay, France","Orsay (France), Ulm (Germany)",purchasing@ums-gaas.com,www.ums-rf.com,4.2,580,"$180,000,000",1996,350,"Catherine Dubois, +33-1-69-33-03-08","ISO 9001, AS9100D, ISO 14001",45,"Net 60",12,"AS9100D, Lean manufacturing","Green IT initiative, Sustainable workplace",2,5.8%
Radiation detectors,Mirion Technologies,"Atlanta, Georgia, USA","Atlanta (USA), Lamanon (France), Munich (Germany), Shanghai (China)",suppliers@mirion.com,www.mirion.com,4.7,720,"$650,000,000",2005,2500,"Daniel Roberts, +1-770-432-2744","ISO 9001, ISO 13485, IEC 61010",60,"Net 45",24,"ISO 9001:2015, IEC 62304","Environmental stewardship program, Energy efficiency in manufacturing",1,6.3%
Radiation detectors,ORTEC (Ametek),"Oak Ridge, Tennessee, USA","Oak Ridge (USA), Wokingham (UK), Munich (Germany)",procurement@ametek-ortec.com,www.ortec-online.com,4.6,590,"$380,000,000",1968,1100,"William Johnson, +1-865-482-4411","ISO 9001, ISO 17025",30,"Net 30",12,"ISO 9001:2015, ANSI N42.14","100% renewable energy plan by 2030, Zero carbon initiative",1,4.8%
Radiation detectors,Canberra Industries (Mirion),"Meriden, Connecticut, USA","Meriden (USA), Loches (France), Olen (Belgium), Harwell (UK)",vendor.relations@canberra.com,www.canberra.com,4.5,640,"$290,000,000",1965,850,"Susan Miller, +1-203-639-2148","ISO 9001, ISO 17025, ANSI N42.14",45,"Net 45",12,"ANSI N42.14, ANSI N42.34","LEED certified facilities, Electronic waste reduction program",1,3.5%
Radiation detectors,Kromek Group,"Sedgefield, UK","Sedgefield (UK), Huddersfield (UK), Pittsburgh (USA)",purchasing@kromek.com,www.kromek.com,4.2,310,"$21,000,000",2003,170,"Andrew Robinson, +44-1740-626060","ISO 9001, ISO 13485, ISO 17025",21,"Net 30, staged payments",12,"ISO 9001:2015, ANSI N42.34","Carbon reduction strategy, Renewable energy adoption",2,12.5%
Radiation detectors,Baltic Scientific Instruments,"Riga, Latvia","Riga (Latvia), Moscow (Russia)",sales@bsi.lv,www.bsi.lv,4.1,180,"$8,500,000",1994,75,"Andris Petersons, +371-6755-9132","ISO 9001, IEC 61010",30,"50% advance, 50% on delivery",6,"ISO 9001:2015, IEC 61010-1","Low-impact manufacturing, Local supply chain focus",2,9.2%
Radiation detectors,CAEN SpA,"Viareggio, Italy","Viareggio (Italy), Germantown (USA)",purchasing@caen.it,www.caen.it,4.4,250,"$45,000,000",1979,220,"Marco Bianchi, +39-0584-388-398","ISO 9001, IEC 61010",21,"Net 45",12,"ISO 9001:2015, IEC 61010-1","Eco-friendly materials initiative, Energy management system",2,7.8%
Radiation detectors,Nuctech Company Limited,"Beijing, China","Beijing (China), Hefei (China), Warsaw (Poland), Dubai (UAE)",suppliers@nuctech.com,www.nuctech.com,4.0,1350,"$950,000,000",1997,5100,"Zhang Hui, +86-10-6278-8888","ISO 9001, GB/T 19001",30,"50% advance, 30% on delivery, 20% after installation",12,"GB/T 19001-2016, ANSI N42.35","Green manufacturing practices, Water conservation program",1,14.7%
Radiation detectors,H3D Inc.,"Ann Arbor, Michigan, USA","Ann Arbor (USA), Boston (USA)",procurement@h3dgamma.com,www.h3dgamma.com,4.3,120,"$18,000,000",2011,85,"Jennifer Davis, +1-734-661-6416","ISO 9001, ANSI N42.34",15,"Net 30",6,"ANSI N42.34, ANSI N42.42","Green office initiative, Electronics recycling program",3,15.8%
Radiation detectors,FLIR Systems Radiation,"Meer, Belgium","Meer (Belgium), Arlington (USA), West Malling (UK)",radiation.suppliers@flir.com,www.flir.com/threat-detection,4.5,380,"$215,000,000",1978,550,"Johan Vermeulen, +32-3-3665-400","ISO 9001, AS9100D, IEC 61010",30,"Net 45",12,"AS9100D, ANSI N42.14","Environmental sustainability program, Reduced carbon footprint initiative",1,5.1%
Solar cell concentrators,First Solar Inc.,"Tempe, Arizona, USA","Perrysburg (USA), Kulim (Malaysia), Ho Chi Minh City (Vietnam)",supplier.relations@firstsolar.com,www.firstsolar.com,4.8,2300,"$2,920,000,000",1999,5500,"Melissa Brown, +1-602-414-9300","ISO 9001, ISO 14001, IEC 61215",45,"Net 45, volume discounts",24,"IEC 61215, IEC 61730","Carbon footprint reduction, Circular economy initiative",1,6.7%
Solar cell concentrators,Canadian Solar Inc.,"Guelph, Ontario, Canada","Suzhou (China), Baotou (China), Zapopan (Mexico), Ho Chi Minh City (Vietnam)",procurement@canadiansolar.com,www.canadiansolar.com,4.6,3800,"$3,580,000,000",2001,12000,"Li Ming, +1-519-837-1881","ISO 9001, ISO 14001, IEC 61215",30,"Net 30, Letter of Credit",12,"IEC 61215, IEC 61730, UL 1703","Solar manufacturing powered by solar, 100% recyclable panels goal",1,8.9%
Solar cell concentrators,Q CELLS (Hanwha),"Seoul, South Korea","Jincheon (South Korea), Qidong (China), Dalton (USA), Thalheim (Germany)",suppliers@q-cells.com,www.q-cells.com,4.7,4500,"$2,380,000,000",1999,9600,"Park Jung-hwan, +82-2-729-2700","ISO 9001, ISO 14001, IEC 61215",60,"Net 60",12,"IEC 61215, IEC 61730","Clean manufacturing, Low carbon footprint certification",1,10.5%"
Solar cell concentrators,Meyer Burger Technology AG,"Thun, Switzerland","Hohenstein-Ernstthal (Germany), Thun (Switzerland), Hauterive (Switzerland)",purchasing@meyerburger.com,www.meyerburger.com,4.4,580,"$342,000,000",1953,800,"Andreas Weber, +41-33-221-28-00","ISO 9001, ISO 14001",30,"Net 30",24,"ISO 9001:2015, IEC 61215","European Green Deal compliant, Zero-waste manufacturing",1,15.2%
Solar cell concentrators,JA Solar Technology Co.,"Beijing, China","Fengxian (China), Xingtai (China), Penang (Malaysia)",procurement@jasolar.com,www.jasolar.com,4.5,5200,"$3,910,000,000",2005,22000,"Xu Wei, +86-10-6361-1888","ISO 9001, ISO 14001, IEC 61215",21,"30% advance, 70% before shipment",12,"IEC 61215, IEC 61730","Water recycling program, Sustainable factory initiative",1,12.3%
Solar cell concentrators,SunPower Corporation,"San Jose, California, USA","Mexicali (Mexico), Melaka (Malaysia), De Vernejoul (France)",suppliers@sunpower.com,www.sunpower.com,4.7,1850,"$1,320,000,000",1985,4800,"Christine Martinez, +1-408-240-5500","ISO 9001, ISO 14001, IEC 61215",45,"Net 45",12,"IEC 61215, IEC 61730, UL 1703","Cradle to Cradle Certified Silver panels, Carbon neutral by 2025",1,4.8%
Solar cell concentrators,Jolywood Solar Technology,"Taizhou, China","Taizhou (China), Yangzhong (China), Quzhou (China)",purchase@jolywood.cn,www.jolywood.cn,4.2,3100,"$750,000,000",2008,2800,"Chen Jianjun, +86-523-8061-6358","ISO 9001, ISO 14001, IEC 61215",30,"50% advance, 50% before delivery",12,"IEC 61215, GB/T 19001-2016","Renewable energy powered manufacturing, Low carbon supply chain",2,16.5%
Solar cell concentrators,REC Solar,"Singapore","Singapore, Tuas (Singapore), Glava (Norway)",purchasing@recgroup.com,www.recgroup.com,4.5,1250,"$780,000,000",1996,2000,"Anders Nilsen, +47-67-57-44-50","ISO 9001, ISO 14001, IEC 61215",30,"Net 45",12,"IEC 61215, IEC 61730","Low carbon footprint certification, Zero waste to landfill",1,7.3%
Solar cell concentrators,Risen Energy Co.,"Ningbo, China","Ningbo (China), Changzhou (China), Penang (Malaysia), Monterrey (Mexico)",procurement@risenenergy.com,www.risenenergy.com,4.3,4800,"$2,150,000,000",2002,10000,"Liu Yong, +86-574-5953-9000","ISO 9001, ISO 14001, IEC 61215",21,"30% advance, 70% on delivery",12,"IEC 61215, IEC 61730, UL 1703","Carbon reduction strategy, Green supply chain initiative",1,13.7%
Fiber optic communication systems,Ciena Corporation,"Hanover, Maryland, USA","Hanover (USA), Ottawa (Canada), Gurgaon (India), London (UK)",suppliers@ciena.com,www.ciena.com,4.8,620,"$3,780,000,000",1992,7400,"David Wilson, +1-410-694-5700","ISO 9001, TL 9000, ISO 14001",45,"Net 45",24,"TL 9000, ISO 9001:2015","Zero carbon emission goal by 2030, E-waste recycling program",1,6.9%
Fiber optic communication systems,Huawei Technologies,"Shenzhen, China","Shenzhen (China), Dongguan (China), Bangalore (India), Munich (Germany)",procurement@huawei.com,www.huawei.com,4.7,9800,"$100,000,000,000",1987,195000,"Chen Wei, +86-755-2878-0808","ISO 9001, TL 9000, ISO 14001",30,"Net 45, Letter of Credit",12,"TL 9000, ISO 9001:2015","Digital power solutions, Circular economy program",1,7.8%
Fiber optic communication systems,Nokia Networks,"Espoo, Finland","Espoo (Finland), Oulu (Finland), Shanghai (China), Dallas (USA)",supplier.management@nokia.com,www.nokia.com,4.6,3200,"$26,200,000,000",1865,92000,"Mikko Virtanen, +358-10-44-88-000","ISO 9001, TL 9000, ISO 14001",60,"Net 60",24,"TL 9000, ISO 9001:2015","Climate change mitigation, Science-based targets initiative",1,3.4%
Fiber optic communication systems,Infinera Corporation,"San Jose, California, USA","Sunnyvale (USA), Allentown (USA), Shanghai (China), Stockholm (Sweden)",supplier.relations@infinera.com,www.infinera.com,4.5,450,"$1,400,000,000",2000,3200,"Rebecca Chen, +1-408-572-5200","ISO 9001, TL 9000",30,"Net 30",12,"TL 9000, ISO 9001:2015","Sustainable optical innovation, Carbon reduction program",1,8.3%
Fiber optic communication systems,ZTE Corporation,"Shenzhen, China","Shenzhen (China), Xi'an (China), Nanjing (China), Budapest (Hungary)",procurement@zte.com.cn,www.zte.com.cn,4.4,7500,"$17,700,000,000",1985,73000,"Liu Jian, +86-755-2677-0000","ISO 9001, TL 9000, ISO 14001",21,"30% advance, 70% before delivery",12,"TL 9000, GB/T 19001-2016","Green product certification, Supplier eco-rating system",1,9.1%
Fiber optic communication systems,ADVA Optical Networking,"Munich, Germany","Munich (Germany), Meiningen (Germany), Gdynia (Poland), Neuchatel (Switzerland)",purchasing@adva.com,www.adva.com,4.3,380,"$650,000,000",1994,1900,"Thomas Schultz, +49-89-890-665-0","ISO 9001, TL 9000, ISO 14001",21,"Net 30",12,"TL 9000, ISO 9001:2015","Science Based Targets initiative, Energy efficiency program",2,5.7%
Fiber optic communication systems,Fujitsu Network Communications,"Richardson, Texas, USA","Richardson (USA), Tokyo (Japan), Kawasaki (Japan)",supply.chain@fnc.fujitsu.com,www.fujitsu.com/us/products/network,4.5,520,"$3,800,000,000",1935,126400,"Robert Taylor, +1-972-479-2000","ISO 9001, TL 9000, ISO 14001",45,"Net 45",24,"TL 9000, ISO 9001:2015","Global environmental action plan, ICT sustainability",1,2.9%
Fiber optic communication systems,FiberHome Technologies,"Wuhan, China","Wuhan (China), Shanghai (China), Yangzhou (China), Dubai (UAE)",supplier@fiberhome.com,www.fiberhome.com,4.2,4100,"$5,200,000,000",1999,15000,"Zhang Lei, +86-27-8753-2000","ISO 9001, TL 9000, ISO 14001",30,"40% advance, 60% before delivery",12,"TL 9000, GB/T 19001-2016","Energy efficiency optimization, Green packaging initiative",1,12.8%
Fiber optic communication systems,Corning Optical Communications,"Charlotte, North Carolina, USA","Hickory (USA), Winston-Salem (USA), Berlin (Germany), Shanghai (China)",optical.purchasing@corning.com,www.corning.com/optical-communications,4.7,1750,"$14,100,000,000",1851,62000,"Susan Johnson, +1-828-901-5000","ISO 9001, TL 9000, ISO 14001",30,"Net 45",12,"TL 9000, ISO 9001:2015","Zero landfill waste, Sustainable manufacturing processes",1,4.5%
Thermal imaging cameras,FLIR Systems Inc.,"Arlington, Virginia, USA","Wilsonville (USA), Täby (Sweden), Goleta (USA), Tallinn (Estonia)",supplier.relations@flir.com,www.flir.com,4.9,1850,"$1,920,000,000",1978,4265,"Thomas Anderson, +1-877-773-3547","ISO 9001, AS9100D, MIL-STD-810",45,"Net 45",24,"AS9100D, MIL-STD-810G","Carbon reduction targets, Environmental sustainability program",1,7.2%
Thermal imaging cameras,Seek Thermal Inc.,"Santa Barbara, California, USA","Santa Barbara (USA), Shenzhen (China)",procurement@thermal.com,www.thermal.com,4.5,280,"$65,000,000",2012,150,"Michael Davis, +1-805-845-7827","ISO 9001, RoHS",21,"Net 30",12,"ISO 9001:2015","Green manufacturing program, Energy conservation initiatives",2,14.5%
Thermal imaging cameras,Guide Infrared (Wuhan Guide Infrared Co.),"Wuhan, China","Wuhan (China), Beijing (China), Chengdu (China)",purchasing@guideir.com,www.guideir.com,4.3,1950,"$380,000,000",1999,2800,"Wang Jia, +86-27-8129-8784","ISO 9001, GB/T 19001",30,"40% advance, 60% before delivery",12,"GB/T 19001-2016","Clean energy transition, Low-impact production",1,16.2%
Thermal imaging cameras,Testo SE & Co.,"Titisee-Neustadt, Germany","Lenzkirch (Germany), Shenzhen (China), New Delhi (India), West Chester (USA)",suppliers@testo.com,www.testo.com,4.6,430,"$320,000,000",1957,3000,"Klaus Mueller, +49-7653-681-0","ISO 9001, ISO 14001",30,"Net 30",12,"ISO 9001:2015, VDA 6.1","Climate neutrality by 2028, Sustainability management system",1,5.4%
Thermal imaging cameras,Opgal Optronic Industries,"Karmiel, Israel","Karmiel (Israel), Andover (USA)",suppliers@opgal.com,www.opgal.com,4.4,180,"$85,000,000",1983,220,"Oren Levy, +972-4-995-3903","ISO 9001, AS9100D",30,"Net 45, Letter of Credit for new vendors",12,"AS9100D, MIL-STD-810G","Recycling programs, Energy-efficient facilities",2,8.3%
Thermal imaging cameras,Xenics NV,"Leuven, Belgium","Leuven (Belgium), Singapore, Boston (USA)",purchasing@xenics.com,www.xenics.com,4.5,150,"$45,000,000",2000,100,"Jan Vermeiren, +32-16-38-99-00","ISO 9001, ISO 14001",21,"Net 30",12,"ISO 9001:2015","Eco-friendly packaging, Energy reduction initiative",2,9.1%
Thermal imaging cameras,Veoneer Inc.,"Stockholm, Sweden","Southfield (USA), Vårgårda (Sweden), Linköping (Sweden), Sendai (Japan)",procurement@veoneer.com,www.veoneer.com,4.3,320,"$1,490,000,000",2018,7500,"Lars Sjöbring, +46-8-527-762-00","ISO 9001, IATF 16949",45,"Net 45",24,"IATF 16949, ISO 26262","Sustainable automotive solutions, Life-cycle assessment",1,6.8%
Thermal imaging cameras,InfraTec GmbH,"Dresden, Germany","Dresden (Germany), Dallas (USA)",purchasing@infratec.de,www.infratec.de,4.2,120,"$38,000,000",1991,250,"Matthias Kramer, +49-351-871-8610","ISO 9001, ISO 14001",21,"Net 30",12,"ISO 9001:2015, VDA 6.3","Resource-efficient manufacturing, Carbon footprint reduction",2,5.9%
Thermal imaging cameras,Workswell s.r.o.,"Prague, Czech Republic","Prague (Czech Republic), Brno (Czech Republic)",suppliers@workswell.eu,www.workswell.eu,4.0,85,"$12,000,000",2010,65,"Jan Kovář, +420-725-877-063","ISO 9001",15,"50% advance, 50% before delivery",6,"ISO 9001:2015","Green office initiative, Low carbon transport fleet",3,11.2%
Polymerization catalysts,BASF Catalysts,"Iselin, New Jersey, USA","Iselin (USA), Shanghai (China), Ludwigshafen (Germany), Chennai (India)",catalysts.procurement@basf.com,www.catalysts.basf.com,4.8,950,"$4,750,000,000",1865,41000,"Dr. Richard Schmidt, +1-732-205-5000","ISO 9001, ISO 14001, REACH",60,"Net 60",24,"ISO 9001:2015, ISO/TS 16949","Carbon Management Program, ChemCycling project",1,5.7%
Polymerization catalysts,Clariant Catalysts,"Munich, Germany","Munich (Germany), Louisville (USA), Toyama (Japan), Panjin (China)",catalyst.procurement@clariant.com,www.clariant.com/catalysts,4.7,780,"$1,900,000,000",1995,17000,"Dr. Andreas Weber, +49-89-710-661","ISO 9001, ISO 14001, REACH",45,"Net 45",12,"ISO 9001:2015, ISO 14001:2015","EcoTain sustainability label, Avoided emissions initiative",1,4.9%"
Polymerization catalysts,Albemarle Corporation,"Charlotte, North Carolina, USA","Kings Mountain (USA), Amsterdam (Netherlands), Yeosu (South Korea), Xinyu (China)",catalyst.purchasing@albemarle.com,www.albemarle.com,4.6,1250,"$3,240,000,000",1994,5600,"Jennifer Roberts, +1-980-299-5700","ISO 9001, ISO 14001, Responsible Care",30,"Net 45",12,"ISO 9001:2015, OHSAS 18001","Sustainable mining initiative, Net-zero carbon by 2050",1,6.8%
Polymerization catalysts,W.R. Grace & Co.,"Columbia, Maryland, USA","Lake Charles (USA), Worms (Germany), Kuantan (Malaysia), Dubai (UAE)",catalyst.suppliers@grace.com,www.grace.com,4.7,850,"$1,940,000,000",1854,4300,"Mark Thompson, +1-410-531-4000","ISO 9001, ISO 14001, REACH",30,"Net 30",12,"ISO 9001:2015, Six Sigma","Environmental stewardship program, Reduced energy consumption",1,3.5%
Polymerization catalysts,LyondellBasell,"Houston, Texas, USA","Frankfurt (Germany), Houston (USA), Ferrara (Italy), Rayong (Thailand)",catalyst.procurement@lyondellbasell.com,www.lyondellbasell.com,4.5,1400,"$45,800,000,000",1953,19200,"Sarah Miller, +1-713-309-7200","ISO 9001, ISO 14001, Responsible Care",45,"Net 45",24,"ISO 9001:2015, Six Sigma","Circular economy initiatives, Plastic waste management",1,2.9%
Polymerization catalysts,PQ Corporation,"Malvern, Pennsylvania, USA","Conshohocken (USA), The Hague (Netherlands), Tlalnepantla (Mexico)",procurement@pqcorp.com,www.pqcorp.com,4.3,620,"$1,450,000,000",1831,3000,"William Davis, +1-610-651-4200","ISO 9001, ISO 14001",21,"Net 30",12,"ISO 9001:2015","Water conservation program, Sustainable silica manufacturing",2,5.2%
Polymerization catalysts,Sinopec Shanghai Petrochemical,"Shanghai, China","Shanghai (China), Beijing (China), Guangzhou (China)",catalyst.purchase@sinopec.com,www.spc.com.cn,4.1,2800,"$10,280,000,000",1972,31000,"Li Xiaoming, +86-21-5794-3000","ISO 9001, GB/T 19001",21,"30% advance, 70% before delivery",12,"GB/T 19001-2016, GB/T 24001","Green enterprise initiative, Clean production program",1,9.5%
Polymerization catalysts,Tosoh Corporation,"Tokyo, Japan","Shunan (Japan), Nanyo (Japan), Houston (USA), Zwijndrecht (Belgium)",catalyst.procurement@tosoh.co.jp,www.tosoh.com,4.4,580,"$8,100,000,000",1935,12000,"Takashi Nakamura, +81-3-5427-5118","ISO 9001, ISO 14001, JIS Q 9001",30,"Net 45",12,"JIS Q 9001, Six Sigma","Zero emissions initiative, Resource recycling program",1,4.1%
Polymerization catalysts,Evonik Industries,"Essen, Germany","Hanau (Germany), Mobile (USA), Shanghai (China), Antwerp (Belgium)",catalyst.supply@evonik.com,www.evonik.com/catalysts,4.6,950,"$14,900,000,000",2007,33000,"Dr. Klaus Wagner, +49-201-177-01","ISO 9001, ISO 14001, REACH",30,"Net 45",12,"ISO 9001:2015, ISO 14001:2015","Sustainability strategy 2030, Circular plastics program",1,5.8%
LED phosphor materials,Nichia Corporation,"Anan, Japan","Anan (Japan), Kaminaka (Japan), Shanghai (China), Detroit (USA)",purchasing@nichia.co.jp,www.nichia.com,4.9,1350,"$2,850,000,000",1956,9500,"Hiroyoshi Ogawa, +81-884-22-2311","ISO 9001, ISO 14001, RoHS",30,"Net 45",12,"ISO 9001:2015, RoHS","Carbon neutral by 2030, Green product development",1,6.2%
LED phosphor materials,Lumileds Holding B.V.,"Amsterdam, Netherlands","San Jose (USA), Penang (Malaysia), Aachen (Germany), Singapore",materials.procurement@lumileds.com,www.lumileds.com,4.7,980,"$1,350,000,000",2015,7000,"Erik van der Heijden, +31-20-504-7000","ISO 9001, IATF 16949, ISO 14001",45,"Net 45",24,"ISO 9001:2015, IATF 16949","Sustainable lighting, Energy efficiency program",1,4.8%
LED phosphor materials,Seoul Semiconductor,"Ansan, South Korea","Ansan (South Korea), Tianjin (China), Phoenix (USA), Hanover (Germany)",material.purchasing@seoulsemicon.com,www.seoulsemicon.com,4.6,850,"$1,180,000,000",1992,10000,"Kim Sung-ho, +82-31-364-3000","ISO 9001, ISO 14001, RoHS",30,"Net 30",12,"ISO 9001:2015, KS Q ISO 9001","Zero defect program, Green semiconductor initiative",1,9.3%
LED phosphor materials,Intematix Corporation,"Fremont, California, USA","Fremont (USA), Taoyuan (Taiwan), Suzhou (China)",procurement@intematix.com,www.intematix.com,4.5,350,"$95,000,000",2000,320,"Jennifer Lee, +1-510-933-3300","ISO 9001, RoHS",21,"Net 30",12,"ISO 9001:2015, RoHS","Low energy phosphor production, Sustainable materials innovation",2,11.5%
LED phosphor materials,Mitsubishi Chemical Corporation,"Tokyo, Japan","Tokyo (Japan), Ibaraki (Japan), Shanghai (China), Düsseldorf (Germany)",led.materials@m-chemical.co.jp,www.m-chemical.co.jp,4.7,720,"$28,600,000,000",1933,40000,"Takeshi Yamamoto, +81-3-6748-7300","ISO 9001, ISO 14001, RoHS",30,"Net 45",12,"ISO 9001:2015, JIS Q 9001","KAITEKI sustainability vision, Chemical recycling initiatives",1,3.5%
LED phosphor materials,Merck KGaA,"Darmstadt, Germany","Darmstadt (Germany), Burlington (USA), Shanghai (China), Bengaluru (India)",materials.purchasing@merckgroup.com,www.merck-performance-materials.com,4.8,680,"$19,200,000,000",1668,60000,"Dr. Stefan Müller, +49-6151-72-0","ISO 9001, ISO 14001, REACH",45,"Net 45",24,"ISO 9001:2015, ISO 14001:2015","Sustainable Business Value initiative, Carbon neutrality by 2040",1,5.1%
LED phosphor materials,Tridonic GmbH & Co KG,"Dornbirn, Austria","Dornbirn (Austria), Ennenda (Switzerland), Shenzhen (China), Spennymoor (UK)",supply.management@tridonic.com,www.tridonic.com,4.5,410,"$480,000,000",1952,1900,"Thomas Holzner, +43-5572-395-0","ISO 9001, ISO 14001, RoHS",30,"Net 30",12,"ISO 9001:2015, RoHS","LED quality initiative, Energy-efficient lighting solutions",1,7.3%
LED phosphor materials,Idemitsu Kosan,"Tokyo, Japan","Chiba (Japan), Sodegaura (Japan), Taipei (Taiwan), Frankfurt (Germany)",oled.materials@idemitsu.com,www.idemitsu.com,4.4,580,"$36,700,000,000",1911,13300,"Kenji Takahashi, +81-3-3213-3100","ISO 9001, ISO 14001, RoHS",30,"Net 45",12,"ISO 9001:2015, JIS Q 9001","Carbon neutral transformation, Circular economy approach",1,2.8%
LED phosphor materials,Dow Electronic Materials,"Midland, Michigan, USA","Midland (USA), Marlborough (USA), Seoul (South Korea), Shanghai (China)",electronic.materials@dow.com,www.dow.com/electronic,4.7,950,"$55,000,000,000",1897,36500,"Christina Parker, +1-989-636-1000","ISO 9001, ISO 14001, REACH",45,"Net 45",24,"ISO 9001:2015, ISO 14001:2015","Sustainability goals 2025, Resource efficiency focus",1,4.2%
Transistors for quantum computing,IBM Quantum,"Armonk, New York, USA","Yorktown Heights (USA), Zurich (Switzerland), Tokyo (Japan), Melbourne (Australia)",quantum.procurement@ibm.com,www.ibm.com/quantum-computing,4.9,380,"$77,100,000,000",1911,350000,"Dr. Michael Johnson, +1-914-499-1900","ISO 9001, ISO 14001, NIST 800-53",60,"Net 60",24,"ISO 9001:2015, NIST 800-53","Quantum-safe cryptography initiative, Net zero by 2030",1,9.7%
Transistors for quantum computing,Google Quantum AI,"Mountain View, California, USA","Santa Barbara (USA), Los Angeles (USA), Zurich (Switzerland), London (UK)",quantum.suppliers@google.com,www.quantumai.google,4.8,420,"$257,600,000,000",1998,156500,"Dr. Sarah Chen, +1-650-253-0000","ISO 9001, ISO 27001, NIST 800-53",45,"Net 45",12,"ISO 9001:2015, NIST 800-53","Carbon-neutral since 2007, Circular economy focus",1,15.8%
Transistors for quantum computing,Rigetti Computing,"Berkeley, California, USA","Berkeley (USA), Fremont (USA), London (UK), Adelaide (Australia)",supply.chain@rigetti.com,www.rigetti.com,4.6,85,"$32,000,000",2013,170,"Dr. Chad Rigetti, +1-510-210-5550","ISO 9001, ISO/IEC 27001",30,"Net 30",12,"ISO 9001:2015, ISO/IEC 27001","Quantum efficiency programs, Sustainable computing",2,23.5%
Transistors for quantum computing,IQM Quantum Computers,"Espoo, Finland","Espoo (Finland), Munich (Germany), Paris (France)",procurement@meetiqm.com,www.meetiqm.com,4.5,65,"$25,000,000",2018,140,"Dr. Jan Goetz, +358-50-477-8091","ISO 9001, ISO/IEC 27001",21,"Net 30",12,"ISO 9001:2015","European Green Digital Coalition, Energy-efficient quantum computing",2,35.8%
Transistors for quantum computing,D-Wave Systems,"Burnaby, Canada","Burnaby (Canada), Palo Alto (USA)",purchasing@dwavesys.com,www.dwavesys.com,4.7,95,"$43,000,000",1999,190,"Dr. Alan Baratz, +1-604-630-1428","ISO 9001, ISO/IEC 27001",30,"Net 45",12,"ISO 9001:2015, ISO/IEC 27001","Quantum for good initiative, Energy efficiency program",1,17.9%
Transistors for quantum computing,Xanadu Quantum Technologies,"Toronto, Canada","Toronto (Canada), Vancouver (Canada)",procurement@xanadu.ai,www.xanadu.ai,4.5,70,"$28,000,000",2016,130,"Dr. Christian Weedbrook, +1-416-900-5458","ISO 9001",21,"Net 30",12,"ISO 9001:2015","Photonic quantum computing, Low energy footprint",2,42.3%
Transistors for quantum computing,Quantum Brilliance,"Canberra, Australia","Canberra (Australia), Stuttgart (Germany)",supply@quantumbrilliance.com,www.quantumbrilliance.com,4.2,35,"$18,000,000",2019,60,"Dr. Andrew Horsley, +61-2-6125-8809","ISO 9001",15,"50% advance, 50% on delivery",6,"ISO 9001:2015","Room-temperature quantum computing, Energy efficiency design",3,68.5%
Transistors for quantum computing,Pasqal,"Paris, France","Paris (France), Palaiseau (France)",suppliers@pasqal.com,www.pasqal.com,4.3,55,"$32,000,000",2019,85,"Dr. Georges-Olivier Reymond, +33-1-86-26-76-90","ISO 9001",21,"50% advance, 50% on delivery",12,"ISO 9001:2015","Neutral atom quantum computing, Low-energy operations",2,47.2%
Transistors for quantum computing,Intel Quantum Computing,"Santa Clara, California, USA","Hillsboro (USA), Santa Clara (USA), Chandler (USA), Leixlip (Ireland)",quantum.procurement@intel.com,www.intel.com/quantum,4.7,450,"$79,000,000,000",1968,121000,"Dr. James Clarke, +1-408-765-8080","ISO 9001, ISO 14001, IATF 16949",45,"Net 45",24,"ISO 9001:2015, ISO 14001:2015","RISE strategy, Responsible minerals sourcing",1,7.5%
Medical imaging detectors,Siemens Healthineers,"Erlangen, Germany","Erlangen (Germany), Forchheim (Germany), Malvern (USA), Shanghai (China)",procurement.med@siemens-healthineers.com,www.siemens-healthineers.com,4.9,1850,"$20,700,000,000",2017,66000,"Dr. Bernhard Montag, +49-9131-84-0","ISO 9001, ISO 13485, IEC 60601",60,"Net 60",24,"ISO 13485:2016, ISO 9001:2015","Sustainability 2030 program, Carbon-neutral operations",1,5.2%
Medical imaging detectors,GE Healthcare,"Chicago, Illinois, USA","Waukesha (USA), Buc (France), Haifa (Israel), Beijing (China)",detector.sourcing@gehealthcare.com,www.gehealthcare.com,4.8,1950,"$17,700,000,000",1994,48000,"Dr. Thomas Gentile, +1-866-281-7545","ISO 9001, ISO 13485, IEC 60601",45,"Net 45",24,"ISO 13485:2016, ISO 9001:2015","Carbon neutral by 2030, Eco-design principles",1,3.8%
Medical imaging detectors,Philips Healthcare,"Amsterdam, Netherlands","Best (Netherlands), Bothell (USA), Haifa (Israel), Suzhou (China)",imaging.procurement@philips.com,www.philips.com/healthcare,4.7,1750,"$19,500,000,000",1891,78000,"Frans van Houten, +31-20-59-77777","ISO 9001, ISO 13485, IEC 60601",60,"Net 60",24,"ISO 13485:2016, ISO 14001:2015","Circular economy approach, EcoVision program",1,4.5%
Medical imaging detectors,Canon Medical Systems,"Tochigi, Japan","Otawara (Japan), Tustin (USA), Zoetermeer (Netherlands), Crawley (UK)",procurement@canon-medical.com,www.global.medical.canon,4.6,1350,"$3,700,000,000",1930,10000,"Toshio Takiguchi, +81-287-26-6211","ISO 9001, ISO 13485, JIS Q 9001",45,"Net 45",12,"ISO 13485:2016, JIS Q 9001","Made for Life philosophy, Energy efficiency programs",1,3.1%
Medical imaging detectors,Fujifilm Healthcare,"Tokyo, Japan","Tokyo (Japan), Düsseldorf (Germany), Stamford (USA), Shanghai (China)",imaging.purchasing@fujifilm.com,www.fujifilm.com/healthcare,4.5,950,"$23,200,000,000",1934,75000,"Masataka Nakamura, +81-3-6271-2029","ISO 9001, ISO 13485, JIS Q 9001",30,"Net 45",12,"ISO 13485:2016, JIS Q 9001","Sustainable Value Plan, CO₂ reduction targets",1,5.7%
Medical imaging detectors,Varex Imaging,"Salt Lake City, Utah, USA","Salt Lake City (USA), Las Vegas (USA), Waalre (Netherlands), Beijing (China)",supplier.relations@vareximaging.com,www.vareximaging.com,4.4,680,"$818,000,000",2017,2100,"Sunny Sanyal, +1-801-972-5000","ISO 9001, ISO 13485",30,"Net 30",12,"ISO 13485:2016, ISO 9001:2015","Energy efficiency initiatives, Reduced hazardous materials",1,7.8%
Medical imaging detectors,Hologic Inc.,"Marlborough, Massachusetts, USA","Marlborough (USA), Newark (USA), Manchester (UK), Brussels (Belgium)",imaging.procurement@hologic.com,www.hologic.com,4.5,580,"$3,770,000,000",1985,6400,"Stephen MacMillan, +1-508-263-2900","ISO 9001, ISO 13485, FDA 21 CFR 820",45,"Net 45",24,"ISO 13485:2016, FDA 21 CFR 820","Corporate social responsibility program, Green manufacturing",1,6.3%
Medical imaging detectors,Analogic Corporation,"Peabody, Massachusetts, USA","Peabody (USA), Shanghai (China), Montreal (Canada)",suppliers@analogic.com,www.analogic.com,4.3,320,"$560,000,000",1967,1800,"Thomas Ruchti, +1-978-326-4000","ISO 9001, ISO 13485",30,"Net 30",12,"ISO 13485:2016, FDA 21 CFR 820","Energy management system, Resource conservation",2,4.9%
Medical imaging detectors,United Imaging Healthcare,"Shanghai, China","Shanghai (China), Houston (USA), Warsaw (Poland), Dubai (UAE)",procurement@united-imaging.com,www.united-imaging.com,4.4,850,"$640,000,000",2011,6000,"Zhang Qiang, +86-21-6707-1888","ISO 9001, ISO 13485, NMPA",30,"30% advance, 70% before delivery",12,"ISO 13485:2016, NMPA","Equal Healthcare For All Initiative, Green imaging technology",1,19.3%
Deep-space optical communications,NASA Goddard Space Flight Center,"Greenbelt, Maryland, USA","Greenbelt (USA), Houston (USA), Pasadena (USA)",procurement@gsfc.nasa.gov,www.nasa.gov/goddard,4.9,480,"$5,800,000,000",1959,10000,"Dr. Dennis Andrucyk, +1-301-286-2000","NASA-STD-8739, MIL-STD-883, AS9100D",90,"According to Federal Acquisition Regulation",36,"AS9100D, NASA-STD-8739.6","Earth Science Division sustainability goals, Carbon reduction targets",1,1.8%
Deep-space optical communications,European Space Agency,"Paris, France","Paris (France), Noordwijk (Netherlands), Darmstadt (Germany), Madrid (Spain)",estec.procurement@esa.int,www.esa.int,4.8,380,"$7,540,000,000",1975,2200,"Dr. Johann-Dietrich Wörner, +33-1-5369-7654","ECSS-Q-ST-70, ESA PSS-01, ISO 9001",60,"Net 60",24,"ECSS-Q-ST-70, ISO 9001:2015","Space sustainability office, Clean space initiative",1,2.3%
Deep-space optical communications,Ball Aerospace,"Boulder, Colorado, USA","Boulder (USA), Westminster (USA), Albuquerque (USA)",procurement@ball.com,www.ball.com/aerospace,4.7,290,"$1,350,000,000",1956,5400,"David Kaufman, +1-303-939-4000","AS9100D, ISO 9001, NASA-STD-8739",60,"Net 45",24,"AS9100D, NASA-STD-8739.6","Design for environment program, Carbon footprint reduction goals",1,5.7%
Deep-space optical communications,Northrop Grumman Space Systems,"Redondo Beach, California, USA","Redondo Beach (USA), Gilbert (USA), Dulles (USA), Azusa (USA)",aerospace.procurement@ngc.com,www.northropgrumman.com/space,4.8,650,"$8,900,000,000",1939,90000,"Blake Larson, +1-310-812-4321","AS9100D, ISO 9001, NASA-STD-8739",60,"Net 60",24,"AS9100D, NASA-STD-8739.6","2030 environmental sustainability goals, Green engineering",1,4.2%
Deep-space optical communications,Lockheed Martin Space,"Littleton, Colorado, USA","Littleton (USA), Sunnyvale (USA), Denver (USA), Palo Alto (USA)",space.procurement@lmco.com,www.lockheedmartin.com/space,4.8,620,"$11,400,000,000",1956,116000,"Robert Lightfoot, +1-303-977-3000","AS9100D, ISO 9001, MIL-STD-883",60,"Net 60",24,"AS9100D, NASA-STD-8739.6","Go Green program, Resource efficiency framework",1,3.5%
Deep-space optical communications,Thales Alenia Space,"Cannes, France","Cannes (France), Turin (Italy), Rome (Italy), Madrid (Spain)",procurement@thalesaleniaspace.com,www.thalesaleniaspace.com,4.6,280,"$2,850,000,000",2005,8000,"Hervé Derrey, +33-4-9296-7000","ISO 9001, AS9100D, ECSS-Q-ST",45,"Net 45",24,"AS9100D, ECSS-Q-ST-70","Climate commitment strategy, Energy efficiency initiatives",1,6.2%
Deep-space optical communications,L3Harris Technologies,"Melbourne, Florida, USA","Palm Bay (USA), Rochester (USA), Clifton (USA)",space.procurement@l3harris.com,www.l3harris.com/space,4.7,310,"$18,200,000,000",2019,47000,"William Brown, +1-321-727-9100","AS9100D, ISO 9001, MIL-STD-883",45,"Net 45",24,"AS9100D, MIL-STD-883G","E3 sustainability framework, Environmental stewardship program",1,5.8%
Deep-space optical communications,ROSCOSMOS (JSC RSC Energia),"Moscow, Russia","Korolev (Russia), Baikonur (Kazakhstan)",procurement@energia.ru,www.energia.ru,4.2,240,"$4,200,000,000",1946,24000,"Dmitry Rogozin, +7-495-513-7240","ISO 9001, GOST R",60,"30% advance, 70% on delivery",24,"GOST R ISO 9001-2015","Resource conservation program, Waste management initiatives",1,2.1%
Deep-space optical communications,China Aerospace Science and Technology Corporation,"Beijing, China","Beijing (China), Shanghai (China), Tianjin (China)",procurement@casc.cn,www.spacechina.com,4.3,380,"$38,600,000,000",1999,170000,"Wu Yansheng, +86-10-6837-6022","ISO 9001, GB/T 19001",45,"50% advance, 50% upon delivery",24,"GB/T 19001-2016, GB/T 24001","Green manufacturing program, Clean energy transition",1,7.4%
Transistor components,Taiwan Semiconductor Manufacturing Company,"Hsinchu, Taiwan","Hsinchu (Taiwan), Taichung (Taiwan), Phoenix (USA), Nanjing (China)",procurement@tsmc.com,www.tsmc.com,4.9,2800,"$63,900,000,000",1987,65000,"C.C. Wei, +886-3-505-5901","ISO 9001, IATF 16949, ISO 14001",45,"Net 45",12,"ISO 9001:2015, IATF 16949","2050 net-zero emissions goal, Circular economy approach",1,21.5%
Transistor components,Samsung Electronics (Semiconductor),"Suwon, South Korea","Hwaseong (South Korea), Pyeongtaek (South Korea), Austin (USA), Xi'an (China)",semi.procurement@samsung.com,www.samsung.com/semiconductor,4.8,3100,"$200,600,000,000",1969,267900,"Kim Ki-nam, +82-31-200-1114","ISO 9001, IATF 16949, ISO 14001",30,"Net 30",12,"ISO 9001:2015, IATF 16949","Galaxy for the Planet initiative, Resource efficiency targets",1,15.8%
Transistor components,Intel Corporation,"Santa Clara, California, USA","Hillsboro (USA), Chandler (USA), Rio Rancho (USA), Kiryat Gat (Israel)",supplier.relations@intel.com,www.intel.com,4.7,2600,"$79,000,000,000",1968,121000,"Pat Gelsinger, +1-408-765-8080","ISO 9001, IATF 16949, ISO 14001",30,"Net 30",24,"ISO 9001:2015, IATF 16949","RISE strategy, Net-positive water use by 2030",1,6.5%
Transistor components,Texas Instruments,"Dallas, Texas, USA","Dallas (USA), Richardson (USA), Tucson (USA), Bangalore (India)",procurement@ti.com,www.ti.com,4.6,850,"$18,300,000,000",1930,31000,"Rich Templeton, +1-214-479-3773","ISO 9001, IATF 16949, ISO 14001",30,"Net 30",12,"ISO 9001:2015, IATF 16949","Sustainable manufacturing roadmap, Energy conservation strategy",1,4.9%
Transistor components,GlobalFoundries,"Santa Clara, California, USA","Malta (USA), Dresden (Germany), Singapore, Chengdu (China)",supplier.portal@globalfoundries.com,www.globalfoundries.com,4.5,1850,"$6,580,000,000",2009,15000,"Thomas Caulfield, +1-408-462-3900","ISO 9001, IATF 16949, ISO 14001",45,"Net 45",12,"ISO 9001:2015, IATF 16949","Corporate responsibility roadmap, PFC emission reduction",1,12.3%
Transistor components,STMicroelectronics,"Geneva, Switzerland","Crolles (France), Catania (Italy), Shenzhen (China), Calamba (Philippines)",purchasing.dept@st.com,www.st.com,4.7,1250,"$15,300,000,000",1987,46000,"Jean-Marc Chery, +41-22-929-2929","ISO 9001, IATF 16949, ISO 14001",30,"Net 30",12,"ISO 9001:2015, IATF 16949","Carbon neutrality by 2027, Sustainable technology program",1,8.7%
Transistor components,Infineon Technologies,"Neubiberg, Germany","Regensburg (Germany), Dresden (Germany), Villach (Austria), Kulim (Malaysia)",procurement@infineon.com,www.infineon.com,4.6,1950,"$13,200,000,000",1999,50280,"Jochen Hanebeck, +49-89-234-0","ISO 9001, IATF 16949, ISO 14001",30,"Net 45",12,"ISO 9001:2015, IATF 16949","Carbon neutrality by 2030, Green manufacturing ecosystem",1,7.5%
Transistor components,NXP Semiconductors,"Eindhoven, Netherlands","Eindhoven (Netherlands), Hamburg (Germany), Austin (USA), Shanghai (China)",supply.chain@nxp.com,www.nxp.com,4.5,1350,"$11,060,000,000",2006,31000,"Kurt Sievers, +31-40-272-9999","ISO 9001, IATF 16949, ISO 14001",30,"Net 45",12,"ISO 9001:2015, IATF 16949","2035 carbon neutrality goal, Product stewardship program",1,6.8%
Transistor components,Renesas Electronics,"Tokyo, Japan","Tokyo (Japan), Naka (Japan), Burlington (USA), Beijing (China)",procurement@renesas.com,www.renesas.com,4.4,1150,"$8,340,000,000",2010,19000,"Hidetoshi Shibata, +81-3-6773-3000","ISO 9001, IATF 16949, ISO 14001",30,"Net 30",12,"ISO 9001:2015, IATF 16949, JIS Q 9001","Green innovation program, CO2 reduction roadmap",1,5.3%
High-power diode components,ROHM Semiconductor,"Kyoto, Japan","Kyoto (Japan), Yokohama (Japan), Santa Clara (USA), Dresden (Germany)",purchasing@rohm.com,www.rohm.com,4.6,980,"$3,940,000,000",1958,23000,"Isao Matsumoto, +81-75-311-2121","ISO 9001, IATF 16949, ISO 14001",30,"Net 30",12,"ISO 9001:2015, IATF 16949","ROHM Group Environmental Vision 2050, Climate change mitigation targets",1,6.5%
High-power diode components,Toshiba Electronic Devices & Storage,"Tokyo, Japan","Yokohama (Japan), Himeji (Japan), Houston (USA), Düsseldorf (Germany)",power.procurement@toshiba.co.jp,www.toshiba.semicon-storage.com,4.5,1250,"$4,300,000,000",1939,22900,"Hiroyuki Sato, +81-3-3457-3100","ISO 9001, IATF 16949, ISO 14001",30,"Net 30",12,"ISO 9001:2015, IATF 16949","Environmental Vision 2050, Resource circulation initiatives",1,3.8%
High-power diode components,Vishay Intertechnology,"Malvern, Pennsylvania, USA","Malvern (USA), Heilbronn (Germany), Shanghai (China), Manila (Philippines)",procurement@vishay.com,www.vishay.com,4.4,680,"$3,500,000,000",1962,22500,"Dr. Gerald Paul, +1-610-644-1300","ISO 9001, IATF 16949, ISO 14001",30,"Net 30",12,"ISO 9001:2015, IATF 16949","Sustainable waste management, Energy efficiency program",1,2.9%
High-power diode components,Microsemi Corporation (Microchip),"Aliso Viejo, California, USA","Aliso Viejo (USA), Garden Grove (USA), West Lafayette (USA), Belfast (UK)",supplier.management@microsemi.com,www.microsemi.com,4.5,750,"$5,350,000,000",1960,8600,"James J. Peterson, +1-949-380-6100","ISO 9001, AS9100D, MIL-PRF-19500",45,"Net 45",12,"ISO 9001:2015, AS9100D","Environmental stewardship program, Resource conservation initiatives",1,4.2%
High-power diode components,Littelfuse Inc.,"Chicago, Illinois, USA","Chicago (USA), Kaunas (Lithuania), Suzhou (China), Manila (Philippines)",procurement@littelfuse.com,www.littelfuse.com,4.4,580,"$1,800,000,000",1927,17000,"David Heinzmann, +1-773-628-1000","ISO 9001, IATF 16949, ISO 14001",30,"Net 30",12,"ISO 9001:2015, IATF 16949","Climate change initiatives, Resource efficiency goals",1,7.6%
High-power diode components,ON Semiconductor,"Phoenix, Arizona, USA","Phoenix (USA), Nampa (USA), Rožnov (Czech Republic), Leshan (China)",supplier.communications@onsemi.com,www.onsemi.com,4.6,1850,"$6,740,000,000",1999,35000,"Hassane El-Khoury, +1-602-244-6600","ISO 9001, IATF 16949, ISO 14001",45,"Net 45",12,"ISO 9001:2015, IATF 16949","2040 net-zero emissions goal, Circular economy approach",1,11.8%
High-power diode components,Nexperia,"Nijmegen, Netherlands","Nijmegen (Netherlands), Hamburg (Germany), Manchester (UK), Guangdong (China)",procurement@nexperia.com,www.nexperia.com,4.5,980,"$1,400,000,000",2017,14000,"Frans Scheper, +31-24-353-5353","ISO 9001, IATF 16949, ISO 14001",30,"Net 30",12,"ISO 9001:2015, IATF 16949","GreenNexperia program, Carbon footprint reduction",1,15.3%
High-power diode components,GeneSiC Semiconductor,"Dulles, Virginia, USA","Dulles (USA), Research Triangle Park (USA), Munich (Germany), Seoul (South Korea)",procurement@genesicsemi.com,www.genesicsemi.com,4.3,320,"$180,000,000",2004,450,"Dr. Ranbir Singh, +1-703-996-8200","ISO 9001, AS9100D",30,"Net 30",12,"ISO 9001:2015, AS9100D","Resource efficiency program, Hazardous substance reduction",2,23.5%
High-power diode components,MACOM Technology Solutions,"Lowell, Massachusetts, USA","Lowell (USA), Cork (Ireland), Ithaca (USA), Newcastle (UK)",purchasing@macom.com,www.macom.com,4.4,450,"$670,000,000",1950,1100,"Stephen Daly, +1-978-656-2500","ISO 9001, AS9100D, IATF 16949",30,"Net 30",12,"ISO 9001:2015, AS9100D","Environmental management system, Energy conservation targets",2,8.6%
Germanium-on-silicon photonic devices,Intel Programmable Solutions Group,"Santa Clara, California, USA","Santa Clara (USA), Penang (Malaysia), Toronto (Canada), Cork (Ireland)",photonics.procurement@intel.com,www.intel.com/photonics,4.7,980,"$3,900,000,000",1968,5800,"Robert Hays, +1-408-765-8080","ISO 9001, ISO 14001, Telcordia GR-468",45,"Net 45",12,"ISO 9001:2015, Telcordia GR-468","RISE strategy, Green data center initiatives",1,15.8%
Germanium-on-silicon photonic devices,AIM Photonics,"Albany, New York, USA","Albany (USA), Rochester (USA), Santa Barbara (USA)",procurement@aimphotonics.com,www.aimphotonics.com,4.4,150,"$180,000,000",2015,450,"Dr. Michael Liehr, +1-518-956-7200","ISO 9001, AS9100D",45,"Net 45",12,"ISO 9001:2015, AS9100D","Green photonics initiative, Clean manufacturing program",2,22.5%
Germanium-on-silicon photonic devices,Luxtera (Cisco),"Carlsbad, California, USA","Carlsbad (USA), San Jose (USA), Singapore, Bangalore (India)",photonics.procurement@cisco.com,www.cisco.com/photonics,4.6,750,"$51,700,000,000",2001,77000,"Chuck Robbins, +1-760-448-3900","ISO 9001, TL 9000, ISO 14001",45,"Net 45",12,"ISO 9001:2015, TL 9000","Circular economy objectives, Net-zero emissions by 2040",1,5.7%
Germanium-on-silicon photonic devices,GlobalFoundries Photonics,"Santa Clara, California, USA","Malta (USA), Dresden (Germany), Singapore",photonics@globalfoundries.com,www.globalfoundries.com/photonics,4.5,580,"$6,580,000,000",2009,15000,"Thomas Caulfield, +1-408-462-3900","ISO 9001, ISO 14001",45,"Net 45",12,"ISO 9001:2015, ISO 14001","Corporate responsibility roadmap, Energy efficiency goals",1,12.3%
Germanium-on-silicon photonic devices,LIGENTEC,"Lausanne, Switzerland","Lausanne (Switzerland), Dresden (Germany)",purchasing@ligentec.com,www.ligentec.com,4.3,180,"$28,000,000",2016,85,"Michael Geiselmann, +41-78-812-4155","ISO 9001",30,"Net 30",12,"ISO 9001:2015","Eco-friendly photonics manufacturing, Resource efficiency",2,29.8%
Germanium-on-silicon photonic devices,IMEC,"Leuven, Belgium","Leuven (Belgium), Eindhoven (Netherlands), Taipei (Taiwan)",procurement@imec.be,www.imec-int.com,4.6,280,"$850,000,000",1984,5000,"Luc Van den hove, +32-16-28-1211","ISO 9001, ISO 14001",30,"Net 30",12,"ISO 9001:2015, ISO 14001","Sustainable cleanroom program, Circular resource initiatives",1,8.9%
Germanium-on-silicon photonic devices,Rockley Photonics,"Oxford, UK","Oxford (UK), Pasadena (USA), Helsinki (Finland), Cork (Ireland)",procurement@rockleyphotonics.com,www.rockleyphotonics.com,4.2,120,"$210,000,000",2013,350,"Dr. Andrew Rickman, +44-1865-292-800","ISO 9001, ISO 13485",30,"Net 30",12,"ISO 9001:2015, ISO 13485","Energy efficiency program, Sustainable operations framework",2,16.5%
Germanium-on-silicon photonic devices,CompoundTek,"Singapore","Singapore, Shanghai (China), Hsinchu (Taiwan)",procurement@compoundtek.com,www.compoundtek.com,4.3,150,"$42,000,000",2017,120,"Raj Kumar, +65-6254-7979","ISO 9001",30,"Net 30",12,"ISO 9001:2015","Green manufacturing initiative, Resource conservation goals",2,32.7%
Germanium-on-silicon photonic devices,Huawei Photonics,"Shenzhen, China","Shenzhen (China), Dongguan (China), Munich (Germany), Ottawa (Canada)",photonics.procurement@huawei.com,www.huawei.com/photonics,4.5,1850,"$99,900,000,000",1987,194000,"Ren Zhengfei, +86-755-2878-0808","ISO 9001, TL 9000, ISO 14001",45,"30% advance, 70% upon delivery",12,"ISO 9001:2015, TL 9000","Green Partner program, Carbon neutrality initiative",1,7.4%
Terahertz wave detection sensors,Terasense Group Inc.,"San Jose, California, USA","San Jose (USA), Hamburg (Germany), Moscow (Russia)",procurement@terasense.com,www.terasense.com,4.3,180,"$35,000,000",2008,95,"Michael Shur, +1-408-600-1459","ISO 9001",30,"Net 30",12,"ISO 9001:2015","Eco-friendly manufacturing initiative, Energy efficiency program",2,25.5%
Terahertz wave detection sensors,TeraSense Inc.,"Mountain View, California, USA","Mountain View (USA), Barcelona (Spain), Tokyo (Japan)",purchasing@terasense-inc.com,www.terasense-inc.com,4.2,150,"$18,000,000",2011,70,"Dr. Gregory Dunn, +1-650-666-0050","ISO 9001",30,"Net 30",12,"ISO 9001:2015","Green technologies initiative, Resource conservation efforts",2,19.8%
Terahertz wave detection sensors,Luna Innovations,"Roanoke, Virginia, USA","Roanoke (USA), Charlottesville (USA), Chantilly (USA), Quebec (Canada)",procurement@lunainc.com,www.lunainc.com,4.4,250,"$120,500,000",1990,500,"Scott Graeff, +1-540-769-8400","ISO 9001, AS9100D",30,"Net 30",12,"ISO 9001:2015, AS9100D","Sustainable operations program, Energy reduction goals",1,14.6%
Terahertz wave detection sensors,Toshiba Research Europe,"Cambridge, UK","Cambridge (UK), Bristol (UK), Tokyo (Japan)",procurement@crl.toshiba.co.uk,www.toshiba.eu/research,4.5,180,"$275,000,000",1991,220,"Dr. Andrew Shields, +44-1223-436-900","ISO 9001, ISO 14001",45,"Net 45",12,"ISO 9001:2015, ISO 14001","Environmental Vision 2050, Resource recycling goals",1,7.2%
Terahertz wave detection sensors,Fraunhofer Institute for Physical Measurement Techniques,"Freiburg, Germany","Freiburg (Germany), Kaiserslautern (Germany)",procurement@ipm.fraunhofer.de,www.ipm.fraunhofer.de,4.7,230,"$430,000,000",1968,330,"Prof. Dr. Karsten Buse, +49-761-8857-0","ISO 9001, ISO 14001",45,"Net 45",12,"ISO 9001:2015, ISO 14001","Sustainable research practices, Energy efficient facilities",1,5.3%
Terahertz wave detection sensors,NEC Corporation,"Tokyo, Japan","Tokyo (Japan), Kawasaki (Japan), Santa Clara (USA), London (UK)",procurement@nec.com,www.nec.com,4.6,750,"$25,800,000,000",1899,110000,"Takayuki Morita, +81-3-3454-1111","ISO 9001, ISO 14001",30,"Net 30",12,"ISO 9001:2015, ISO 14001","Environmental management system, Eco-friendly product design",1,3.2%
Terahertz wave detection sensors,Rohde & Schwarz,"Munich, Germany","Munich (Germany), Teisnach (Germany), Singapore, Columbia (USA)",procurement@rohde-schwarz.com,www.rohde-schwarz.com,4.8,580,"$2,580,000,000",1933,13000,"Christian Leicher, +49-89-4129-0","ISO 9001, ISO 14001",30,"Net 30",12,"ISO 9001:2015, ISO 14001","Climate neutrality program, Sustainable product design",1,6.7%
Terahertz wave detection sensors,Advantest Corporation,"Tokyo, Japan","Tokyo (Japan), Gunma (Japan), San Jose (USA), Munich (Germany)",procurement@advantest.com,www.advantest.com,4.5,420,"$2,540,000,000",1954,4900,"Yoshiaki Yoshida, +81-3-3214-7500","ISO 9001, ISO 14001",30,"Net 30",12,"ISO 9001:2015, ISO 14001","Green procurement guidelines, Energy conservation targets",1,4.8%
Terahertz wave detection sensors,TOPTICA Photonics AG,"Munich, Germany","Graefelfing (Germany), Farmington (USA), Tokyo (Japan)",procurement@toptica.com,www.toptica.com,4.4,180,"$85,000,000",1998,320,"Dr. Wilhelm Kaenders, +49-89-85837-0","ISO 9001",30,"Net 30",12,"ISO 9001:2015","Sustainable photonics practices, Energy efficient operations",2,11.4%
Aerospace component coatings,Boeing Defense Systems,"St. Louis, Missouri, USA","St. Louis (USA), Seattle (USA), Philadelphia (USA), San Antonio (USA)",defense.procurement@boeing.com,www.boeing.com/defense,4.8,1250,"$26,200,000,000",1916,141000,"Ted Colbert, +1-314-232-0232","AS9100D, ISO 9001, NADCAP",60,"Net 60",36,"AS9100D, NADCAP AC7108","Eco-Demonstrator program, 2050 carbon neutral commitment",1,3.8%
Aerospace component coatings,Airbus Defence and Space,"Toulouse, France","Toulouse (France), Madrid (Spain), Munich (Germany), Newport (UK)",procurement@airbus.com,www.airbus.com/defence,4.7,980,"$12,900,000,000",1970,134000,"Michael Schoellhorn, +33-5-6193-3333","AS9100D, ISO 9001, NADCAP",60,"Net 60",24,"AS9100D, NADCAP AC7108","High 5+ sustainable manufacturing, Zero emissions initiative",1,2.7%
Aerospace component coatings,Leonardo SpA,"Rome, Italy","Rome (Italy), L'Aquila (Italy), Edinburgh (UK), Philadelphia (USA)",procurement@leonardocompany.com,www.leonardocompany.com,4.5,680,"$14,100,000,000",1948,49000,"Alessandro Profumo, +39-06-324731","AS9100D, ISO 9001, NADCAP",45,"Net 45",24,"AS9100D, NADCAP AC7108","CSR Master Plan, Sustainable Supply Chain Initiative",1,4.2%
Aerospace component coatings,Safran Aircraft Engines,"Paris, France","Paris (France), Villaroche (France), Cincinnati (USA), Suzhou (China)",procurement@safran-group.com,www.safran-group.com,4.6,850,"$9,700,000,000",2005,36000,"Olivier Andriès, +33-1-4060-8080","AS9100D, ISO 9001, NADCAP",45,"Net 45",24,"AS9100D, NADCAP AC7108","Climate strategy, Low-carbon aviation roadmap",1,3.5%
Aerospace component coatings,General Dynamics Ordnance and Tactical Systems,"St. Petersburg, Florida, USA","St. Petersburg (USA), Lincoln (USA), Garland (USA), Marion (USA)",procurement@gd-ots.com,www.gd-ots.com,4.6,580,"$3,900,000,000",1952,12600,"Phebe Novakovic, +1-727-578-8100","AS9100D, ISO 9001, MIL-STD-810",60,"Net 60",24,"AS9100D, MIL-STD-810","Environmental stewardship program, Hazardous materials reduction",1,2.9%
Aerospace component coatings,Raytheon Technologies,"Waltham, Massachusetts, USA","Waltham (USA), Tucson (USA), El Segundo (USA), McKinney (USA)",procurement@rtx.com,www.rtx.com,4.7,1150,"$64,400,000,000",2020,174000,"Gregory Hayes, +1-781-522-3000","AS9100D, ISO 9001, NADCAP",45,"Net 45",24,"AS9100D, NADCAP AC7108","ESG targets, 2050 carbon neutral operations",1,4.3%
Aerospace component coatings,Lockheed Martin Aeronautics,"Fort Worth, Texas, USA","Fort Worth (USA), Marietta (USA), Palmdale (USA)",aeronautics.procurement@lmco.com,www.lockheedmartin.com/aeronautics,4.8,1250,"$26,900,000,000",1912,114000,"James Taiclet, +1-817-935-4000","AS9100D, ISO 9001, NADCAP",60,"Net 60",24,"AS9100D, NADCAP AC7108","Go Green initiative, Science-based targets",1,3.7%
Aerospace component coatings,BAE Systems,"London, UK","London (UK), Warton (UK), Nashua (USA), Stockholm (Sweden)",procurement@baesystems.com,www.baesystems.com,4.7,980,"$24,300,000,000",1999,90500,"Charles Woodburn, +44-1252-373232","AS9100D, ISO 9001, NADCAP",45,"Net 45",24,"AS9100D, NADCAP AC7108","Net Zero 2030 strategy, Sustainable product lifecycle",1,2.8%
Aerospace component coatings,Rolls-Royce Plc,"London, UK","Derby (UK), Bristol (UK), Indianapolis (USA), Singapore",procurement@rolls-royce.com,www.rolls-royce.com,4.8,850,"$16,800,000,000",1906,50000,"Warren East, +44-20-7222-9020","AS9100D, ISO 9001, NADCAP",45,"Net 45",24,"AS9100D, NADCAP AC7108","Net Zero Carbon 2050, Sustainable manufacturing initiative",1,1.9%
Aerospace component coatings,Thales Group,"Paris, France","Paris (France), Toulouse (France), Stuttgart (Germany), Melbourne (Australia)",procurement@thalesgroup.com,www.thalesgroup.com,4.6,780,"$18,500,000,000",2000,83000,"Patrice Caine, +33-1-5777-8000","AS9100D, ISO 9001, NADCAP",45,"Net 45",24,"AS9100D, NADCAP AC7108","Low-carbon strategy, Green product lifecycle",1,3.2%
Space-based solar panel coatings,Airbus Space Systems,"Toulouse, France","Toulouse (France), Bremen (Germany), Madrid (Spain), Stevenage (UK)",space.procurement@airbus.com,www.airbus.com/space,4.7,680,"$6,900,000,000",1970,13500,"Jean-Marc Nasr, +33-5-6193-7000","AS9100D, ISO 9001, ECSS-Q-ST",60,"Net 60",24,"AS9100D, ECSS-Q-ST-70","Space Sustainability Charter, Zero-waste manufacturing",1,3.8%
Space-based solar panel coatings,Northrop Grumman Space,"Redondo Beach, California, USA","Redondo Beach (USA), Gilbert (USA), Dulles (USA), San Diego (USA)",space.procurement@ngc.com,www.northropgrumman.com/space,4.8,750,"$8,900,000,000",1939,28000,"Blake Larson, +1-310-812-4321","AS9100D, ISO 9001, NASA-STD-8739",60,"Net 60",24,"AS9100D, NASA-STD-8739.6","2030 environmental sustainability goals, Green engineering",1,4.2%
Space-based solar panel coatings,Maxar Technologies,"Westminster, Colorado, USA","Westminster (USA), Palo Alto (USA), San Jose (USA), Melbourne (Australia)",space.procurement@maxar.com,www.maxar.com,4.6,580,"$1,790,000,000",2017,4500,"Daniel Jablonsky, +1-303-684-4000","AS9100D, ISO 9001, NASA-STD-8739",60,"Net 60",24,"AS9100D, NASA-STD-8739.6","Earth Intelligence mission, Sustainable operations commitment",1,6.9%
Space-based solar panel coatings,SolAero Technologies,"Albuquerque, New Mexico, USA","Albuquerque (USA), Bernalillo (USA)",procurement@solaerotech.com,www.solaerotech.com,4.5,450,"$275,000,000",2014,350,"Brad Clevenger, +1-505-858-3600","AS9100D, ISO 9001, NASA-STD-8739",45,"Net 45",12,"AS9100D, NASA-STD-8739.6","Solar energy best practices, Eco-friendly manufacturing",1,8.5%
Space-based solar panel coatings,Thales Alenia Space,"Cannes, France","Cannes (France), Turin (Italy), Rome (Italy), Madrid (Spain)",procurement@thalesaleniaspace.com,www.thalesaleniaspace.com,4.7,580,"$2,850,000,000",2005,7500,"Hervé Derrey, +33-4-9296-7000","AS9100D, ISO 9001, ECSS-Q-ST",45,"Net 45",24,"AS9100D, ECSS-Q-ST-70","Environmental roadmap, Space debris mitigation",1,4.7%
Space-based solar panel coatings,Azur Space Solar Power,"Heilbronn, Germany","Heilbronn (Germany), Ottobrunn (Germany)",procurement@azurspace.com,www.azurspace.com,4.4,320,"$95,000,000",2007,270,"Juergen Heizmann, +49-7131-67-2603","ISO 9001, AS9100D, ECSS-Q-ST",45,"Net 45",12,"AS9100D, ECSS-Q-ST-70","Sustainable energy technologies, Eco-friendly processes",1,5.4%
Space-based solar panel coatings,Boeing Satellite Systems,"El Segundo, California, USA","El Segundo (USA), Seal Beach (USA), Houston (USA)",satellite.procurement@boeing.com,www.boeing.com/space,4.7,680,"$7,500,000,000",1985,5800,"David Crosthwait, +1-310-364-6000","AS9100D, ISO 9001, NASA-STD-8739",60,"Net 60",24,"AS9100D, NASA-STD-8739.6","2050 net-zero ambition, Space sustainability commitment",1,3.2%
Space-based solar panel coatings,MMA Design,"Louisville, Colorado, USA","Louisville (USA), Washington D.C. (USA)",procurement@mmadesignllc.com,www.mmadesignllc.com,4.2,120,"$28,000,000",2010,65,"Mitchell Wiens, +1-303-993-2000","AS9100D, ISO 9001",30,"Net 30",12,"AS9100D, ISO 9001:2015","Clean energy initiative, Resource efficiency program",2,18.5%
Space-based solar panel coatings,ROSCOSMOS (JSC Russian Space Systems),"Moscow, Russia","Moscow (Russia), Korolev (Russia), Baikonur (Kazakhstan)",procurement@spacecorp.ru,www.spacecorp.ru,4.1,380,"$3,600,000,000",1946,12000,"Yuri Urlichich, +7-495-673-9440","ISO 9001, GOST R",60,"50% advance, 50% upon delivery",24,"GOST R ISO 9001-2015","Energy conservation program, Material efficiency",1,2.3%
Spintronics devices,IBM Research,"Yorktown Heights, New York, USA","Yorktown Heights (USA), Zurich (Switzerland), Tokyo (Japan), Beijing (China)",research.procurement@ibm.com,www.research.ibm.com,4.9,580,"$73,600,000,000",1945,345000,"Dr. Dario Gil, +1-914-945-3000","ISO 9001, ISO 14001",45,"Net 45",12,"ISO 9001:2015, ISO 14001","IBM Impact - ESG commitments, Climate leadership",1,5.8%
Spintronics devices,Spin Memory,"Fremont, California, USA","Fremont (USA), Austin (USA)",procurement@spinmemory.com,www.spinmemory.com,4.3,150,"$68,000,000",2012,85,"Tom Sparkman, +1-510-252-1600","ISO 9001",30,"Net 30",12,"ISO 9001:2015","Green datacenter initiative, Power efficiency",2,24.7%
Spintronics devices,Everspin Technologies,"Chandler, Arizona, USA","Chandler (USA), Austin (USA), Hsinchu (Taiwan)",procurement@everspin.com,www.everspin.com,4.4,180,"$47,000,000",2008,250,"Darin Billerbeck, +1-480-347-1111","ISO 9001, ISO 14001",30,"Net 30",12,"ISO 9001:2015","Sustainable manufacturing, Energy efficiency program",2,15.6%
Spintronics devices,Tohoku University Spintronics Center,"Sendai, Japan","Sendai (Japan), Tokyo (Japan)",procurement@csis.tohoku.ac.jp,www.csis.tohoku.ac.jp,4.7,120,"$82,000,000",1998,180,"Prof. Hideo Ohno, +81-22-217-5553","ISO 9001, JIS Q 9001",45,"Net 45",12,"ISO 9001:2015, JIS Q 9001","Eco-friendly research facility, Green campus initiative",1,8.3%
Spintronics devices,Imec,"Leuven, Belgium","Leuven (Belgium), Eindhoven (Netherlands), Taipei (Taiwan)",procurement@imec.be,www.imec-int.com,4.8,280,"$850,000,000",1984,4500,"Luc Van den hove, +32-16-28-1211","ISO 9001, ISO 14001",30,"Net 30",12,"ISO 9001:2015, ISO 14001","Sustainable semiconductor roadmap, Circular cleanroom",1,6.9%
Spintronics devices,Samsung Advanced Institute of Technology,"Suwon, South Korea","Suwon (South Korea), Seoul (South Korea), San Jose (USA), Cambridge (UK)",sait.procurement@samsung.com,www.sait.samsung.co.kr,4.8,450,"$1,250,000,000",1987,1500,"Dr. Kinam Kim, +82-31-280-9114","ISO 9001, ISO 14001",45,"Net 45",12,"ISO 9001:2015, ISO 14001","Galaxy for the Planet initiative, Carbon neutrality by 2050",1,9.4%
Spintronics devices,Toshiba Research Europe,"Cambridge, UK","Cambridge (UK), Bristol (UK), Kawasaki (Japan)",procurement@crl.toshiba.co.uk,www.toshiba.eu/research,4.6,180,"$275,000,000",1991,220,"Dr. Andrew Shields, +44-1223-436-900","ISO 9001, ISO 14001",45,"Net 45",12,"ISO 9001:2015, ISO 14001","Environmental Vision 2050, Sustainable technology",1,7.2%
Spintronics devices,NVE Corporation,"Eden Prairie, Minnesota, USA","Eden Prairie (USA), Bloomington (USA)",procurement@nve.com,www.nve.com,4.3,90,"$26,000,000",1989,50,"Daniel Baker, +1-952-829-9217","ISO 9001",30,"Net 30",12,"ISO 9001:2015","Energy conservation program, Waste reduction goals",2,11.8%
Spintronics devices,Crocus Technology,"Santa Clara, California, USA","Santa Clara (USA), Grenoble (France)",procurement@crocus-technology.com,www.crocus-technology.com,4.2,75,"$32,000,000",2004,120,"Bertrand Cambou, +1-408-380-8316","ISO 9001",30,"Net 30",12,"ISO 9001:2015","Green laboratory initiative, Carbon footprint reduction",2,18.5%
Low-energy neuromorphic chips,Intel Neuromorphic Research,"Santa Clara, California, USA","Santa Clara (USA), Hillsboro (USA), Haifa (Israel), Munich (Germany)",neuromorphic.procurement@intel.com,www.intel.com/neuromorphic,4.8,420,"$79,000,000,000",1968,110600,"Mike Davies, +1-408-765-8080","ISO 9001, ISO 14001",45,"Net 45",12,"ISO 9001:2015, ISO 14001","RISE strategy (Responsible, Inclusive, Sustainable, Enabling)",1,3.7%
Low-energy neuromorphic chips,IBM Research Zurich,"Zurich, Switzerland","Zurich (Switzerland), Yorktown Heights (USA), Tokyo (Japan)",zurich.procurement@ibm.com,www.research.ibm.com/labs/zurich,4.9,380,"$73,600,000,000",1956,450,"Dr. Alessandro Curioni, +41-44-724-8111","ISO 9001, ISO 14001",45,"Net 45",12,"ISO 9001:2015, ISO 14001","IBM Impact - Environmental leadership, Research efficiency",1,4.1%
Low-energy neuromorphic chips,BrainChip Holdings,"Laguna Hills, California, USA","Laguna Hills (USA), Toulouse (France), Perth (Australia)",procurement@brainchip.com,www.brainchip.com,4.2,110,"$4,100,000",2013,115,"Sean Hehir, +1-949-330-6750","ISO 9001",30,"Net 30",12,"ISO 9001:2015","Ultra-low power AI processing, Energy efficient computing",2,32.5%
Low-energy neuromorphic chips,SynSense (aiCTX),"Zurich, Switzerland","Zurich (Switzerland), Chengdu (China), Shanghai (China)",procurement@synsense.ai,www.synsense.ai,4.1,80,"$12,400,000",2017,65,"Dr. Qiao Ning, +41-44-245-8690","ISO 9001",30,"Net 30",12,"ISO 9001:2015","Energy efficient neuromorphic vision, Sustainable AI",2,48.7%
Low-energy neuromorphic chips,Applied Brain Research,"Waterloo, Ontario, Canada","Waterloo (Canada), Toronto (Canada)",procurement@appliedbrainresearch.com,www.appliedbrainresearch.com,4.2,45,"$5,200,000",2014,35,"Dr. Chris Eliasmith, +1-519-569-9971","ISO 9001",30,"Net 30",6,"ISO 9001:2015","Bio-inspired computing efficiency, Reduced environmental impact",2,52.8%
Low-energy neuromorphic chips,GrAI Matter Labs,"Paris, France","Paris (France), Eindhoven (Netherlands), San Jose (USA)",procurement@graimatterlabs.ai,www.graimatterlabs.ai,4.3,65,"$31,000,000",2016,48,"Ingolf Held, +33-1-8275-0250","ISO 9001",30,"Net 30",6,"ISO 9001:2015","Energy-efficient edge AI, Low-carbon computing",2,41.3%
Low-energy neuromorphic chips,Samsung Electronics,"Suwon, South Korea","Suwon (South Korea), Austin (USA), San Jose (USA), Hwaseong (South Korea)",procurement@samsung.com,www.samsung.com/semiconductor,4.7,850,"$197,700,000,000",1969,267900,"Dr. Kye Hyun Kyung, +82-31-209-7114","ISO 9001, ISO 14001",45,"Net 45",12,"ISO 9001:2015, ISO 14001","Galaxy for the Planet initiative, Carbon neutrality by 2050",1,2.9%
Low-energy neuromorphic chips,Qualcomm AI Research,"San Diego, California, USA","San Diego (USA), Amsterdam (Netherlands), Beijing (China), Bangalore (India)",ai.procurement@qualcomm.com,www.qualcomm.com/research/artificial-intelligence,4.6,380,"$33,500,000,000",1985,41000,"Cristiano Amon, +1-858-587-1121","ISO 9001, ISO 14001",45,"Net 45",12,"ISO 9001:2015, ISO 14001","2040 net zero target, Sustainable product design",1,5.7%
Low-energy neuromorphic chips,imec Brain-Inspired Computing Systems,"Leuven, Belgium","Leuven (Belgium), Eindhoven (Netherlands), San Francisco (USA)",brain.procurement@imec.be,www.imec-int.com/en/brain-inspired-computing,4.8,220,"$850,000,000",1984,4500,"Luc Van den hove, +32-16-28-1211","ISO 9001, ISO 14001",30,"Net 30",12,"ISO 9001:2015, ISO 14001","Sustainable semiconductor roadmap, Circular economy principles",1,7.3%
Quantum dot displays,Samsung Display,"Yongin, South Korea","Yongin (South Korea), Asan (South Korea), San Jose (USA), Shenzhen (China)",display.procurement@samsung.com,www.samsungdisplay.com,4.9,980,"$21,700,000,000",2012,28000,"Dr. Joo Sun Choi, +82-31-5181-1114","ISO 9001, ISO 14001",45,"Net 45",12,"ISO 9001:2015, ISO 14001","Samsung Eco-Management 2022 initiative, Zero waste to landfill",1,5.3%
Quantum dot displays,TCL Technology,"Shenzhen, China","Shenzhen (China), Guangzhou (China), Warsaw (Poland), Santa Clara (USA)",procurement@tcl.com,www.tcl.com,4.5,680,"$9,600,000,000",1981,75000,"Li Dongsheng, +86-755-3331-3333","ISO 9001, ISO 14001",45,"Net 45",12,"ISO 9001:2015, ISO 14001","TCL Green initiative, Carbon footprint reduction plan",1,8.7%
Quantum dot displays,LG Display,"Seoul, South Korea","Seoul (South Korea), Paju (South Korea), Guangzhou (China), Gumi (South Korea)",procurement@lgdisplay.com,www.lgdisplay.com,4.7,750,"$23,600,000,000",1999,59000,"Jeong Ho-young, +82-2-3777-1114","ISO 9001, ISO 14001",45,"Net 45",12,"ISO 9001:2015, ISO 14001","LG Carbon neutral 2030, Circular economy focus",1,4.1%
Quantum dot displays,Sony Electronics,"Tokyo, Japan","Tokyo (Japan), San Diego (USA), Stuttgart (Germany), Shanghai (China)",procurement@sony.com,www.sony.com,4.8,580,"$78,000,000,000",1946,111700,"Kenichiro Yoshida, +81-3-6748-2111","ISO 9001, ISO 14001",45,"Net 45",12,"ISO 9001:2015, ISO 14001","Road to Zero initiative, Green Management 2025",1,3.2%
Quantum dot displays,BOE Technology Group,"Beijing, China","Beijing (China), Hefei (China), Chengdu (China), Silicon Valley (USA)",procurement@boe.com,www.boe.com,4.5,650,"$23,700,000,000",1993,65000,"Chen Yanshun, +86-10-6498-2288","ISO 9001, ISO 14001",45,"Net 45",12,"ISO 9001:2015, ISO 14001","BOE Green manufacturing system, Clean energy strategy",1,7.6%
Quantum dot displays,AUO Corporation,"Hsinchu, Taiwan","Hsinchu (Taiwan), Taichung (Taiwan), Singapore, Suzhou (China)",procurement@auo.com,www.auo.com,4.6,450,"$9,200,000,000",2001,38000,"Paul Peng, +886-3-500-8800","ISO 9001, ISO 14001",45,"Net 45",12,"ISO 9001:2015, ISO 14001","AUO Green Solutions, Carbon neutral roadmap",1,5.8%
Quantum dot displays,Nanoco Technologies,"Manchester, UK","Manchester (UK), Runcorn (UK), Tokyo (Japan)",procurement@nanocotechnologies.com,www.nanocotechnologies.com,4.3,180,"$12,500,000",2001,80,"Brian Tenner, +44-161-603-7900","ISO 9001, ISO 14001",30,"Net 30",12,"ISO 9001:2015, ISO 14001","CFQD Heavy-metal free quantum dots, Sustainable manufacturing",2,15.6%
Quantum dot displays,Nanosys,"Milpitas, California, USA","Milpitas (USA), Sunnyvale (USA), Boston (USA)",procurement@nanosys.com,www.nanosys.com,4.5,220,"$29,000,000",2001,130,"Jason Hartlove, +1-408-933-9211","ISO 9001",30,"Net 30",12,"ISO 9001:2015","Cadmium-free quantum dots, Energy efficient displays",2,17.2%
Quantum dot displays,Innolux Corporation,"Miaoli, Taiwan","Miaoli (Taiwan), Tainan (Taiwan), Ningbo (China), Austin (USA)",procurement@innolux.com,www.innolux.com,4.5,520,"$9,100,000,000",2003,54600,"James Yang, +886-37-586-800","ISO 9001, ISO 14001",45,"Net 45",12,"ISO 9001:2015, ISO 14001","Green product strategy, Carbon emission reduction",1,4.9%
6G THz waveguides,Nokia Bell Labs,"Espoo, Finland","Espoo (Finland), Murray Hill (USA), Stuttgart (Germany), Shanghai (China)",procurement@bell-labs.com,www.bell-labs.com,4.8,520,"$26,200,000,000",1925,103000,"Pekka Lundmark, +358-10-44-88000","ISO 9001, ISO 14001, TL 9000",60,"Net 60",24,"ISO 9001:2015, TL 9000","Nokia Zero Emission commitment, Circular economy roadmap",1,4.3%
6G THz waveguides,Keysight Technologies,"Santa Rosa, California, USA","Santa Rosa (USA), Colorado Springs (USA), Penang (Malaysia), Böblingen (Germany)",procurement@keysight.com,www.keysight.com,4.7,380,"$5,120,000,000",2014,14600,"Satish Dhanasekaran, +1-800-829-4444","ISO 9001, ISO 14001",45,"Net 45",12,"ISO 9001:2015, ISO 14001","Keysight Carbon Neutral 2040, Circular economy model",1,7.2%
6G THz waveguides,Ericsson Research,"Stockholm, Sweden","Stockholm (Sweden), San Jose (USA), Beijing (China), Montreal (Canada)",research.procurement@ericsson.com,www.ericsson.com/en/research,4.8,480,"$25,600,000,000",1876,101000,"Börje Ekholm, +46-10-719-0000","ISO 9001, ISO 14001, TL 9000",60,"Net 60",24,"ISO 9001:2015, TL 9000","Carbon neutral by 2030, Sustainable product portfolio",1,3.5%
6G THz waveguides,NTT Docomo Research,"Tokyo, Japan","Tokyo (Japan), Yokosuka (Japan), Silicon Valley (USA), Munich (Germany)",procurement@nttdocomo.com,www.docomo.ne.jp/english,4.6,380,"$43,700,000,000",1992,8100,"Motoyuki Ii, +81-3-5156-1111","ISO 9001, ISO 14001, TL 9000",45,"Net 45",12,"ISO 9001:2015, TL 9000","Carbon neutral 2030, Green deployment standards",1,2.8%
6G THz waveguides,Huawei Technologies,"Shenzhen, China","Shenzhen (China), Dongguan (China), Munich (Germany), Ottawa (Canada)",procurement@huawei.com,www.huawei.com,4.7,680,"$99,900,000,000",1987,197000,"Ren Zhengfei, +86-755-2878-0808","ISO 9001, ISO 14001, TL 9000",60,"Net 60",24,"ISO 9001:2015, TL 9000","Huawei Zero carbon initiative, Digital inclusion",1,5.7%
6G THz waveguides,Qualcomm Research,"San Diego, California, USA","San Diego (USA), San Jose (USA), Shanghai (China), Bangalore (India)",research.procurement@qualcomm.com,www.qualcomm.com,4.7,450,"$33,500,000,000",1985,41000,"Cristiano Amon, +1-858-587-1121","ISO 9001, ISO 14001, TL 9000",45,"Net 45",12,"ISO 9001:2015, TL 9000","Qualcomm 2040 net zero, Sustainability vision",1,6.3%
6G THz waveguides,NEC Corporation,"Tokyo, Japan","Tokyo (Japan), Kawasaki (Japan), Santa Clara (USA), Heidelberg (Germany)",procurement@nec.com,www.nec.com,4.6,380,"$27,100,000,000",1899,110000,"Takayuki Morita, +81-3-3454-1111","ISO 9001, ISO 14001, TL 9000",45,"Net 45",12,"ISO 9001:2015, TL 9000","NEC 2050 Carbon Neutral, Environmental management system",1,3.9%
6G THz waveguides,Samsung Research,"Seoul, South Korea","Seoul (South Korea), Mountain View (USA), Cambridge (UK), Beijing (China)",research.procurement@samsung.com,www.sra.samsung.com,4.8,520,"$197,700,000,000",1969,267900,"Sebastian Seung, +82-2-2255-0114","ISO 9001, ISO 14001, TL 9000",45,"Net 45",12,"ISO 9001:2015, TL 9000","Galaxy for the Planet initiative, Carbon neutrality by 2050",1,4.7%
6G THz waveguides,Fraunhofer Heinrich Hertz Institute,"Berlin, Germany","Berlin (Germany), Goslar (Germany), Munich (Germany)",procurement@hhi.fraunhofer.de,www.hhi.fraunhofer.de,4.7,180,"$275,000,000",1928,350,"Prof. Dr. Thomas Wiegand, +49-30-31002-0","ISO 9001",30,"Net 30",12,"ISO 9001:2015","Fraunhofer sustainability initiative, Energy efficiency program",1,6.8%
6G THz waveguides,InterDigital,"Wilmington, Delaware, USA","Wilmington (USA), San Diego (USA), Montreal (Canada), London (UK)",procurement@interdigital.com,www.interdigital.com,4.5,120,"$428,000,000",1972,510,"Liren Chen, +1-302-281-3600","ISO 9001, ISO 14001",45,"Net 45",12,"ISO 9001:2015, ISO 14001","ESG targets, Sustainable innovation principles",1,9.5%
Neural interface sensors,Neuralink Corporation,"Fremont, California, USA","Fremont (USA), Austin (USA), San Francisco (USA)",procurement@neuralink.com,www.neuralink.com,4.4,180,"$500,000,000",2016,300,"Jared Birchall, +1-510-859-2150","ISO 13485, ISO 9001",45,"Net 45",12,"ISO 13485:2016, ISO 9001:2015","Sustainable manufacturing initiative, Ethical neurotechnology framework",2,38.5%
Neural interface sensors,Paradromics,"Austin, Texas, USA","Austin (USA), San Jose (USA)",procurement@paradromics.com,www.paradromics.com,4.1,90,"$75,000,000",2015,65,"Matt Angle, +1-512-399-5216","ISO 13485",30,"Net 30",12,"ISO 13485:2016","Green lab initiative, Ethical neurotechnology adoption",2,45.7%
Neural interface sensors,CTRL-labs (Meta Reality Labs),"New York, New York, USA","New York (USA), Seattle (USA), Menlo Park (USA)",procurement@fb.com,www.facebook.com/reality-labs,4.6,320,"$2,500,000,000",2015,450,"Andrew Bosworth, +1-650-543-4800","ISO 9001, ISO 13485",45,"Net 45",12,"ISO 9001:2015, ISO 13485:2016","Meta Responsible Innovation, Sustainable technology roadmap",1,28.5%
Neural interface sensors,BrainCo,"Somerville, Massachusetts, USA","Somerville (USA), Beijing (China), Hong Kong (China)",procurement@brainco.tech,www.brainco.tech,4.2,85,"$34,000,000",2015,50,"Max Newlon, +1-617-945-1590","ISO 13485",30,"Net 30",6,"ISO 13485:2016","Energy efficient neural interfaces, Sustainable materials focus",2,41.3%
Neural interface sensors,Kernel,"Los Angeles, California, USA","Los Angeles (USA), San Francisco (USA)",procurement@kernel.com,www.kernel.com,4.3,120,"$225,000,000",2016,85,"Bryan Johnson, +1-310-526-5870","ISO 13485, ISO 9001",30,"Net 30",12,"ISO 13485:2016, ISO 9001:2015","Low-impact manufacturing, Responsible neurotechnology framework",2,36.8%
Neural interface sensors,INBRAIN Neuroelectronics,"Barcelona, Spain","Barcelona (Spain), Grenoble (France), Munich (Germany)",procurement@inbrain-neuroelectronics.com,www.inbrain-neuroelectronics.com,4.1,65,"$23,000,000",2019,45,"Carolina Aguilar, +34-93-737-4150","ISO 13485",30,"Net 30",6,"ISO 13485:2016","Graphene energy efficiency, Sustainable materials sourcing",2,52.7%
Neural interface sensors,G.TEC Medical Engineering,"Schiedlberg, Austria","Schiedlberg (Austria), New York (USA), Hong Kong (China)",procurement@gtec.at,www.gtec.at,4.4,110,"$38,000,000",1999,85,"Dr. Christoph Guger, +43-7251-22240","ISO 13485, ISO 9001",30,"Net 30",12,"ISO 13485:2016, ISO 9001:2015","Sustainable lab practices, Energy efficient electronics",1,14.8%
Neural interface sensors,NeuroSky,"San Jose, California, USA","San Jose (USA), Hong Kong (China), Tokyo (Japan), Taipei (Taiwan)",procurement@neurosky.com,www.neurosky.com,4.2,75,"$27,000,000",2004,60,"Stanley Yang, +1-408-600-0129","ISO 9001, ISO 13485",30,"Net 30",12,"ISO 9001:2015, ISO 13485:2016","Green electronics initiative, Low-power consumption focus",2,12.5%
Neural interface sensors,Synchron,"New York, New York, USA","New York (USA), Campbell (USA), Melbourne (Australia)",procurement@synchron.com,www.synchron.com,4.3,85,"$145,000,000",2016,70,"Thomas Oxley, +1-917-512-3000","ISO 13485, FDA GMP",30,"Net 30",12,"ISO 13485:2016, FDA 21 CFR 820","Minimally invasive tech, Sustainable supply chain",2,37.2%
Neural interface sensors,Emotiv,"San Francisco, California, USA","San Francisco (USA), Sydney (Australia), Hanoi (Vietnam)",procurement@emotiv.com,www.emotiv.com,4.2,70,"$48,000,000",2011,95,"Tan Le, +1-415-399-9900","ISO 13485, ISO 9001",30,"Net 30",12,"ISO 13485:2016, ISO 9001:2015","Green packaging initiative, Recycling program",2,18.9%
Self-healing electronic skins,BAE Systems Advanced Electronics,"Rochester, UK","Rochester (UK), Austin (USA), Manchester (UK), Sydney (Australia)",procurement@baesystems-electronics.com,www.baesystems.com/electronics,4.7,380,"$24,300,000,000",1999,90500,"Charles Woodburn, +44-1634-204-000","AS9100D, ISO 9001, MIL-STD-883",60,"Net 60",24,"AS9100D, MIL-STD-883K","Net Zero 2030 strategy, Circular product design",1,5.8%
Self-healing electronic skins,Battelle Memorial Institute,"Columbus, Ohio, USA","Columbus (USA), Aberdeen (USA), Arlington (USA)",procurement@battelle.org,www.battelle.org,4.6,320,"$7,500,000,000",1929,22000,"Lewis Von Thaer, +1-614-424-6424","ISO 9001, MIL-STD-883",45,"Net 45",12,"ISO 9001:2015, MIL-STD-883K","Sustainability program, Waste reduction initiative",1,6.7%
Self-healing electronic skins,Lockheed Martin Advanced Materials,"Bethesda, Maryland, USA","Bethesda (USA), Orlando (USA), Fort Worth (USA), Sunnyvale (USA)",advanced.materials@lmco.com,www.lockheedmartin.com,4.8,450,"$65,400,000,000",1995,114000,"James Taiclet, +1-301-897-6000","AS9100D, MIL-STD-883",60,"Net 60",24,"AS9100D, MIL-STD-883K","Net Zero 2040, Science Based Targets initiative",1,4.5%"
Self-healing electronic skins,Holst Centre,"Eindhoven, Netherlands","Eindhoven (Netherlands), Leuven (Belgium)",procurement@holstcentre.com,www.holstcentre.com,4.5,180,"$72,000,000",2005,250,"Ton van Mol, +31-40-402-0400","ISO 9001",30,"Net 30",12,"ISO 9001:2015","Sustainable electronics roadmap, Circular innovation model",1,14.3%
Self-healing electronic skins,Holst Centre,"Eindhoven, Netherlands","Eindhoven (Netherlands), Leuven (Belgium)",procurement@holstcentre.com,www.holstcentre.com,4.5,180,"$72,000,000",2005,250,"Ton van Mol, +31-40-402-0400","ISO 9001",30,"Net 30",12,"ISO 9001:2015","Sustainable electronics roadmap, Circular innovation model",1,14.3%
Self-healing electronic skins,Harvard University SEAS,"Cambridge, Massachusetts, USA","Cambridge (USA), Allston (USA)",procurement@seas.harvard.edu,www.seas.harvard.edu,4.9,85,"$157,000,000",1847,120,"Prof. Frank Doyle, +1-617-495-2800","ISO 9001",30,"Net 30",12,"ISO 9001:2015","Harvard sustainability plan, Green labs certification",1,7.2%
Self-healing electronic skins,Xerox PARC,"Palo Alto, California, USA","Palo Alto (USA), Webster (USA), Bangalore (India)",procurement@parc.com,www.parc.com,4.6,110,"$1,100,000,000",1970,220,"Naresh Shanker, +1-650-812-4000","ISO 9001, ISO 14001",45,"Net 45",12,"ISO 9001:2015, ISO 14001","Xerox sustainability roadmap, Circularity framework",1,8.4%
Self-healing electronic skins,Mitsubishi Electric Research Labs,"Cambridge, Massachusetts, USA","Cambridge (USA), Tokyo (Japan), Osaka (Japan)",procurement@merl.com,www.merl.com,4.5,180,"$41,400,000,000",1991,145000,"Richard C. Waters, +1-617-621-7500","ISO 9001, ISO 14001",45,"Net 45",12,"ISO 9001:2015, ISO 14001","Environmental Vision 2050, Sustainable manufacturing",1,3.8%
Self-healing electronic skins,Stanford University Materials Science,"Stanford, California, USA","Stanford (USA), Palo Alto (USA)",procurement@stanford.edu,mse.stanford.edu,4.9,75,"$125,000,000",1925,85,"Prof. Paul McIntyre, +1-650-723-4007","ISO 9001",30,"Net 30",12,"ISO 9001:2015","Stanford sustainable labs, Zero waste program",1,5.5%
Self-healing electronic skins,University of Illinois Advanced Materials Research,"Urbana, Illinois, USA","Urbana (USA), Champaign (USA)",procurement@matse.illinois.edu,matse.illinois.edu,4.8,65,"$95,000,000",1945,120,"Prof. Nancy Sottos, +1-217-333-1041","ISO 9001",30,"Net 30",6,"ISO 9001:2015","Illinois Campus Sustainability Plan, Green materials initiative",1,11.8%
Self-healing electronic skins,Centre for Advanced 2D Materials,"Singapore","Singapore, NUS campus",procurement@ca2dm.nus.edu.sg,www.2dmateria.ls.nus.edu.sg,4.7,90,"$68,000,000",2014,85,"Prof. Antonio Castro Neto, +65-6516-6900","ISO 9001, ISO 14001",30,"Net 30",12,"ISO 9001:2015, ISO 14001","NUS sustainability strategic plan, Green lab certification",1,17.3%
3D germanium photonic crystals,Lumileds Holding B.V.,"Amsterdam, Netherlands","Amsterdam (Netherlands), San Jose (USA), Singapore, Penang (Malaysia)",procurement@lumileds.com,www.lumileds.com,4.6,280,"$1,800,000,000",2015,8500,"Jon Orr, +31-20-754-9000","ISO 9001, IATF 16949",45,"Net 45",12,"ISO 9001:2015, IATF 16949:2016","Sustainable manufacturing program, Emission reduction initiatives",1,7.9%
3D germanium photonic crystals,NTT Research,"Sunnyvale, California, USA","Sunnyvale (USA), Tokyo (Japan)",procurement@ntt-research.com,www.ntt-research.com,4.7,95,"$500,000,000",2019,50,"Kazuhiro Gomi, +1-650-897-9300","ISO 9001",30,"Net 30",12,"ISO 9001:2015","NTT Group Environmental Vision, Carbon neutrality by 2040",1,12.8%
3D germanium photonic crystals,Photonic Systems Group (MIT),"Cambridge, Massachusetts, USA","Cambridge (USA)",photonics-procurement@mit.edu,www.rle.mit.edu/photonicsystems,4.9,65,"$95,000,000",1976,60,"Prof. Rajeev Ram, +1-617-253-3641","ISO 9001",30,"Net 30",12,"ISO 9001:2015","MIT Climate Action Plan, Sustainable labs initiative",1,8.5%
3D germanium photonic crystals,IMEC Photonics,"Leuven, Belgium","Leuven (Belgium), Eindhoven (Netherlands), Shanghai (China)",photonics-procurement@imec.be,www.imec-int.com/photonics,4.8,210,"$680,000,000",1984,4500,"Luc Van den hove, +32-16-28-1211","ISO 9001, ISO 14001",45,"Net 45",12,"ISO 9001:2015, ISO 14001","IMEC sustainability program, Energy efficiency roadmap",1,9.7%
3D germanium photonic crystals,Fujitsu Laboratories,"Kawasaki, Japan","Kawasaki (Japan), Sunnyvale (USA), Beijing (China)",procurement@jp.fujitsu.com,www.fujitsu.com/jp/group/labs/en,4.6,280,"$36,800,000,000",1968,126400,"Takahito Tokita, +81-44-754-2635","ISO 9001, ISO 14001",45,"Net 45",12,"ISO 9001:2015, ISO 14001","Fujitsu Climate and Energy Vision, Carbon neutrality by 2050",1,4.3%
3D germanium photonic crystals,University of Toronto Photonics,"Toronto, Ontario, Canada","Toronto (Canada)",photonics.procurement@utoronto.ca,www.light.utoronto.ca,4.7,55,"$72,000,000",1985,45,"Prof. Joyce Poon, +1-416-946-8500","ISO 9001",30,"Net 30",6,"ISO 9001:2015","Low Carbon Action Plan, Green labs certification",1,11.2%
3D germanium photonic crystals,Hewlett Packard Labs,"Palo Alto, California, USA","Palo Alto (USA), Bristol (UK), Fort Collins (USA)",hpl-procurement@hpe.com,www.labs.hpe.com,4.5,180,"$28,500,000,000",1966,60000,"Antonio Neri, +1-650-857-1501","ISO 9001, ISO 14001",45,"Net 45",12,"ISO 9001:2015, ISO 14001","Living Progress sustainability framework, Circular economy principles",1,6.8%
3D germanium photonic crystals,Nanyang Technological University,"Singapore","Singapore",optical-procurement@ntu.edu.sg,www.ntu.edu.sg/spms/research/optical-electronics,4.8,75,"$110,000,000",1981,8500,"Prof. Nikolay Zheludev, +65-6790-4500","ISO 9001",30,"Net 30",12,"ISO 9001:2015","NTU sustainability manifesto, EcoCampus initiative",1,13.6%
3D germanium photonic crystals,Nokia Bell Labs,"Murray Hill, New Jersey, USA","Murray Hill (USA), Cambridge (UK), Stuttgart (Germany), Espoo (Finland)",procurement@bell-labs.com,www.bell-labs.com,4.7,250,"$22,500,000,000",1925,98322,"Marcus Weldon, +1-908-582-3000","ISO 9001, ISO 14001, TL 9000",45,"Net 45",12,"ISO 9001:2015, TL 9000, ISO 14001","Nokia People & Planet sustainability strategy, Zero emission target",1,5.2%
3D germanium photonic crystals,Australian National University Photonics,"Canberra, Australia","Canberra (Australia)",photonics-procurement@anu.edu.au,photonics.anu.edu.au,4.7,60,"$85,000,000",1946,40,"Prof. Dragomir Neshev, +61-2-6125-9558","ISO 9001",30,"Net 30",12,"ISO 9001:2015","ANU Below Zero Initiative, Sustainable laboratories certification",1,14.5%
Quantum memory nodes,IBM Quantum,"Armonk, New York, USA","Armonk (USA), Yorktown Heights (USA), Zurich (Switzerland), Tokyo (Japan)",quantum-procurement@ibm.com,www.ibm.com/quantum-computing,4.8,320,"$73,600,000,000",2016,3500,"Dr. Jay Gambetta, +1-914-499-1900","ISO 9001, ISO 14001",45,"Net 45",12,"ISO 9001:2015, ISO 14001","IBM Environmental Affairs, Carbon neutral by 2030",1,12.3%
Quantum memory nodes,Google Quantum AI,"Mountain View, California, USA","Mountain View (USA), Santa Barbara (USA), London (UK), Zurich (Switzerland)",quantum-procurement@google.com,quantumai.google,4.9,290,"$1,800,000,000",2014,250,"Hartmut Neven, +1-650-253-0000","ISO 9001, ISO 14001",45,"Net 45",12,"ISO 9001:2015, ISO 14001","Google Sustainability, Carbon-free by 2030",1,18.7%
Quantum memory nodes,Rigetti Computing,"Berkeley, California, USA","Berkeley (USA), Fremont (USA), London (UK)",procurement@rigetti.com,www.rigetti.com,4.5,90,"$145,000,000",2013,160,"Chad Rigetti, +1-510-210-5550","ISO 9001",30,"Net 30",12,"ISO 9001:2015","Sustainable quantum roadmap, Resource efficiency program",2,37.2%
Quantum memory nodes,Xanadu,"Toronto, Ontario, Canada","Toronto (Canada), Vancouver (Canada)",procurement@xanadu.ai,www.xanadu.ai,4.6,85,"$125,000,000",2016,80,"Christian Weedbrook, +1-416-861-0111","ISO 9001",30,"Net 30",12,"ISO 9001:2015","Clean energy computing, Energy efficient quantum systems",2,48.5%
Quantum memory nodes,IonQ,"College Park, Maryland, USA","College Park (USA), Seattle (USA), Durham (USA)",procurement@ionq.com,www.ionq.com,4.7,110,"$150,000,000",2015,125,"Peter Chapman, +1-301-298-8900","ISO 9001",30,"Net 30",12,"ISO 9001:2015","Sustainable ion trap technology, Energy efficient computing",2,42.3%
Quantum memory nodes,PsiQuantum,"Palo Alto, California, USA","Palo Alto (USA), Tucson (USA), Bristol (UK)",procurement@psiquantum.com,www.psiquantum.com,4.6,95,"$665,000,000",2016,150,"Jeremy O'Brien, +1-650-427-8800","ISO 9001",30,"Net 30",12,"ISO 9001:2015","Sustainable materials sourcing, Responsible germanium usage",2,40.5%
Quantum memory nodes,QuTech (TU Delft),"Delft, Netherlands","Delft (Netherlands), Amsterdam (Netherlands)",procurement@qutech.nl,www.qutech.nl,4.8,85,"$95,000,000",2013,220,"Prof. Lieven Vandersypen, +31-15-278-6000","ISO 9001",30,"Net 30",6,"ISO 9001:2015","TU Delft Sustainability Program, Responsible research framework",1,15.8%
Quantum memory nodes,Alpine Quantum Technologies,"Innsbruck, Austria","Innsbruck (Austria), Vienna (Austria)",procurement@aqt.eu,www.aqt.eu,4.4,50,"$42,000,000",2018,40,"Dr. Thomas Monz, +43-512-507-4780","ISO 9001",30,"Net 30",6,"ISO 9001:2015","European Green Deal alignment, Sustainable quantum initiative",2,32.9%
Quantum memory nodes,Toshiba Research Europe,"Cambridge, UK","Cambridge (UK), Bristol (UK), Tokyo (Japan)",quantum-procurement@crl.toshiba.co.uk,www.toshiba.eu/eu/Cambridge-Research-Laboratory,4.7,110,"$3,300,000,000",1991,300,"Andrew Shields, +44-1223-436-900","ISO 9001, ISO 14001",45,"Net 45",12,"ISO 9001:2015, ISO 14001","Toshiba Environmental Future Vision 2050, Carbon neutral operations",1,7.4%
Quantum memory nodes,Q-CTRL,"Sydney, Australia","Sydney (Australia), Los Angeles (USA), Berlin (Germany)",procurement@q-ctrl.com,www.q-ctrl.com,4.5,60,"$45,000,000",2017,60,"Michael Biercuk, +61-2-9036-6900","ISO 9001",30,"Net 30",12,"ISO 9001:2015","Quantum resource efficiency, Sustainable operations plan",2,52.1%
Phononic crystal computing components,Intel Labs,"Santa Clara, California, USA","Santa Clara (USA), Hillsboro (USA), Bangalore (India), Haifa (Israel)",labs-procurement@intel.com,www.intel.com/labs,4.7,350,"$79,000,000,000",1968,121100,"Rich Uhlig, +1-408-765-8080","ISO 9001, ISO 14001",45,"Net 45",12,"ISO 9001:2015, ISO 14001","2030 RISE sustainability goals, Circular economy practices",1,4.2%
Phononic crystal computing components,Lawrence Berkeley National Laboratory,"Berkeley, California, USA","Berkeley (USA)",procurement@lbl.gov,www.lbl.gov,4.9,120,"$1,100,000,000",1931,4200,"Dr. Michael Witherell, +1-510-486-5111","ISO 9001",30,"Net 30",12,"ISO 9001:2015","Energy efficient computing research, Carbon neutrality program",1,7.8%
Phononic crystal computing components,Max Planck Institute for the Science of Light,"Erlangen, Germany","Erlangen (Germany), Munich (Germany)",procurement@mpl.mpg.de,www.mpl.mpg.de,4.8,85,"$210,000,000",2009,300,"Prof. Dr. Florian Marquardt, +49-9131-7133-0","ISO 9001",30,"Net 30",12,"ISO 9001:2015","MPG Sustainability Strategy, Energy efficient lab operations",1,9.3%
Phononic crystal computing components,ORC Southampton University,"Southampton, UK","Southampton (UK)",orc-procurement@soton.ac.uk,www.orc.soton.ac.uk,4.7,65,"$135,000,000",1989,120,"Prof. David Richardson, +44-23-8059-2959","ISO 9001",30,"Net 30",12,"ISO 9001:2015","University sustainability strategy, Carbon management plan",1,11.5%
Phononic crystal computing components,Purdue Quantum Science and Engineering Institute,"West Lafayette, Indiana, USA","West Lafayette (USA)",pqsei-procurement@purdue.edu,www.purdue.edu/quantum,4.8,70,"$105,000,000",2018,75,"Prof. Yong P. Chen, +1-765-494-0947","ISO 9001",30,"Net 30",12,"ISO 9001:2015","Purdue sustainability master plan, Energy efficiency program",1,15.2%
Phononic crystal computing components,Sandia National Laboratories,"Albuquerque, New Mexico, USA","Albuquerque (USA), Livermore (USA)",procurement@sandia.gov,www.sandia.gov,4.8,180,"$3,800,000,000",1949,14000,"Dr. James Peery, +1-505-844-8066","ISO 9001, ISO 14001",45,"Net 45",12,"ISO 9001:2015, ISO 14001","DOE sustainability goals, Responsible sourcing program",1,6.3%
Phononic crystal computing components,Centre for Quantum Technologies (NUS),"Singapore","Singapore",procurement@quantumlah.org,www.quantumlah.org,4.7,90,"$85,000,000",2007,180,"Prof. Artur Ekert, +65-6516-2818","ISO 9001",30,"Net 30",12,"ISO 9001:2015","NUS green labs certification, Sustainable research practices",1,13.7%
Phononic crystal computing components,Agency for Science, Technology and Research (A*STAR),"Singapore",procurement@a-star.edu.sg,www.a-star.edu.sg,4.6,150,"$940,000,000",2002,5800,"Frederick Chew, +65-6826-6111","ISO 9001, ISO 14001",30,"Net 30",12,"ISO 9001:2015, ISO 14001","Singapore Green Plan 2030 alignment, Sustainable R&D practices",1,8.9%
Phononic crystal computing components,Riken Center for Quantum Computing,"Wako, Japan","Wako (Japan), Tokyo (Japan), Kobe (Japan)",procurement@riken.jp,www.riken.jp/en/research/labs/rqc,4.7,130,"$760,000,000",2018,3000,"Dr. Seigo Tarucha, +81-48-462-1111","ISO 9001, ISO 14001",45,"Net 45",12,"ISO 9001:2015, ISO 14001","Riken environmental policy, Green Innovation Initiative",1,10.2%
Phononic crystal computing components,Technical University of Denmark (DTU) Fotonik,"Lyngby, Denmark","Lyngby (Denmark), Copenhagen (Denmark)",procurement@fotonik.dtu.dk,www.fotonik.dtu.dk,4.6,75,"$135,000,000",1829,250,"Prof. Lars-Ulrik Aaen Andersen, +45-4525-6352","ISO 9001, ISO 14001",30,"Net 30",12,"ISO 9001:2015, ISO 14001","DTU sustainability goals, Climate action strategy",1,12.5%
Engineered germanium defects,Princeton University Physics Department,"Princeton, New Jersey, USA","Princeton (USA)",phys-procurement@princeton.edu,www.physics.princeton.edu,4.9,45,"$140,000,000",1746,80,"Prof. Herman Verlinde, +1-609-258-4400","ISO 9001",30,"Net 30",6,"ISO 9001:2015","Princeton sustainability action plan, Zero carbon campus goal",1,9.4%
Engineered germanium defects,Harvard Quantum Initiative,"Cambridge, Massachusetts, USA","Cambridge (USA)",hqi-procurement@harvard.edu,www.quantum.harvard.edu,4.8,50,"$165,000,000",2018,65,"Prof. John Doyle, +1-617-495-2800","ISO 9001",30,"Net 30",6,"ISO 9001:2015","Harvard sustainability plan, Green labs certification",1,11.2%
Engineered germanium defects,CalTech Kavli Nanoscience Institute,"Pasadena, California, USA","Pasadena (USA)",kni-procurement@caltech.edu,www.kni.caltech.edu,4.8,55,"$90,000,000",2004,45,"Prof. Nai-Chang Yeh, +1-626-395-4313","ISO 9001",30,"Net 30",6,"ISO 9001:2015","CalTech sustainability program, Green labs certification",1,13.7%
Engineered germanium defects,Max Planck Institute for Solid State Research,"Stuttgart, Germany","Stuttgart (Germany)",procurement@fkf.mpg.de,www.fkf.mpg.de,4.7,60,"$110,000,000",1969,300,"Prof. Dr. Bernhard Keimer, +49-711-689-0","ISO 9001",30,"Net 30",12,"ISO 9001:2015","MPG Sustainability Strategy, Energy efficient lab operations",1,8.5%
Engineered germanium defects,University of Science and Technology of China,"Hefei, China","Hefei (China), Shanghai (China)",ustcprocurement@ustc.edu.cn,www.en.ustc.edu.cn,4.7,85,"$950,000,000",1958,3500,"Prof. Xinhe Bao, +86-551-6360-1000","ISO 9001",30,"Net 30",12,"ISO 9001:2015","USTC eco-friendly campus initiative, Green scientific research",1,15.3%
Engineered germanium defects,University of New South Wales Quantum Computing,"Sydney, Australia","Sydney (Australia)",cqc-procurement@unsw.edu.au,www.cqc2t.org,4.8,65,"$120,000,000",2017,80,"Prof. Michelle Simmons, +61-2-9385-6313","ISO 9001",30,"Net 30",12,"ISO 9001:2015","UNSW sustainability strategy, Environmental management system",1,12.4%
Engineered germanium defects,Los Alamos National Laboratory,"Los Alamos, New Mexico, USA","Los Alamos (USA)",procurement@lanl.gov,www.lanl.gov,4.7,110,"$2,800,000,000",1943,13500,"Dr. Thom Mason, +1-505-667-5061","ISO 9001, ISO 14001",45,"Net 45",12,"ISO 9001:2015, ISO 14001","LANL Sustainability practices, Resource conservation program",1,5.7%
Engineered germanium defects,Vienna Center for Quantum Science and Technology,"Vienna, Austria","Vienna (Austria)",procurement@vcq.quantum.at,www.vcq.quantum.at,4.6,45,"$65,000,000",2010,70,"Prof. Markus Aspelmeyer, +43-1-4277-72560","ISO 9001",30,"Net 30",12,"ISO 9001:2015","Sustainable quantum science initiative, Energy efficiency program",1,14.6%
Engineered germanium defects,Delft University Quantum & Computer Engineering,"Delft, Netherlands","Delft (Netherlands)",qce-procurement@tudelft.nl,www.qce.tudelft.nl,4.7,55,"$75,000,000",2015,65,"Prof. Carmina Almudever, +31-15-278-8158","ISO 9001",30,"Net 30",6,"ISO 9001:2015","TU Delft sustainability roadmap, Green labs certification",1,16.3%
Engineered germanium defects,Joint Quantum Institute (University of Maryland),"College Park, Maryland, USA","College Park (USA)",jqi-procurement@umd.edu,www.jqi.umd.edu,4.8,60,"$115,000,000",2006,85,"Prof. Steve Rolston, +1-301-405-1594","ISO 9001",30,"Net 30",12,"ISO 9001:2015","UMD carbon neutral goals, Sustainable research practices",1,10.8%
High-mobility nanowire transistors,Taiwan Semiconductor Manufacturing Company (TSMC),"Hsinchu, Taiwan","Hsinchu (Taiwan), Tainan (Taiwan), Shanghai (China), Phoenix (USA)",procurement@tsmc.com,www.tsmc.com,4.9,450,"$63,900,000,000",1987,65000,"Dr. C.C. Wei, +886-3-505-5999","ISO 9001, ISO 14001, IATF 16949",45,"Net 45",24,"ISO 9001:2015, ISO 14001, IATF 16949:2016","TSMC ESG policy, Net zero emissions by 2050",1,3.5%
High-mobility nanowire transistors,Samsung Electronics Semiconductor,"Suwon, South Korea","Suwon (South Korea), Austin (USA), Xi'an (China)",semi.procurement@samsung.com,www.semiconductor.samsung.com,4.8,400,"$77,800,000,000",1969,110000,"Kim Ki Nam, +82-31-8000-1114","ISO 9001, ISO 14001, IATF 16949",45,"Net 45",24,"ISO 9001:2015, ISO 14001, IATF 16949:2016","Samsung sustainability vision, Circular economy program",1,4.2%
High-mobility nanowire transistors,GlobalFoundries,"Santa Clara, California, USA","Santa Clara (USA), Dresden (Germany), Singapore, Malta (USA)",procurement@gf.com,www.globalfoundries.com,4.7,320,"$6,600,000,000",2009,15000,"Thomas Caulfield, +1-408-462-3900","ISO 9001, ISO 14001, IATF 16949",45,"Net 45",12,"ISO 9001:2015, ISO 14001, IATF 16949:2016","Responsible manufacturing program, Carbon footprint reduction",1,6.8%
High-mobility nanowire transistors,Infineon Technologies,"Neubiberg, Germany","Neubiberg (Germany), Dresden (Germany), Villach (Austria), Singapore",procurement@infineon.com,www.infineon.com,4.7,310,"$11,600,000,000",1999,50280,"Jochen Hanebeck, +49-89-234-0","ISO 9001, ISO 14001, IATF 16949",45,"Net 45",12,"ISO 9001:2015, ISO 14001, IATF 16949:2016","Carbon neutrality by 2030, Responsible sourcing initiative",1,5.3%
High-mobility nanowire transistors,IBM Research Nanofabrication,"Yorktown Heights, New York, USA","Yorktown Heights (USA), Albany (USA), Zurich (Switzerland)",nano-procurement@ibm.com,www.research.ibm.com/nanofabrication,4.8,190,"$73,600,000,000",1961,2500,"Dr. Dario Gil, +1-914-945-3000","ISO 9001, ISO 14001",45,"Net 45",12,"ISO 9001:2015, ISO 14001","IBM Environmental Affairs, Carbon neutral by 2030",1,7.8%
High-mobility nanowire transistors,Tokyo Electron Limited,"Tokyo, Japan","Tokyo (Japan), Miyagi (Japan), Austin (USA), Hwaseong (South Korea)",procurement@tel.com,www.tel.com,4.7,280,"$15,400,000,000",1963,15800,"Toshiki Kawai, +81-3-5561-7000","ISO 9001, ISO 14001, IATF 16949",45,"Net 45",12,"ISO 9001:2015, ISO 14001, IATF 16949:2016","TEL FOR GOOD sustainability initiative, Carbon neutral goal",1,6.4%
High-mobility nanowire transistors,Imec Semiconductor Research,"Leuven, Belgium","Leuven (Belgium), Eindhoven (Netherlands), Hsinchu (Taiwan)",semi-procurement@imec.be,www.imec-int.com,4.8,160,"$680,000,000",1984,4500,"Luc Van den hove, +32-16-28-1211","ISO 9001, ISO 14001",45,"Net 45",12,"ISO 9001:2015, ISO 14001","IMEC sustainability program, Energy efficiency roadmap",1,9.2%
High-mobility nanowire transistors,Micron Technology,"Boise, Idaho, USA","Boise (USA), Manassas (USA), Singapore, Taichung (Taiwan), Hiroshima (Japan)",procurement@micron.com,www.micron.com,4.7,380,"$23,400,000,000",1978,43000,"Sanjay Mehrotra, +1-208-368-4000","ISO 9001, ISO 14001, IATF 16949",45,"Net 45",12,"ISO 9001:2015, ISO 14001, IATF 16949:2016","Micron sustainability commitment, Responsible manufacturing",1,7.5%
High-mobility nanowire transistors,STMicroelectronics,"Geneva, Switzerland","Geneva (Switzerland), Agrate (Italy), Crolles (France), Singapore",procurement@st.com,www.st.com,4.7,340,"$12,700,000,000",1987,48000,"Jean-Marc Chery, +41-22-929-2929","ISO 9001, ISO 14001, IATF 16949",45,"Net 45",12,"ISO 9001:2015, ISO 14001, IATF 16949:2016","Carbon neutrality by 2027, Responsible products strategy",1,5.9%
High-mobility nanowire transistors,Soitec,"Bernin, France","Bernin (France), Singapore, Shanghai (China)",procurement@soitec.com,www.soitec.com,4.6,150,"$1,100,000,000",1992,2300,"Paul Boudre, +33-4-76-92-7500","ISO 9001, ISO 14001, IATF 16949",45,"Net 45",12,"ISO 9001:2015, ISO 14001, IATF 16949:2016","Smart energy program, Sustainable manufacturing initiative",1,8.3%
Radiation-resistant microelectronics,BAE Systems Space Systems,"Nashua, New Hampshire, USA","Nashua (USA), Manassas (USA), Endicott (USA)",space-procurement@baesystems.com,www.baesystems.com/space,4.8,280,"$24,300,000,000",1999,90500,"Charles Woodburn, +1-603-885-2000","AS9100D, MIL-STD-883, NASA-STD-8739",60,"Net 60",24,"AS9100D, MIL-STD-883K, NASA-STD-8739.7","Net Zero 2030 strategy, Circular product design",1,4.9%
Radiation-resistant microelectronics,Northrop Grumman Space Systems,"Dulles, Virginia, USA","Dulles (USA), Redondo Beach (USA), Gilbert (USA)",space-procurement@ngc.com,www.northropgrumman.com/space,4.8,320,"$36,800,000,000",1939,90000,"Kathy Warden, +1-703-280-2900","AS9100D, MIL-STD-883, NASA-STD-8739",60,"Net 60",24,"AS9100D, MIL-STD-883K, NASA-STD-8739.7","2035 sustainability goals, Climate action plans",1,5.2%
Radiation-resistant microelectronics,European Space Agency Technology Center,"Noordwijk, Netherlands","Noordwijk (Netherlands), Darmstadt (Germany), Frascati (Italy)",estec.procurement@esa.int,www.esa.int,4.9,140,"$7,900,000,000",1975,2200,"Josef Aschbacher, +31-71-565-6565","ECSS-Q-ST, ISO 9001",45,"Net 45",12,"ECSS-Q-ST-60C, ISO 9001:2015","ESA climate neutral initiative, Green operations program",1,7.8%
Radiation-resistant microelectronics,Honeywell Aerospace,"Phoenix, Arizona, USA","Phoenix (USA), Plymouth (USA), Clearwater (USA), Toulouse (France)",aero-procurement@honeywell.com,www.aerospace.honeywell.com,4.7,260,"$34,400,000,000",1936,103000,"Mike Madsen, +1-602-365-3099","AS9100D, ISO 9001, MIL-STD-883",45,"Net 45",24,"AS9100D, ISO 9001:2015, MIL-STD-883K","Honeywell sustainability program, Sustainable aviation tech",1,6.5%
Radiation-resistant microelectronics,Lockheed Martin Space,"Littleton, Colorado, USA","Littleton (USA), Sunnyvale (USA), Valley Forge (USA)",space-procurement@lmco.com,www.lockheedmartin.com/space,4.8,310,"$65,400,000,000",1995,114000,"Robert Lightfoot, +1-303-977-3000","AS9100D, MIL-STD-883, NASA-STD-8739",60,"Net 60",24,"AS9100D, MIL-STD-883K, NASA-STD-8739.7","Net Zero 2040, Science Based Targets initiative",1,4.7%
Radiation-resistant microelectronics,Thales Alenia Space,"Cannes, France","Cannes (France), Rome (Italy), Turin (Italy), Madrid (Spain)",procurement@thalesaleniaspace.com,www.thalesaleniaspace.com,4.7,220,"$18,400,000,000",2005,7700,"Hervé Derrey, +33-4-92-92-7000","ISO 9001, EN 9100",45,"Net 45",12,"ISO 9001:2015, EN 9100:2018","Climate strategy, Eco-design for space sustainability",1,7.3%
Radiation-resistant microelectronics,CASC (China Aerospace Science and Technology Corporation),"Beijing, China","Beijing (China), Shanghai (China), Shenzhen (China)",procurement@spacechina.com,www.spacechina.com,4.5,290,"$37,300,000,000",1999,180000,"Wu Yansheng, +86-10-6837-0000","ISO 9001, GJB 9001",45,"Net 45",12,"ISO 9001:2015, GJB 9001C-2017","Green manufacturing initiative, Resource conservation plan",1,8.9%
Radiation-resistant microelectronics,JAXA (Japan Aerospace Exploration Agency),"Chofu, Tokyo, Japan","Chofu (Japan), Tsukuba (Japan), Tanegashima (Japan)",procurement@jaxa.jp,www.jaxa.jp,4.8,110,"$1,700,000,000",2003,1500,"Dr. Hiroshi Yamakawa, +81-50-3362-4000","JERG, ISO 9001",45,"Net 45",12,"JERG-0-049A, ISO 9001:2015","JAXA sustainability vision, Space environment protection",1,6.7%
Radiation-resistant microelectronics,ISRO (Indian Space Research Organisation),"Bengaluru, India","Bengaluru (India), Thiruvananthapuram (India), Ahmedabad (India)",purchase@isro.gov.in,www.isro.gov.in,4.6,150,"$2,300,000,000",1969,17000,"S. Somanath, +91-80-2341-5275","ISO 9001, ISRO Standards",45,"Net 45",12,"ISO 9001:2015, ISRO-QM-SP:02","Green propulsion initiative, Energy efficient facilities",1,9.4%
Radiation-resistant microelectronics,Airbus Defence and Space,"Toulouse, France","Toulouse (France), Friedrichshafen (Germany), Portsmouth (UK), Madrid (Spain)",procurement.space@airbus.com,www.airbus.com/space,4.7,270,"$12,300,000,000",2000,34000,"Michael Schoellhorn, +33-5-82-05-9000","EN 9100, ISO 9001, NASA-STD-8739",45,"Net 45",12,"EN 9100:2018, ISO 9001:2015, NASA-STD-8739.7","Airbus zero emission roadmap, Sustainable space initiative",1,6.1%
Quantum coherent devices,D-Wave Systems,"Burnaby, British Columbia, Canada","Burnaby (Canada), Palo Alto (USA)",procurement@dwavesys.com,www.dwavesys.com,4.8,65,"$80,000,000",1999,180,"Alan Baratz, +1-604-630-1428","ISO 9001",30,"Net 30",12,"ISO 9001:2015","Quantum for climate initiative, Energy efficient computing",1,14.7%
Quantum coherent devices,Rigetti Computing,"Berkeley, California, USA","Berkeley (USA), Fremont (USA), London (UK)",procurement@rigetti.com,www.rigetti.com,4.7,45,"$32,000,000",2013,140,"Dr. Chad Rigetti, +1-510-210-5550","ISO 9001",30,"Net 30",6,"ISO 9001:2015","Sustainable quantum computing roadmap, Clean energy computing",1,18.5%
Quantum coherent devices,IQM Quantum Computers,"Espoo, Finland","Espoo (Finland), Munich (Germany), Bilbao (Spain)",procurement@meetiqm.com,www.meetiqm.com,4.7,35,"$75,000,000",2018,130,"Dr. Jan Goetz, +358-50-477-8091","ISO 9001",30,"Net 30",6,"ISO 9001:2015","IQM sustainable quantum computing, Carbon-neutral operations",1,23.6%
Quantum coherent devices,Quantum Circuits Inc.,"New Haven, Connecticut, USA","New Haven (USA), Boston (USA)",procurement@quantumcircuits.com,www.quantumcircuits.com,4.6,30,"$45,000,000",2015,75,"Dr. Robert Schoelkopf, +1-203-891-1200","ISO 9001",30,"Net 30",6,"ISO 9001:2015","QCI sustainability commitment, Yale green labs certification",1,27.8%
Quantum coherent devices,QuTech (TU Delft),"Delft, Netherlands","Delft (Netherlands), Leiden (Netherlands)",procurement@qutech.nl,www.qutech.nl,4.9,55,"$120,000,000",2014,220,"Prof. Lieven Vandersypen, +31-15-278-6124","ISO 9001",30,"Net 30",6,"ISO 9001:2015","QuTech sustainability plan, TU Delft climate action",1,15.4%
Quantum coherent devices,PsiQuantum,"Palo Alto, California, USA","Palo Alto (USA), Tucson (USA), Bristol (UK)",procurement@psiquantum.com,www.psiquantum.com,4.8,40,"$665,000,000",2016,160,"Dr. Jeremy O'Brien, +1-650-843-9000","ISO 9001",30,"Net 30",6,"ISO 9001:2015","Sustainable silicon photonics, Energy-efficient quantum computing",1,21.3%
Quantum coherent devices,Quantum Brilliance,"Canberra, Australia","Canberra (Australia), Stuttgart (Germany)",procurement@quantumbrilliance.com,www.quantumbrilliance.com,4.6,25,"$38,000,000",2019,65,"Andrew Horsley, +61-2-6125-8812","ISO 9001",30,"Net 30",6,"ISO 9001:2015","Room-temperature quantum computing, Low-energy operations",1,32.5%
Quantum coherent devices,Alice & Bob,"Paris, France","Paris (France), Lyon (France)",procurement@alice-bob.com,www.alice-bob.com,4.7,20,"$30,000,000",2020,50,"Théau Peronnin, +33-1-85-09-7060","ISO 9001",30,"Net 30",6,"ISO 9001:2015","Sustainable cat qubit technology, French tech green initiative",1,40.2%
Quantum coherent devices,Oxford Quantum Circuits,"Oxford, UK","Oxford (UK), London (UK)",procurement@oxfordquantumcircuits.com,www.oxfordquantumcircuits.com,4.7,30,"$42,000,000",2017,70,"Ilana Wisby, +44-1865-249-740","ISO 9001",30,"Net 30",6,"ISO 9001:2015","OQC sustainable quantum computing, UK net zero champion",1,28.7%
Quantum coherent devices,Quantum Motion Technologies,"London, UK","London (UK), Cambridge (UK)",procurement@quantummotion.tech,www.quantummotion.tech,4.6,25,"$36,000,000",2017,55,"James Palles-Dimmock, +44-20-3981-9720","ISO 9001",30,"Net 30",6,"ISO 9001:2015","Sustainable silicon quantum computing, Low carbon footprint tech",1,31.5%
Biosensing substrates,Thermo Fisher Scientific,"Waltham, Massachusetts, USA","Waltham (USA), Carlsbad (USA), Eugene (USA), Bedford (UK), Shanghai (China)",procurement@thermofisher.com,www.thermofisher.com,4.8,280,"$39,200,000,000",2006,110000,"Marc Casper, +1-781-622-1000","ISO 9001, ISO 13485, ISO 14001",30,"Net 30",12,"ISO 9001:2015, ISO 13485:2016","Net Zero emissions by 2050, Sustainable packaging initiative",1,7.2%
Biosensing substrates,Danaher Corporation,"Washington, D.C., USA","Washington (USA), Shanghai (China), Singapore, Utrecht (Netherlands)",supplier.relations@danaher.com,www.danaher.com,4.7,230,"$29,500,000,000",1969,80000,"Rainer Blair, +1-202-828-0850","ISO 9001, ISO 13485, ISO 14001",30,"Net 30",12,"ISO 9001:2015, ISO 13485:2016","Sustainability goals 2025, Water conservation program",1,6.8%
Biosensing substrates,QIAGEN N.V.,"Venlo, Netherlands","Venlo (Netherlands), Hilden (Germany), Germantown (USA), Shanghai (China)",procurement@qiagen.com,www.qiagen.com,4.6,110,"$2,300,000,000",1984,6100,"Thierry Bernard, +31-77-355-6600","ISO 9001, ISO 13485",21,"Net 30",12,"ISO 9001:2015, ISO 13485:2016","Plastic reduction initiative, Carbon neutral operations by 2030",1,9.3%
Biosensing substrates,Agilent Technologies,"Santa Clara, California, USA","Santa Clara (USA), Cedar Creek (USA), Singapore, Shanghai (China)",supplier.management@agilent.com,www.agilent.com,4.7,160,"$6,800,000,000",1999,17500,"Mike McMullen, +1-408-345-8886","ISO 9001, ISO 14001, ISO 13485",30,"Net 30",12,"ISO 9001:2015, ISO 13485:2016","Zero waste to landfill, Energy conservation program",1,5.4%
Biosensing substrates,Bio-Rad Laboratories,"Hercules, California, USA","Hercules (USA), Singapore, Irvine (USA), Shanghai (China)",procurement@bio-rad.com,www.bio-rad.com,4.5,90,"$2,900,000,000",1952,8000,"Norman Schwartz, +1-510-724-7000","ISO 9001, ISO 13485",21,"Net 30",12,"ISO 9001:2015, ISO 13485:2016","Sustainable packaging, Energy efficiency initiatives",1,4.8%
Biosensing substrates,Shimadzu Corporation,"Kyoto, Japan","Kyoto (Japan), Columbia (USA), Duisburg (Germany), Beijing (China)",shimadzu-procurement@shimadzu.co.jp,www.shimadzu.com,4.6,140,"$3,700,000,000",1875,11000,"Teruhisa Ueda, +81-75-823-1111","ISO 9001, ISO 14001, ISO 13485",45,"Net 45",12,"ISO 9001:2015, ISO 13485:2016","Shimadzu Eco-Solutions, Sustainable lab practices",1,6.2%
Biosensing substrates,Waters Corporation,"Milford, Massachusetts, USA","Milford (USA), Wilmslow (UK), Singapore, Shanghai (China)",vendor.relations@waters.com,www.waters.com,4.7,120,"$2,800,000,000",1958,7500,"Dr. Udit Batra, +1-508-478-2000","ISO 9001, ISO 13485",30,"Net 30",12,"ISO 9001:2015, ISO 13485:2016","Carbon neutral 2025, Reduced plastic packaging",1,5.7%
Biosensing substrates,Bruker Corporation,"Billerica, Massachusetts, USA","Billerica (USA), Bremen (Germany), Fällanden (Switzerland), Shanghai (China)",procurement@bruker.com,www.bruker.com,4.6,85,"$2,500,000,000",1960,7800,"Frank Laukien, +1-978-663-3660","ISO 9001, ISO 13485",30,"Net 30",12,"ISO 9001:2015, ISO 13485:2016","Green labs initiative, Sustainable lab equipment",1,8.3%
Biosensing substrates,PerkinElmer Inc.,"Waltham, Massachusetts, USA","Waltham (USA), Singapore, Turku (Finland), Shanghai (China)",supplier@perkinelmer.com,www.perkinelmer.com,4.5,130,"$3,800,000,000",1937,14000,"Prahlad Singh, +1-781-663-6900","ISO 9001, ISO 13485, ISO 14001",30,"Net 30",12,"ISO 9001:2015, ISO 13485:2016","Sustainable labs program, Resource conservation initiative",1,4.5%
Biosensing substrates,Horiba Ltd.,"Kyoto, Japan","Kyoto (Japan), Edison (USA), Montpellier (France), Shanghai (China)",procurement@horiba.com,www.horiba.com,4.4,70,"$1,900,000,000",1945,9000,"Atsushi Horiba, +81-75-313-8121","ISO 9001, ISO 14001",30,"Net 30",12,"ISO 9001:2015, ISO 14001","HORIBA eco initiatives, Sustainable manufacturing practices",1,7.1%
High-efficiency solar cells,LONGi Solar,"Xi'an, China","Xi'an (China), Kuching (Malaysia), Andhra Pradesh (India), Wuxi (China)",procurement@longi.com,www.longi.com/en,4.8,380,"$12,300,000,000",2000,65000,"Li Zhenguo, +86-29-8617-1999","ISO 9001, ISO 14001, IATF 16949",45,"Net 45",24,"ISO 9001:2015, ISO 14001, IEC 61215","Zero carbon manufacturing 2028, 100% renewable energy",1,14.8%
High-efficiency solar cells,JinkoSolar,"Shanghai, China","Shanghai (China), Haining (China), Jacksonville (USA), Penang (Malaysia)",procurement@jinkosolar.com,www.jinkosolar.com,4.7,420,"$8,100,000,000",2006,41000,"Chen Kangping, +86-21-5180-8777","ISO 9001, ISO 14001, IEC 61215",30,"Net 45",12,"ISO 9001:2015, ISO 14001, IEC 61215","RE100 initiative member, Sustainable supply chain program",1,18.5%
High-efficiency solar cells,First Solar,"Tempe, Arizona, USA","Tempe (USA), Perrysburg (USA), Kulim (Malaysia), Ho Chi Minh City (Vietnam)",supplier.relations@firstsolar.com,www.firstsolar.com,4.7,290,"$3,100,000,000",1990,6400,"Mark Widmar, +1-602-414-9300","ISO 9001, ISO 14001, IEC 61215",60,"Net 45",24,"ISO 9001:2015, ISO 14001, IEC 61215","World's lowest carbon footprint panels, Recycling program",1,7.3%
High-efficiency solar cells,Canadian Solar,"Guelph, Ontario, Canada","Guelph (Canada), Suzhou (China), Vietntiane (Laos), Sao Paulo (Brazil)",procurement@canadiansolar.com,www.canadiansolar.com,4.6,310,"$5,900,000,000",2001,14000,"Dr. Shawn Qu, +1-519-837-1881","ISO 9001, ISO 14001, IEC 61215",45,"Net 45",12,"ISO 9001:2015, ISO 14001, IEC 61215","Environmental stewardship program, Solar recycling initiative",1,9.2%
High-efficiency solar cells,Hanwha Q CELLS,"Seoul, South Korea","Seoul (South Korea), Thalheim (Germany), Qidong (China), Dalton (USA)",procurement@q-cells.com,www.q-cells.com,4.7,280,"$9,200,000,000",1999,12000,"Kim Hee-cheul, +82-2-729-2700","ISO 9001, ISO 14001, IEC 61215",30,"Net 45",12,"ISO 9001:2015, ISO 14001, IEC 61215","Climate neutral by 2030, Circular economy approach",1,11.3%
High-efficiency solar cells,Trina Solar,"Changzhou, China","Changzhou (China), Yancheng (China), Rayong (Thailand), Allstedt (Germany)",procurement@trinasolar.com,www.trinasolar.com,4.6,350,"$6,800,000,000",1997,17500,"Gao Jifan, +86-519-8548-2008","ISO 9001, ISO 14001, IEC 61215",30,"Net 45",12,"ISO 9001:2015, ISO 14001, IEC 61215","Science-based targets, Sustainable packaging",1,12.7%
High-efficiency solar cells,SunPower Corporation,"San Jose, California, USA","San Jose (USA), Mexicali (Mexico), Manila (Philippines), Cape Town (South Africa)",supplier.management@sunpower.com,www.sunpower.com,4.8,180,"$1,300,000,000",1985,2200,"Peter Faricy, +1-408-240-5500","ISO 9001, ISO 14001, IEC 61215",45,"Net 45",24,"ISO 9001:2015, ISO 14001, IEC 61215","Cradle to Cradle certification, Circular economy design",1,5.8%
High-efficiency solar cells,Risen Energy,"Ningbo, China","Ningbo (China), Jiangsu (China), Penang (Malaysia), Monterrey (Mexico)",procurement@risenenergy.com,www.risenenergy.com,4.5,320,"$3,200,000,000",2002,10000,"Xie Jian, +86-574-5953-9000","ISO 9001, ISO 14001, IEC 61215",21,"Net 30",12,"ISO 9001:2015, ISO 14001, IEC 61215","Carbon footprint management, Eco-friendly packaging",1,15.3%
High-efficiency solar cells,REC Group,"Singapore","Singapore, Tuas (Singapore), Herøya (Norway)",procurement@recgroup.com,www.recgroup.com,4.6,210,"$950,000,000",1996,2200,"Jan Bicker, +65-6495-9228","ISO 9001, ISO 14001, IEC 61215",30,"Net 45",12,"ISO 9001:2015, ISO 14001, IEC 61215","Low carbon solar, Lead-free manufacturing",1,8.7%
Phononic thermal management,Asetek,"Aalborg, Denmark","Aalborg (Denmark), Taipei (Taiwan), Silicon Valley (USA)",procurement@asetek.com,www.asetek.com,4.7,110,"$65,000,000",2000,180,"André Sloth Eriksen, +45-9645-0047","ISO 9001, ISO 14001",21,"Net 30",12,"ISO 9001:2015, ISO 14001","Green datacenter cooling, Energy efficiency initiatives",1,7.3%
Phononic thermal management,CoolIT Systems,"Calgary, Alberta, Canada","Calgary (Canada), Taipei (Taiwan), Austin (USA)",procurement@coolitsystems.com,www.coolitsystems.com,4.6,95,"$83,000,000",2001,250,"Steve Walton, +1-403-235-4895","ISO 9001, ISO 14001",21,"Net 30",12,"ISO 9001:2015, ISO 14001","Sustainable cooling solutions, Energy efficiency program",1,11.4%
Phononic thermal management,Laird Thermal Systems,"Cleveland, Ohio, USA","Cleveland (USA), Shanghai (China), Shenzhen (China), Budapest (Hungary)",procurement@lairdthermal.com,www.lairdthermal.com,4.7,130,"$450,000,000",1945,3500,"Michael Sutsko, +1-216-447-6100","ISO 9001, ISO 14001, IATF 16949",30,"Net 45",12,"ISO 9001:2015, ISO 14001, IATF 16949:2016","Thermal efficiency roadmap, Sustainable manufacturing",1,6.2%
Phononic thermal management,Phononic Inc.,"Durham, North Carolina, USA","Durham (USA), Shenzhen (China), Singapore",procurement@phononic.com,www.phononic.com,4.8,85,"$170,000,000",2009,220,"Tony Atti, +1-919-908-6300","ISO 9001, ISO 14001",30,"Net 30",12,"ISO 9001:2015, ISO 14001","Solid-state cooling tech, Zero emissions cooling vision",1,15.8%
Phononic thermal management,II-VI Marlow,"Dallas, Texas, USA","Dallas (USA), Albuquerque (USA), Vietnam, China",procurement@marlow.com,www.ii-vi.com/marlow,4.5,70,"$280,000,000",1973,800,"Dr. Giovanni Barbarino, +1-214-342-4287","ISO 9001, AS9100, ISO 14001",30,"Net 45",12,"ISO 9001:2015, AS9100D, ISO 14001","Carbon neutral by 2050, Sustainable materials initiative",1,8.3%
Phononic thermal management,Ferrotec Holdings Corporation,"Tokyo, Japan","Tokyo (Japan), Santa Clara (USA), Singapore, Frankfurt (Germany)",procurement@ferrotec.com,www.ferrotec.com,4.5,95,"$340,000,000",1980,3400,"Akira Yamamura, +81-3-3281-8808","ISO 9001, ISO 14001, IATF 16949",45,"Net 45",12,"ISO 9001:2015, ISO 14001, IATF 16949:2016","Green manufacturing program, Energy conservation plan",1,7.5%
Phononic thermal management,KELK Ltd. (Komatsu Group),"Tokyo, Japan","Tokyo (Japan), Nagano (Japan), Shanghai (China), Chicago (USA)",procurement@kelk.jp,www.kelk.co.jp/e,4.4,60,"$120,000,000",1995,450,"Hiroshi Takahashi, +81-3-5408-5905","ISO 9001, ISO 14001",45,"Net 45",12,"ISO 9001:2015, ISO 14001","Komatsu earth-friendly initiatives, Waste reduction program",2,5.2%
Phononic thermal management,European Thermodynamics Ltd.,"Leicestershire, UK","Leicestershire (UK), Sheffield (UK), Shenzhen (China)",procurement@europeanthermodynamics.com,www.europeanthermodynamics.com,4.3,40,"$35,000,000",1998,130,"Dr. Andrew Duffy, +44-116-279-6899","ISO 9001, ISO 14001",21,"Net 30",12,"ISO 9001:2015, ISO 14001","Carbon reduction initiatives, Sustainable operations",2,9.7%
Phononic thermal management,QuantaCool Corporation,"King of Prussia, Pennsylvania, USA","King of Prussia (USA), San Jose (USA)",procurement@quantacool.com,www.quantacool.com,4.2,25,"$18,000,000",2009,45,"Kevin Eagan, +1-484-690-3096","ISO 9001",15,"Net 30",6,"ISO 9001:2015","Passive cooling systems, Energy efficient data centers",2,13.5%
Thermoelectric generators,Gentherm,"Northville, Michigan, USA","Northville (USA), Odelzhausen (Germany), Xi'an (China), Acuña (Mexico)",procurement@gentherm.com,www.gentherm.com,4.7,95,"$1,200,000,000",1991,13000,"Phil Eyler, +1-248-504-0500","ISO 9001, IATF 16949, ISO 14001",30,"Net 45",12,"ISO 9001:2015, IATF 16949:2016, ISO 14001","Zero emission roadmap, Sustainable operations",1,9.3%
Thermoelectric generators,Kryotherm,"St. Petersburg, Russia","St. Petersburg (Russia), Moscow (Russia), Hamburg (Germany)",procurement@kryotherm.ru,www.kryothermtec.com,4.5,85,"$42,000,000",1998,220,"Sergey Lebedev, +7-812-394-1310","ISO 9001, ISO 14001",45,"Net 45",12,"ISO 9001:2015, ISO 14001","Sustainable thermoelectrics, Environmental standards",2,7.8%
Thermoelectric generators,Yamaha Corporation,"Hamamatsu, Japan","Hamamatsu (Japan), Kakegawa (Japan), Shanghai (China), Elk Grove Village (USA)",procurement@yamaha.com,www.yamaha.com,4.8,120,"$3,800,000,000",1887,20000,"Takuya Nakata, +81-53-460-2800","ISO 9001, ISO 14001",30,"Net 45",12,"ISO 9001:2015, ISO 14001","Yamaha eco initiative, Carbon neutrality by 2050",1,6.2%
Thermoelectric generators,Hi-Z Technology,"San Diego, California, USA","San Diego (USA), Austin (USA)",procurement@hi-z.com,www.hi-z.com,4.4,55,"$15,000,000",1988,50,"Lon Bell, +1-858-695-6660","ISO 9001, AS9100",21,"Net 30",12,"ISO 9001:2015, AS9100D","Energy harvesting innovation, Clean energy solutions",2,11.2%
Thermoelectric generators,TECTEG MFR,"Markham, Ontario, Canada","Markham (Canada), Toronto (Canada)",purchasing@tecteg.com,www.tecteg.com,4.3,35,"$8,500,000",2003,35,"Bob Katz, +1-905-751-1362","ISO 9001",15,"Net 30",6,"ISO 9001:2015","Green energy solutions, Zero waste manufacturing goals",2,15.7%
Thermoelectric generators,Alphabet Energy,"Hayward, California, USA","Hayward (USA), Detroit (USA)",procurement@alphabetenergy.com,www.alphabetenergy.com,4.5,40,"$22,000,000",2009,60,"Matthew Scullin, +1-510-649-9300","ISO 9001, ISO 14001",21,"Net 30",12,"ISO 9001:2015, ISO 14001","Waste heat recovery solutions, Carbon reduction initiative",2,18.3%
Thermoelectric generators,EVERREDtronics Ltd.,"Hong Kong, China","Hong Kong (China), Shenzhen (China), Wuhan (China)",procurement@everredtronics.com,www.everredtronics.com,4.4,75,"$56,000,000",2004,350,"Dr. Zhang Wei, +852-3690-8000","ISO 9001, ISO 14001",30,"Net 45",12,"ISO 9001:2015, ISO 14001","Sustainable production goals, Energy conservation",2,13.1%
Thermoelectric generators,Tellurex Corporation,"Traverse City, Michigan, USA","Traverse City (USA), Auburn Hills (USA)",procurement@tellurex.com,www.tellurex.com,4.2,30,"$12,000,000",1986,45,"Richard Smerbeck, +1-231-947-0110","ISO 9001",15,"Net 30",6,"ISO 9001:2015","Green manufacturing processes, Waste reduction goals",2,8.5%
Thermoelectric generators,P&N Technology,"Xiamen, China","Xiamen (China), Shenzhen (China), Taiwan, Penang (Malaysia)",procurement@pntech.cn,www.pntechcn.com,4.3,110,"$95,000,000",1999,850,"Liu Jianping, +86-592-5601-466","ISO 9001, ISO 14001",21,"Net 30",6,"ISO 9001:2015, ISO 14001","Green supply chain program, Reduced emissions targets",2,16.4%
Thermoelectric generators,Align Sourcing,"Munich, Germany","Munich (Germany), Stuttgart (Germany), Lyon (France)",procurement@align-sourcing.com,www.align-sourcing.eu,4.1,25,"$11,000,000",2008,40,"Hans Mueller, +49-89-2153-7225","ISO 9001",15,"Net 30",6,"ISO 9001:2015","EU Green Deal commitment, Circular economy approach",3,9.2%
High-mobility nanowire transistors,Intel Corporation,"Santa Clara, California, USA","Santa Clara (USA), Chandler (USA), Hillsboro (USA), Leixlip (Ireland)",supplier.intel@intel.com,www.intel.com,4.9,450,"$79,000,000,000",1968,121000,"Patrick Gelsinger, +1-408-765-8080","ISO 9001, ISO 14001, IATF 16949",60,"Net 60",24,"ISO 9001:2015, ISO 14001, IATF 16949:2016","RISE strategy, Net zero carbon by 2040",1,3.5%
High-mobility nanowire transistors,Samsung Electronics,"Suwon, South Korea","Suwon (South Korea), Austin (USA), Hwaseong (South Korea), Xi'an (China)",procurement@samsung.com,www.samsung.com,4.8,480,"$280,000,000,000",1969,267937,"Kim Ki Nam, +82-31-200-1114","ISO 9001, ISO 14001, IATF 16949",45,"Net 60",24,"ISO 9001:2015, ISO 14001, IATF 16949:2016","Galaxy for the Planet, Circular economy focus",1,5.2%
High-mobility nanowire transistors,TSMC,"Hsinchu, Taiwan","Hsinchu (Taiwan), Taichung (Taiwan), Tainan (Taiwan), Arizona (USA)",procurement@tsmc.com,www.tsmc.com,4.9,550,"$63,400,000,000",1987,65000,"Dr. C.C. Wei, +886-3-505-5901","ISO 9001, ISO 14001, IATF 16949",60,"Net 45",24,"ISO 9001:2015, ISO 14001, IATF 16949:2016","Net zero emissions 2050, Water conservation program",1,15.7%
High-mobility nanowire transistors,Imec,"Leuven, Belgium","Leuven (Belgium), Eindhoven (Netherlands), San Francisco (USA), Osaka (Japan)",procurement@imec.be,www.imec-int.com,4.8,90,"$732,000,000",1984,5000,"Luc Van den hove, +32-16-28-1211","ISO 9001, ISO 14001",30,"Net 30",12,"ISO 9001:2015, ISO 14001","Sustainable semiconductor roadmap, Low energy processes",1,11.3%
High-mobility nanowire transistors,IBM Research,"Yorktown Heights, New York, USA","Yorktown Heights (USA), Almaden (USA), Zürich (Switzerland), Tokyo (Japan)",procurement@us.ibm.com,www.research.ibm.com,4.8,110,"$57,350,000,000",1911,350000,"Arvind Krishna, +1-914-945-3000","ISO 9001, ISO 14001",45,"Net 45",24,"ISO 9001:2015, ISO 14001","Carbon neutral by 2030, Circular economy principles",1,4.8%
High-mobility nanowire transistors,Infineon Technologies,"Neubiberg, Germany","Neubiberg (Germany), Singapore, Austin (USA), Shanghai (China)",procurement.services@infineon.com,www.infineon.com,4.7,180,"$13,200,000,000",1999,50280,"Jochen Hanebeck, +49-89-234-0","ISO 9001, ISO 14001, IATF 16949",30,"Net 45",12,"ISO 9001:2015, ISO 14001, IATF 16949:2016","Carbon neutrality by 2030, Climate ambition 2040",1,8.9%
High-mobility nanowire transistors,CEA-Leti,"Grenoble, France","Grenoble (France), Paris (France)",procurement@cea.fr,www.leti-cea.com,4.6,65,"$620,000,000",1967,4900,"Sébastien Dauve, +33-4-38-78-44-00","ISO 9001, ISO 14001",30,"Net 60",12,"ISO 9001:2015, ISO 14001","Eco-design approaches, Energy transition pioneer",1,6.5%
High-mobility nanowire transistors,NXP Semiconductors,"Eindhoven, Netherlands","Eindhoven (Netherlands), Austin (USA), Hamburg (Germany), Tianjin (China)",procurement@nxp.com,www.nxp.com,4.6,160,"$11,100,000,000",2006,31000,"Kurt Sievers, +31-40-272-0000","ISO 9001, ISO 14001, IATF 16949",30,"Net 45",12,"ISO 9001:2015, ISO 14001, IATF 16949:2016","Circular economy targets, Carbon neutrality roadmap",1,7.2%
High-mobility nanowire transistors,Purdue University Birck Nanotechnology Center,"West Lafayette, Indiana, USA","West Lafayette (USA)",procurement@purdue.edu,www.purdue.edu/discoverypark/birck,4.7,45,"$140,000,000",2005,500,"Dr. Ali Shakouri, +1-765-494-6005","ISO 9001",30,"Net 30",6,"ISO 9001:2015","Sustainable nanofabrication, Climate action campus",2,14.2%
Radiation-resistant microelectronics,BAE Systems,"Farnborough, UK","Farnborough (UK), Nashua (USA), Manassas (USA), Rochester (UK)",procurement@baesystems.com,www.baesystems.com,4.8,175,"$24,500,000,000",1999,90500,"Charles Woodburn, +44-1252-373232","ISO 9001, AS9100, ISO 14001",45,"Net 60",24,"ISO 9001:2015, AS9100D, ISO 14001","Net zero strategy, Sustainable sourcing",1,3.8%
Radiation-resistant microelectronics,Honeywell Aerospace,"Phoenix, Arizona, USA","Phoenix (USA), Clearwater (USA), Mississauga (Canada), Prague (Czech Republic)",aerospace.procurement@honeywell.com,www.aerospace.honeywell.com,4.7,190,"$34,400,000,000",1906,103000,"Mike Madsen, +1-602-365-3099","ISO 9001, AS9100, ISO 14001",60,"Net 60",24,"ISO 9001:2015, AS9100D, ISO 14001","Carbon neutrality 2035, Sustainable aviation",1,5.2%
Radiation-resistant microelectronics,Microchip Technology,"Chandler, Arizona, USA","Chandler (USA), Gresham (USA), Bangkok (Thailand), Calamba (Philippines)",supplier.info@microchip.com,www.microchip.com,4.6,165,"$7,300,000,000",1989,21000,"Ganesh Moorthy, +1-480-792-7200","ISO 9001, ISO 14001",30,"Net 45",12,"ISO 9001:2015, ISO 14001","Low-carbon manufacturing, Sustainable packaging",1,7.3%
Radiation-resistant microelectronics,Lockheed Martin Space,"Littleton, Colorado, USA","Littleton (USA), Sunnyvale (USA), Valley Forge (USA), Denver (USA)",supplier.relations@lmco.com,www.lockheedmartin.com/space,4.9,210,"$65,400,000,000",1995,114000,"James Taiclet, +1-303-977-3000","ISO 9001, AS9100, ISO 14001",45,"Net 60",24,"ISO 9001:2015, AS9100D, ISO 14001","Go Green commitment, Space sustainability",1,4.2%
Radiation-resistant microelectronics,Cobham Advanced Electronic Solutions,"Arlington, Virginia, USA","Arlington (USA), Colorado Springs (USA), Plainview (USA), Exeter (UK)",procurement@caes.com,www.caes.com,4.6,140,"$1,100,000,000",1934,3700,"Mike Kahn, +1-703-414-5300","ISO 9001, AS9100, ISO 14001",30,"Net 45",12,"ISO 9001:2015, AS9100D, ISO 14001","Eco-friendly facilities, Energy conservation",1,6.5%
Radiation-resistant microelectronics,Thales Alenia Space,"Cannes, France","Cannes (France), Rome (Italy), Turin (Italy), Madrid (Spain)",procurement@thalesaleniaspace.com,www.thalesaleniaspace.com,4.7,180,"$9,200,000,000",2005,7500,"Hervé Derrey, +33-4-92-92-7000","ISO 9001, AS9100, ISO 14001",45,"Net 60",24,"ISO 9001:2015, AS9100D, ISO 14001","Green space technology, Circular economy policy",1,5.3%
Radiation-resistant microelectronics,Teledyne e2v,"Chelmsford, UK","Chelmsford (UK), Grenoble (France), Chubu (Japan), Milpitas (USA)",procurement@teledyne-e2v.com,www.teledyne-e2v.com,4.6,130,"$4,700,000,000",1947,11700,"Robert Mehrabian, +44-1245-493493","ISO 9001, AS9100, ISO 14001",30,"Net 45",12,"ISO 9001:2015, AS9100D, ISO 14001","Sustainable manufacturing goals, Low emissions targets",1,4.8%
Radiation-resistant microelectronics,3D PLUS,"Buc, France","Buc (France), Grenoble (France), San Jose (USA)",procurement@3d-plus.com,www.3d-plus.com,4.5,65,"$76,000,000",1995,300,"Pierre-Eric Pommellet, +33-1-30-83-2610","ISO 9001, AS9100",30,"Net 45",12,"ISO 9001:2015, AS9100D","Eco-design approach, Reduced energy consumption",2,9.3%
Radiation-resistant microelectronics,Renesas Electronics,"Tokyo, Japan","Tokyo (Japan), Beijing (China), Dusseldorf (Germany), Santa Clara (USA)",procurement@renesas.com,www.renesas.com,4.7,140,"$9,100,000,000",2003,19000,"Hidetoshi Shibata, +81-3-6773-3000","ISO 9001, ISO 14001, IATF 16949",30,"Net 45",12,"ISO 9001:2015, ISO 14001, IATF 16949:2016","Green energy manufacturing, Sustainable semiconductor roadmap",1,6.8%
Quantum memory nodes,IBM Quantum,"Yorktown Heights, New York, USA","Yorktown Heights (USA), Zurich (Switzerland), Tokyo (Japan), Almaden (USA)",quantum@us.ibm.com,www.ibm.com/quantum,4.9,85,"$77,100,000,000",1911,350000,"Dario Gil, +1-914-945-3000","ISO 9001, ISO 14001",60,"Net 60",24,"ISO 9001:2015, ISO 14001","Carbon neutral by 2030, Circular computing",1,4.5%
Quantum memory nodes,D-Wave Systems,"Burnaby, British Columbia, Canada","Burnaby (Canada), Palo Alto (USA), Tokyo (Japan)",procurement@dwavesys.com,www.dwavesys.com,4.7,35,"$68,000,000",1999,180,"Alan Baratz, +1-604-630-1428","ISO 9001",30,"Net 45",12,"ISO 9001:2015","Quantum for sustainability, Green quantum computing",1,16.3%
Quantum memory nodes,Google Quantum AI,"Santa Barbara, California, USA","Santa Barbara (USA), Mountain View (USA), Zürich (Switzerland), Los Angeles (USA)",procurement@google.com,www.quantumai.google,4.9,70,"$282,800,000,000",1998,156500,"Sundar Pichai, +1-650-253-0000","ISO 9001, ISO 14001",45,"Net 45",12,"ISO 9001:2015, ISO 14001","Carbon-free operations, 24/7 clean energy",1,7.8%
Quantum memory nodes,Rigetti Computing,"Berkeley, California, USA","Berkeley (USA), Fremont (USA), London (UK), Adelaide (Australia)",procurement@rigetti.com,www.rigetti.com,4.6,30,"$32,000,000",2013,140,"Chad Rigetti, +1-510-210-5550","ISO 9001",30,"Net 30",12,"ISO 9001:2015","Energy efficient quantum, Sustainable computing",1,22.5%
Quantum memory nodes,Microsoft Quantum,"Redmond, Washington, USA","Redmond (USA), Copenhagen (Denmark), Sydney (Australia), Santa Barbara (USA)",procurement@microsoft.com,www.microsoft.com/quantum,4.8,60,"$198,300,000,000",1975,181000,"Satya Nadella, +1-425-882-8080","ISO 9001, ISO 14001",45,"Net 45",12,"ISO 9001:2015, ISO 14001","Carbon negative by 2030, Water positive by 2030",1,5.9%
Quantum memory nodes,Quantum Brilliance,"Canberra, Australia","Canberra (Australia), Stuttgart (Germany), Melbourne (Australia)",procurement@quantumbrilliance.com,www.quantumbrilliance.com,4.5,25,"$17,000,000",2019,45,"Dr. Marcus Doherty, +61-2-6125-0000","ISO 9001",21,"Net 30",12,"ISO 9001:2015","Room temperature quantum, Sustainable tech",2,35.6%
Quantum memory nodes,Xanadu,"Toronto, Ontario, Canada","Toronto (Canada), Vancouver (Canada)",procurement@xanadu.ai,www.xanadu.ai,4.6,35,"$85,000,000",2016,100,"Christian Weedbrook, +1-416-900-0000","ISO 9001",21,"Net 30",12,"ISO 9001:2015","Photonic quantum computing, Energy-efficient approach",1,28.2%
Quantum memory nodes,IQM Quantum Computers,"Espoo, Finland","Espoo (Finland), Munich (Germany), Paris (France)",procurement@meetiqm.com,www.meetiqm.com,4.7,20,"$93,000,000",2018,130,"Jan Goetz, +358-9-2316-0000","ISO 9001",30,"Net 30",12,"ISO 9001:2015","Sustainable quantum revolution, Carbon-neutral computing",1,40.3%
Quantum memory nodes,Quantinuum,"Broomfield, Colorado, USA","Broomfield (USA), Cambridge (UK), Helsinki (Finland)",procurement@quantinuum.com,www.quantinuum.com,4.8,45,"$175,000,000",2021,400,"Ilyas Khan, +1-303-723-0000","ISO 9001, ISO 27001",30,"Net 45",12,"ISO 9001:2015, ISO 27001:2013","Quantum sustainability program, Energy-efficient quantum",1,32.5%
Phononic crystal computing components,Nvidia Corporation,"Santa Clara, California, USA","Santa Clara (USA), Taipei (Taiwan), Bangalore (India), Cambridge (UK)",procurement@nvidia.com,www.nvidia.com,4.9,130,"$26,900,000,000",1993,22500,"Jensen Huang, +1-408-486-2000","ISO 9001, ISO 14001",30,"Net 45",12,"ISO 9001:2015, ISO 14001","Carbon neutral data centers, Green AI initiative",1,24.2%
Phononic crystal computing components,Advanced Micro Devices (AMD),"Santa Clara, California, USA","Santa Clara (USA), Austin (USA), Markham (Canada), Bangalore (India)",procurement@amd.com,www.amd.com,4.8,150,"$16,400,000,000",1969,15500,"Dr. Lisa Su, +1-408-749-4000","ISO 9001, ISO 14001",30,"Net 45",12,"ISO 9001:2015, ISO 14001","Sustainability goals 2030, Energy efficiency roadmap",1,19.5%
Phononic crystal computing components,Intel Labs,"Hillsboro, Oregon, USA","Hillsboro (USA), Chandler (USA), Haifa (Israel), Bangalore (India)",research.procurement@intel.com,www.intel.com/labs,4.8,140,"$79,000,000,000",1968,121000,"Rich Uhlig, +1-503-677-7000","ISO 9001, ISO 14001, IATF 16949",45,"Net 60",24,"ISO 9001:2015, ISO 14001, IATF 16949:2016","RISE strategy, Net zero operations 2040",1,11.3%
Phononic crystal computing components,HP Labs,"Palo Alto, California, USA","Palo Alto (USA), Bristol (UK), Singapore, Barcelona (Spain)",procurement@hpe.com,www.hpe.com/us/en/hewlett-packard-labs.html,4.7,80,"$63,500,000,000",1939,60200,"Antonio Neri, +1-650-857-1501","ISO 9001, ISO 14001",30,"Net 45",12,"ISO 9001:2015, ISO 14001","Climate action goals, Sustainable technology",1,7.5%
Phononic crystal computing components,Fujitsu Laboratories,"Kawasaki, Japan","Kawasaki (Japan), Sunnyvale (USA), London (UK), Beijing (China)",procurement@fujitsu.com,www.fujitsu.com/global/about/research,4.7,95,"$34,500,000,000",1935,126400,"Takahito Tokita, +81-44-777-7777","ISO 9001, ISO 14001",30,"Net 45",12,"ISO 9001:2015, ISO 14001","Carbon neutrality 2050, Sustainable computing vision",1,5.8%
Phononic crystal computing components,Lawrence Berkeley National Laboratory,"Berkeley, California, USA","Berkeley (USA)",procurement@lbl.gov,www.lbl.gov,4.6,50,"$1,100,000,000",1931,4200,"Dr. Michael Witherell, +1-510-486-5111","ISO 9001, ISO 14001",30,"Net 30",12,"ISO 9001:2015, ISO 14001","Berkeley Lab Sustainable Building Program, Green labs",1,8.3%
Phononic crystal computing components,CeramTec GmbH,"Plochingen, Germany","Plochingen (Germany), Laurens (USA), Ebersbach (Germany), Shanghai (China)",procurement@ceramtec.com,www.ceramtec.com,4.5,55,"$670,000,000",1903,3600,"Dr. Hadi Saleh, +49-7153-611-0","ISO 9001, ISO 14001, IATF 16949",21,"Net 45",12,"ISO 9001:2015, ISO 14001, IATF 16949:2016","Environmental management system, Energy optimization",1,6.2%
Phononic crystal computing components,Hitachi Research Laboratory,"Tokyo, Japan","Tokyo (Japan), Santa Clara (USA), London (UK), Shanghai (China)",procurement@hitachi.com,www.global.hitachi/rd,4.6,70,"$84,100,000,000",1910,350000,"Toshiaki Higashihara, +81-3-3258-1111","ISO 9001, ISO 14001",45,"Net 45",12,"ISO 9001:2015, ISO 14001","Environmental Vision 2050, Carbon neutrality targets",1,4.5%
Phononic crystal computing components,NTT Research,"Sunnyvale, California, USA","Sunnyvale (USA), Tokyo (Japan), Munich (Germany), Zurich (Switzerland)",procurement@ntt-research.com,www.ntt-research.com,4.7,30,"$109,700,000,000",1952,330000,"Kazuhiro Gomi, +1-650-316-7500","ISO 9001, ISO 14001",30,"Net 30",12,"ISO 9001:2015, ISO 14001","NTT Group Environmental Statement, Zero impact goal",1,15.3%
Topological quantum computing materials,Microsoft Station Q,"Santa Barbara, California, USA","Santa Barbara (USA), Delft (Netherlands), Sydney (Australia), Copenhagen (Denmark)",stationq-procurement@microsoft.com,www.microsoft.com/en-us/research/group/microsoft-quantum-santa-barbara,4.9,40,"$198,300,000,000",1975,181000,"Michael Freedman, +1-425-882-8080","ISO 9001, ISO 14001",45,"Net 60",24,"ISO 9001:2015, ISO 14001","Carbon negative by 2030, Water positive by 2030",1,17.3%
Topological quantum computing materials,QuTech (TU Delft),"Delft, Netherlands","Delft (Netherlands), Eindhoven (Netherlands)",procurement@tudelft.nl,www.qutech.nl,4.8,35,"$185,000,000",2013,450,"Dr. Lieven Vandersypen, +31-15-278-6254","ISO 9001, ISO 14001",30,"Net 30",12,"ISO 9001:2015, ISO 14001","Sustainable research facilities, Green labs initiative",1,28.5%
Topological quantum computing materials,University of Maryland Joint Quantum Institute,"College Park, Maryland, USA","College Park (USA)",procurement@umd.edu,www.jqi.umd.edu,4.7,25,"$120,000,000",2006,320,"Dr. Steve Rolston, +1-301-405-1300","ISO 9001",21,"Net 30",6,"ISO 9001:2015","UMD sustainability framework, Climate action plan",2,22.1%
Topological quantum computing materials,ETH Zurich Quantum Center,"Zurich, Switzerland","Zurich (Switzerland), Basel (Switzerland)",procurement@ethz.ch,www.qc.ethz.ch,4.9,30,"$210,000,000",2021,350,"Dr. Andreas Wallraff, +41-44-633-4455","ISO 9001, ISO 14001",30,"Net 30",12,"ISO 9001:2015, ISO 14001","ETH sustainability initiative, Carbon neutral campus goals",1,31.2%
Topological quantum computing materials,Tokyo University Quantum Innovation Co-Lab,"Tokyo, Japan","Tokyo (Japan), Saitama (Japan)",procurement@u-tokyo.ac.jp,www.qic.t.u-tokyo.ac.jp/en,4.7,40,"$240,000,000",2017,280,"Dr. Seigo Tarucha, +81-3-5841-6800","ISO 9001",30,"Net 45",12,"ISO 9001:2015","Green transformation strategy, Sustainable campus",1,24.7%
Topological quantum computing materials,Alice & Bob,"Paris, France","Paris (France), Lyon (France)",procurement@alice-bob.com,www.alice-bob.com,4.6,15,"$42,000,000",2020,80,"Théau Peronnin, +33-1-85-08-1900","ISO 9001",21,"Net 30",6,"ISO 9001:2015","Low power quantum computing, Energy efficient design",2,53.8%
Topological quantum computing materials,PsiQuantum,"Palo Alto, California, USA","Palo Alto (USA), Tucson (USA), Bristol (UK)",procurement@psiquantum.com,www.psiquantum.com,4.8,30,"$275,000,000",2016,150,"Jeremy O'Brien, +1-650-843-0000","ISO 9001",30,"Net 45",12,"ISO 9001:2015","Quantum sustainability roadmap, Minimal waste manufacturing",1,45.2%
Topological quantum computing materials,TU Munich Quantum Technology Group,"Munich, Germany","Munich (Germany), Garching (Germany)",procurement@tum.de,www.wmi.badw.de/research/quantum-computing.html,4.7,25,"$95,000,000",2010,120,"Prof. Rudolf Gross, +49-89-289-14201","ISO 9001, ISO 14001",21,"Net 30",12,"ISO 9001:2015, ISO 14001","TUM sustainability program, Sustainable research",2,19.3%
Topological quantum computing materials,Zapata Computing,"Boston, Massachusetts, USA","Boston (USA), Toronto (Canada), London (UK)",procurement@zapatacomputing.com,www.zapatacomputing.com,4.5,20,"$70,000,000",2017,75,"Dr. Christopher Savoie, +1-617-642-9900","ISO 9001",21,"Net 30",6,"ISO 9001:2015","Sustainable quantum computing vision, Green algorithms",2,38.5%
Ultrafast photodetectors,Hamamatsu Photonics,"Hamamatsu, Japan","Hamamatsu (Japan), Bridgewater (USA), Herrsching (Germany), Beijing (China)",procurement@hamamatsu.com,www.hamamatsu.com,4.9,160,"$1,450,000,000",1953,5600,"Akira Hiruma, +81-53-452-2141","ISO 9001, ISO 14001",30,"Net 45",12,"ISO 9001:2015, ISO 14001","Eco-Action 2023, Zero emissions roadmap",1,7.2%
Ultrafast photodetectors,Thorlabs,"Newton, New Jersey, USA","Newton (USA), Ely (UK), Bergkirchen (Germany), Shanghai (China)",procurement@thorlabs.com,www.thorlabs.com,4.8,110,"$650,000,000",1989,2400,"Alex Cable, +1-973-579-7227","ISO 9001, ISO 14001",21,"Net 30",12,"ISO 9001:2015, ISO 14001","Sustainable photonics initiative, Green manufacturing",1,8.5%
Ultrafast photodetectors,Newport Corporation (MKS Instruments),"Irvine, California, USA","Irvine (USA), Rochester (USA), Utrecht (Netherlands), Singapore",procurement@newport.com,www.newport.com,4.7,90,"$2,900,000,000",1969,5400,"John Lee, +1-949-863-3144","ISO 9001, ISO 14001",30,"Net 30",12,"ISO 9001:2015, ISO 14001","MKS sustainability targets, Resource conservation",1,5.8%
Ultrafast photodetectors,Teledyne DALSA,"Waterloo, Ontario, Canada","Waterloo (Canada), Bromont (Canada), Eindhoven (Netherlands), Munich (Germany)",procurement@teledynedalsa.com,www.teledynedalsa.com,4.6,75,"$3,100,000,000",1980,1300,"Edwin Roks, +1-519-886-6000","ISO 9001, ISO 14001",30,"Net 45",12,"ISO 9001:2015, ISO 14001","Corporate responsibility program, Energy management",1,6.9%
Ultrafast photodetectors,Excelitas Technologies,"Waltham, Massachusetts, USA","Waltham (USA), Quebec (Canada), Wiesbaden (Germany), Singapore",procurement@excelitas.com,www.excelitas.com,4.7,85,"$1,200,000,000",2010,7000,"Ron Keating, +1-781-996-5500","ISO 9001, ISO 14001, IATF 16949",30,"Net 30",12,"ISO 9001:2015, ISO 14001, IATF 16949:2016","Sustainable operations program, Energy reduction goals",1,7.3%
Ultrafast photodetectors,First Sensor AG,"Berlin, Germany","Berlin (Germany), Dresden (Germany), Munich (Germany), Boston (USA)",procurement@first-sensor.com,www.first-sensor.com,4.5,65,"$160,000,000",1991,1000,"Dirk Rothweiler, +49-30-6399-2399","ISO 9001, ISO 14001, IATF 16949",21,"Net 30",12,"ISO 9001:2015, ISO 14001, IATF 16949:2016","Energy management system, Carbon reduction program",1,9.2%
Ultrafast photodetectors,LASER COMPONENTS,"Olching, Germany","Olching (Germany), Chandler (USA), Montreal (Canada), Shanghai (China)",procurement@lasercomponents.com,www.lasercomponents.com,4.6,55,"$95,000,000",1982,300,"Patrick Paul, +49-8142-2864-0","ISO 9001",21,"Net 30",12,"ISO 9001:2015","Sustainable facility design, Energy saving program",1,11.4%
Ultrafast photodetectors,Albis Optoelectronics,"Rueschlikon, Switzerland","Rueschlikon (Switzerland), Zurich (Switzerland)",procurement@albisopto.com,www.albisopto.com,4.4,30,"$42,000,000",2003,75,"Dr. Martin Bitter, +41-44-552-5700","ISO 9001",15,"Net 30",6,"ISO 9001:2015","Swiss energy efficiency standards, Low footprint ops",2,14.5%
Ultrafast photodetectors,EOC GmbH,"Eching, Germany","Eching (Germany), Munich (Germany)",procurement@eoc-inc.com,www.eoc-inc.de,4.3,25,"$28,000,000",1995,60,"Dr. Karl Schmidt, +49-8453-9882-0","ISO 9001",15,"Net 30",6,"ISO 9001:2015","European green standards, Eco-friendly packaging",2,12.7%
Flexible photovoltaic films,Hanergy Thin Film Power Group,"Beijing, China","Beijing (China), Guangdong (China), California (USA), Bonn (Germany)",procurement@hanergy.com,www.hanergy.com,4.7,200,"$3,200,000,000",2009,15000,"Li Hejun, +86-10-8376-9888","ISO 9001, ISO 14001",45,"Net 60",18,"ISO 9001:2015, ISO 14001","Renewable energy leader, Carbon neutral operations",1,13.5%
Flexible photovoltaic films,First Solar,"Tempe, Arizona, USA","Tempe (USA), Perrysburg (USA), Kulim (Malaysia), Ho Chi Minh (Vietnam)",procurement@firstsolar.com,www.firstsolar.com,4.8,180,"$2,920,000,000",1999,6400,"Mark Widmar, +1-602-414-9300","ISO 9001, ISO 14001",30,"Net 45",12,"ISO 9001:2015, ISO 14001","Sustainability vision 2025, Circularity program",1,10.2%
Flexible photovoltaic films,Heliatek GmbH,"Dresden, Germany","Dresden (Germany), Ulm (Germany)",procurement@heliatek.com,www.heliatek.com,4.6,45,"$95,000,000",2006,240,"Guido van Tartwijk, +49-351-213-034-30","ISO 9001, ISO 14001",21,"Net 30",6,"ISO 9001:2015, ISO 14001","Carbon-negative production goals, Solar breakthroughs",1,25.7%
Flexible photovoltaic films,Solar Frontier,"Tokyo, Japan","Tokyo (Japan), Miyazaki (Japan), San Jose (USA), Munich (Germany)",procurement@solar-frontier.com,www.solar-frontier.com,4.5,125,"$850,000,000",2006,1200,"Satoru Kuriyagawa, +81-3-5531-5555","ISO 9001, ISO 14001",30,"Net 45",12,"ISO 9001:2015, ISO 14001","Eco-friendly manufacturing, Resource conservation",1,8.3%
Flexible photovoltaic films,Sunflare,"Torrance, California, USA","Torrance (USA), Zhuhai (China), Stockholm (Sweden)",procurement@sunflaresolar.com,www.sunflaresolar.com,4.5,55,"$120,000,000",2014,250,"Philip Gao, +1-310-922-5600","ISO 9001, ISO 14001",21,"Net 30",6,"ISO 9001:2015, ISO 14001","Cradle-to-cradle approach, Carbon neutrality targets",1,34.2%
Flexible photovoltaic films,ARMOR solar power films,"Nantes, France","Nantes (France), La Chevroliere (France), Cologne (Germany)",procurement@armor-group.com,www.asca.com,4.6,40,"$310,000,000",2016,180,"Hubert de Boisredon, +33-2-40-38-4000","ISO 9001, ISO 14001",21,"Net 30",6,"ISO 9001:2015, ISO 14001, ISO 50001","Circular economy principles, Zero carbon footprint",1,28.7%
Flexible photovoltaic films,United Solar Ovonic (Energy Conversion Devices),"Auburn Hills, Michigan, USA","Auburn Hills (USA), Greenville (USA), Tijuana (Mexico)",procurement@uni-solar.com,www.uni-solar.com,4.3,80,"$220,000,000",1960,650,"Mark Morelli, +1-248-293-0440","ISO 9001, ISO 14001",30,"Net 45",12,"ISO 9001:2015, ISO 14001","Energy star partner, Sustainable manufacturing",2,7.9%
Flexible photovoltaic films,MiaSolé,"Santa Clara, California, USA","Santa Clara (USA), Sunnyvale (USA), Hangzhou (China)",procurement@miasole.com,www.miasole.com,4.4,60,"$150,000,000",2004,320,"Atiye Bayman, +1-408-919-5700","ISO 9001",21,"Net 30",6,"ISO 9001:2015","Environmental stewardship, Low-impact solar",2,15.8%
Flexible photovoltaic films,Flisom AG,"Zurich, Switzerland","Zurich (Switzerland), Niederhasli (Switzerland)",procurement@flisom.com,www.flisom.com,4.5,35,"$75,000,000",2005,95,"Dr. Ayodhya N. Tiwari, +41-44-824-3000","ISO 9001, ISO 14001",15,"Net 30",6,"ISO 9001:2015, ISO 14001","Swiss clean energy standards, Sustainable materials",2,22.3%
Cryogenic computing components,IBM Research,"Yorktown Heights, New York, USA","Yorktown Heights (USA), Zurich (Switzerland), Tokyo (Japan), Almaden (USA)",quantum-procurement@ibm.com,www.research.ibm.com/quantum-computing,4.9,120,"$73,620,000,000",1911,350000,"Dr. Dario Gil, +1-914-945-3000","ISO 9001, ISO 14001, ISO 27001",45,"Net 60",24,"ISO 9001:2015, ISO 14001, ISO 27001:2013","IBM Environmental Affairs, Quantum sustainability",1,7.8%
Cryogenic computing components,Bluefors Oy,"Helsinki, Finland","Helsinki (Finland), Espoo (Finland), Liege (Belgium)",procurement@bluefors.com,www.bluefors.com,4.8,85,"$120,000,000",2008,350,"Rob Blaauwgeers, +358-9-5617-4800","ISO 9001",60,"Net 45",12,"ISO 9001:2015","Clean energy initiative, Efficient cooling systems",1,32.5%
Cryogenic computing components,Quantum Circuits Inc,"New Haven, Connecticut, USA","New Haven (USA), Boston (USA)",procurement@quantumcircuits.com,www.quantumcircuits.com,4.7,55,"$95,000,000",2015,120,"Dr. Robert Schoelkopf, +1-203-785-3000","ISO 9001",30,"Net 45",12,"ISO 9001:2015","Energy efficiency programs, Sustainable computing",1,42.3%
Cryogenic computing components,Intel Quantum Hardware,"Hillsboro, Oregon, USA","Hillsboro (USA), Santa Clara (USA), Chandler (USA)",quantum.procurement@intel.com,www.intel.com/content/www/us/en/research/quantum-computing.html,4.8,130,"$79,000,000,000",1968,121000,"Jim Clarke, +1-503-677-8080","ISO 9001, ISO 14001, IATF 16949",45,"Net 60",24,"ISO 9001:2015, ISO 14001, IATF 16949:2016","Corporate sustainability goals, RISE strategy",1,9.7%
Cryogenic computing components,Oxford Instruments NanoScience,"Oxford, United Kingdom","Oxford (UK), Abingdon (UK), Tubney Woods (UK), Boulder (USA)",nanoscience.procurement@oxinst.com,www.nanoscience.oxinst.com,4.8,95,"$470,000,000",1959,1700,"Ian Barkshire, +44-1865-393200","ISO 9001, ISO 14001",45,"Net 45",12,"ISO 9001:2015, ISO 14001","Environmental impact reduction, Energy efficiency",1,12.5%
Cryogenic computing components,Janis Research Company,"Woburn, Massachusetts, USA","Woburn (USA), Massachusetts (USA)",procurement@janis.com,www.janis.com,4.6,60,"$85,000,000",1961,200,"Norman C. Janis, +1-781-491-0888","ISO 9001",30,"Net 30",12,"ISO 9001:2015","Low-carbon operations, Energy efficiency",2,8.3%
Cryogenic computing components,D-Wave Systems,"Burnaby, British Columbia, Canada","Burnaby (Canada), Palo Alto (USA), Tokyo (Japan)",procurement@dwavesys.com,www.dwavesys.com,4.7,70,"$167,000,000",1999,180,"Alan Baratz, +1-604-630-1428","ISO 9001, ISO 27001",30,"Net 45",12,"ISO 9001:2015, ISO 27001:2013","Environmental sustainability program, Energy minimization",1,23.8%
Cryogenic computing components,ColdQuanta,"Boulder, Colorado, USA","Boulder (USA), Madison (USA), Oxford (UK)",procurement@coldquanta.com,www.coldquanta.com,4.6,40,"$110,000,000",2007,100,"Bo Ewald, +1-303-440-1284","ISO 9001",21,"Net 30",6,"ISO 9001:2015","Quantum-enabled sustainability, Efficient cooling",2,41.5%
Cryogenic computing components,Kiutra GmbH,"Munich, Germany","Munich (Germany), Garching (Germany)",procurement@kiutra.com,www.kiutra.com,4.5,30,"$18,000,000",2018,45,"Alexander Regnat, +49-89-3540-7790","ISO 9001",21,"Net 30",6,"ISO 9001:2015","German energy standards, Green cooling technology",2,37.2%
Bio-implantable germanium sensors,Medtronic,"Dublin, Ireland","Dublin (Ireland), Minneapolis (USA), Shanghai (China), Tolochenaz (Switzerland)",procurement@medtronic.com,www.medtronic.com,4.9,85,"$31,700,000,000",1949,90000,"Geoff Martha, +1-763-514-4000","ISO 9001, ISO 13485, FDA",45,"Net 60",24,"ISO 9001:2015, ISO 13485:2016, FDA 21 CFR 820","Environmental Health & Safety Policy, Carbon neutrality",1,6.8%
Bio-implantable germanium sensors,Abbott Laboratories,"Abbott Park, Illinois, USA","Abbott Park (USA), Alameda (USA), Singapore, Clonmel (Ireland)",procurement@abbott.com,www.abbott.com,4.8,75,"$43,100,000,000",1888,113000,"Robert B. Ford, +1-224-667-6100","ISO 9001, ISO 13485, FDA",30,"Net 60",18,"ISO 9001:2015, ISO 13485:2016, FDA 21 CFR 820","Sustainability goals 2030, Reduce environmental impact",1,5.5%
Bio-implantable germanium sensors,Boston Scientific,"Marlborough, Massachusetts, USA","Marlborough (USA), Valencia (USA), Galway (Ireland), Singapore",procurement@bsci.com,www.bostonscientific.com,4.7,65,"$12,700,000,000",1979,41000,"Michael Mahoney, +1-508-683-4000","ISO 9001, ISO 13485, FDA",30,"Net 45",12,"ISO 9001:2015, ISO 13485:2016, FDA 21 CFR 820","Sustainable value chain, Carbon footprint reduction",1,8.2%
Bio-implantable germanium sensors,Biotronik,"Berlin, Germany","Berlin (Germany), Lake Oswego (USA), Tokyo (Japan), Singapore",procurement@biotronik.com,www.biotronik.com,4.6,50,"$1,200,000,000",1963,8000,"Dr. Max Schaldach Jr, +49-30-68905-0","ISO 9001, ISO 13485, FDA",30,"Net 45",12,"ISO 9001:2015, ISO 13485:2016, FDA 21 CFR 820","Sustainable manufacturing, Green company initiative",1,7.5%
Bio-implantable germanium sensors,Fraunhofer IMS,"Duisburg, Germany","Duisburg (Germany), Dresden (Germany), Munich (Germany)",procurement@ims.fraunhofer.de,www.ims.fraunhofer.de,4.7,45,"$420,000,000",1984,350,"Prof. Holger Vogt, +49-203-3783-100","ISO 9001, ISO 13485",21,"Net 30",6,"ISO 9001:2015, ISO 13485:2016","Resource efficient research, Sustainable electronics",1,12.3%
Bio-implantable germanium sensors,NeuroPace,"Mountain View, California, USA","Mountain View (USA), Durham (USA)",procurement@neuropace.com,www.neuropace.com,4.5,25,"$95,000,000",1997,180,"Michael Favet, +1-650-237-2700","ISO 9001, ISO 13485, FDA",30,"Net 30",12,"ISO 9001:2015, ISO 13485:2016, FDA 21 CFR 820","Environmental sustainability policy, Green packaging",2,21.7%
Bio-implantable germanium sensors,MicroPort Scientific Corporation,"Shanghai, China","Shanghai (China), Memphis (USA), Clamart (France), Tokyo (Japan)",procurement@microport.com,www.microport.com,4.5,55,"$848,000,000",1998,6800,"Dr. Zhaohua Chang, +86-21-3895-4600","ISO 9001, ISO 13485, FDA",45,"Net 45",12,"ISO 9001:2015, ISO 13485:2016, FDA 21 CFR 820","Green medical technology, Waste reduction program",1,12.8%
Bio-implantable germanium sensors,Cochlear Limited,"Sydney, Australia","Sydney (Australia), Denver (USA), Mechelen (Belgium), Tokyo (Japan)",procurement@cochlear.com,www.cochlear.com,4.7,30,"$1,600,000,000",1981,4000,"Dig Howitt, +61-2-9428-6555","ISO 9001, ISO 13485, FDA",30,"Net 45",12,"ISO 9001:2015, ISO 13485:2016, FDA 21 CFR 820","Environmental sustainability policy, Ethical sourcing",1,9.4%
Bio-implantable germanium sensors,LivaNova,"London, United Kingdom","London (UK), Houston (USA), Mirandola (Italy), Vancouver (Canada)",procurement@livanova.com,www.livanova.com,4.5,40,"$1,100,000,000",2015,3000,"Damien McDonald, +44-20-3325-0660","ISO 9001, ISO 13485, FDA",30,"Net 45",12,"ISO 9001:2015, ISO 13485:2016, FDA 21 CFR 820","Environmental policy, Circular economy goals",1,6.7%
Single-photon emitters,KETS Quantum Security,"Bristol, United Kingdom","Bristol (UK), London (UK)",procurement@kets-quantum.com,www.kets-quantum.com,4.6,25,"$18,000,000",2016,45,"Dr. Christopher Erven, +44-117-328-6200","ISO 9001",21,"Net 30",6,"ISO 9001:2015","Green quantum initiative, Low-energy design",2,47.5%
Single-photon emitters,Toshiba Research Europe,"Cambridge, United Kingdom","Cambridge (UK), Bristol (UK), Tokyo (Japan)",procurement@crl.toshiba.co.uk,www.toshiba.eu/eu/Cambridge-Research-Laboratory,4.7,35,"$3,100,000,000",1991,320,"Dr. Andrew Shields, +44-1223-436900","ISO 9001, ISO 14001",30,"Net 45",12,"ISO 9001:2015, ISO 14001","Carbon neutrality target, Sustainable research",1,14.8%
Single-photon emitters,ID Quantique,"Geneva, Switzerland","Geneva (Switzerland), Boston (USA), Seoul (South Korea)",procurement@idquantique.com,www.idquantique.com,4.8,30,"$75,000,000",2001,120,"Grégoire Ribordy, +41-22-301-8383","ISO 9001, ISO 27001",30,"Net 45",12,"ISO 9001:2015, ISO 27001:2013","Sustainable quantum communication, Eco-friendly design",1,18.5%
Single-photon emitters,QuTools GmbH,"Munich, Germany","Munich (Germany), Berlin (Germany)",procurement@qutools.com,www.qutools.com,4.5,20,"$12,000,000",2005,35,"Dr. Henning Weier, +49-89-321-649-50","ISO 9001",15,"Net 30",6,"ISO 9001:2015","German sustainability standards, Eco-friendly packaging",2,21.3%
Single-photon emitters,Quantum Opus,"Novi, Michigan, USA","Novi (USA), Ann Arbor (USA)",procurement@quantumopus.com,www.quantumopus.com,4.4,18,"$8,000,000",2013,25,"Dr. Aaron Miller, +1-248-227-4950","ISO 9001",15,"Net 30",6,"ISO 9001:2015","Green photonics, Energy efficiency goals",2,32.6%
Single-photon emitters,NuCrypt,"Evanston, Illinois, USA","Evanston (USA), Chicago (USA)",procurement@nucrypt.net,www.nucrypt.net,4.3,15,"$5,000,000",2004,20,"Dr. Prem Kumar, +1-847-866-9292","ISO 9001",15,"Net 30",6,"ISO 9001:2015","Sustainable quantum technology, Energy conservation",2,28.4%
Single-photon emitters,Photon Spot,"Monrovia, California, USA","Monrovia (USA), Pasadena (USA)",procurement@photonspot.com,www.photonspot.com,4.5,20,"$7,500,000",2012,30,"Dr. John Fini, +1-626-486-1560","ISO 9001",15,"Net 30",6,"ISO 9001:2015","Minimal waste production, Energy conservation",2,24.7%
Single-photon emitters,PicoQuant,"Berlin, Germany","Berlin (Germany), Adlershof (Germany)",procurement@picoquant.com,www.picoquant.com,4.7,35,"$45,000,000",1996,110,"Rainer Erdmann, +49-30-6392-6560","ISO 9001, ISO 14001",21,"Net 30",12,"ISO 9001:2015, ISO 14001","Environmental management system, Green design",1,12.8%
Single-photon emitters,Quandela,"Palaiseau, France","Palaiseau (France), Paris (France)",procurement@quandela.com,www.quandela.com,4.6,20,"$25,000,000",2017,45,"Valérian Giesz, +33-1-8328-4750","ISO 9001",21,"Net 30",6,"ISO 9001:2015","Sustainable photonics research, Energy efficient facility",2,41.5%
Integrated photonic circuits,Infinera Corporation,"Sunnyvale, California, USA","Sunnyvale (USA), Annapolis Junction (USA), Bangalore (India), Beijing (China)",procurement@infinera.com,www.infinera.com,4.8,145,"$1,420,000,000",2000,3200,"David Heard, +1-408-572-5200","ISO 9001, ISO 14001",30,"Net 45",12,"ISO 9001:2015, ISO 14001","Corporate responsibility program, Eco-efficient solutions",1,8.5%
Integrated photonic circuits,NeoPhotonics Corporation,"San Jose, California, USA","San Jose (USA), Shenzhen (China), Tokyo (Japan), Ottawa (Canada)",procurement@neophotonics.com,www.neophotonics.com,4.7,130,"$371,000,000",1996,1700,"Timothy Jenks, +1-408-232-9200","ISO 9001, ISO 14001, IATF 16949",30,"Net 45",12,"ISO 9001:2015, ISO 14001, IATF 16949:2016","Sustainable photonics manufacturing, Green processes",1,11.3%
Integrated photonic circuits,Acacia Communications,"Maynard, Massachusetts, USA","Maynard (USA), Holmdel (USA), Ottawa (Canada), Bangalore (India)",procurement@acacia-inc.com,www.acacia-inc.com,4.7,120,"$535,000,000",2009,400,"Raj Shanmugaraj, +1-978-938-4896","ISO 9001, ISO 14001",30,"Net 45",12,"ISO 9001:2015, ISO 14001","Digital sustainability, Power optimization initiatives",1,14.5%
Integrated photonic circuits,EFFECT Photonics,"Eindhoven, Netherlands","Eindhoven (Netherlands), Torbay (UK), California (USA), Shenzhen (China)",procurement@effectphotonics.com,www.effectphotonics.com,4.6,85,"$110,000,000",2010,180,"James Regan, +31-40-7074000","ISO 9001",21,"Net 30",12,"ISO 9001:2015","Energy efficiency initiatives, Carbon neutral goals",1,32.7%
Integrated photonic circuits,Huawei Technologies,"Shenzhen, China","Shenzhen (China), Dongguan (China), Munich (Germany), Ottawa (Canada)",procurement@huawei.com,www.huawei.com,4.6,200,"$136,700,000,000",1987,195000,"Ren Zhengfei, +86-755-2878-0808","ISO 9001, ISO 14001, TL 9000",45,"Net 60",18,"ISO 9001:2015, ISO 14001, TL 9000","Carbon neutrality action plan, Digital power initiatives",1,4.8%
Integrated photonic circuits,Lumentum Operations,"San Jose, California, USA","San Jose (USA), Ottawa (Canada), Zurich (Switzerland), Shanghai (China)",procurement@lumentum.com,www.lumentum.com,4.7,150,"$1,740,000,000",2015,5500,"Alan Lowe, +1-408-546-5000","ISO 9001, ISO 14001, IATF 16949",30,"Net 45",12,"ISO 9001:2015, ISO 14001, IATF 16949:2016","Sustainable operations program, Resource efficiency",1,7.2%
Integrated photonic circuits,LioniX International,"Enschede, Netherlands","Enschede (Netherlands), Twente (Netherlands)",procurement@lionix-int.com,www.lionix-int.com,4.5,55,"$32,000,000",2001,85,"Hans van den Vlekkert, +31-53-483-8800","ISO 9001",21,"Net 30",12,"ISO 9001:2015","Dutch green innovation, Circular manufacturing",1,19.8%
Integrated photonic circuits,VLC Photonics,"Valencia, Spain","Valencia (Spain), Castellon (Spain)",procurement@vlcphotonics.com,www.vlcphotonics.com,4.4,35,"$12,000,000",2011,45,"Pascual Muñoz, +34-961-829-044","ISO 9001",15,"Net 30",6,"ISO 9001:2015","European sustainable development goals, Low-energy ops",2,26.4%
Integrated photonic circuits,Inphi Corporation,"Santa Clara, California, USA","Santa Clara (USA), Westlake Village (USA), Singapore, Shenzhen (China)",procurement@inphi.com,www.inphi.com,4.6,90,"$365,000,000",2000,650,"Ford Tamer, +1-408-217-7300","ISO 9001, ISO 14001",30,"Net 45",12,"ISO 9001:2015, ISO 14001","Green IC initiatives, Energy conservation program",1,18.7%
Quantum entanglement generators,IQOQI (Institute for Quantum Optics and Quantum Information),"Vienna, Austria","Vienna (Austria), Innsbruck (Austria)",procurement@iqoqi.at,www.iqoqi.at,4.9,45,"$68,000,000",2003,150,"Prof. Anton Zeilinger, +43-1-4277-29700","ISO 9001",30,"Net 30",12,"ISO 9001:2015","Sustainable quantum research, Energy-efficient facilities",1,22.5%
Quantum entanglement generators,Quantum Brilliance,"Canberra, Australia","Canberra (Australia), Stuttgart (Germany), Melbourne (Australia)",procurement@quantumbrilliance.com,www.quantumbrilliance.com,4.7,35,"$45,000,000",2019,70,"Dr. Marcus Doherty, +61-2-6125-0000","ISO 9001",21,"Net 30",6,"ISO 9001:2015","Room-temp quantum computing, Energy efficiency",2,48.2%
Quantum entanglement generators,INRIM (Italian National Metrology Institute),"Turin, Italy","Turin (Italy), Rome (Italy)",procurement@inrim.it,www.inrim.it,4.6,40,"$75,000,000",1968,220,"Dr. Maria Luisa Rastello, +39-011-3919-1","ISO 9001",30,"Net 30",12,"ISO 9001:2015","Sustainable metrology, Green lab certification",1,13.5%
Quantum entanglement generators,NIST Quantum Information Program,"Boulder, Colorado, USA","Boulder (USA), Gaithersburg (USA)",procurement@nist.gov,www.nist.gov/programs-projects/quantum-information-program,4.8,55,"$1,200,000,000",1901,3400,"Dr. Carl Williams, +1-303-497-3000","ISO 9001, ISO 14001",30,"Net 45",12,"ISO 9001:2015, ISO 14001","NIST sustainability program, Green standards",1,8.7%
Quantum entanglement generators,Quantum Technology Center (University of Maryland),"College Park, Maryland, USA","College Park (USA), Baltimore (USA)",procurement@qtc.umd.edu,www.qtc.umd.edu,4.7,30,"$45,000,000",2019,120,"Dr. Ronald Walsworth, +1-301-405-1000","ISO 9001",21,"Net 30",6,"ISO 9001:2015","Sustainable quantum tech, Energy management",2,35.8%
Quantum entanglement generators,Shanghai Quantum Information Technology,"Shanghai, China","Shanghai (China), Beijing (China), Hefei (China)",procurement@shquantum.cn,www.shquantum.cn,4.5,50,"$85,000,000",2017,180,"Dr. Zhang Wei, +86-21-6142-0000","ISO 9001, ISO 14001",45,"Net 60",12,"ISO 9001:2015, ISO 14001","Eco-friendly lab practices, Energy reduction goals",1,27.3%
Quantum entanglement generators,QuiX Quantum,"Enschede, Netherlands","Enschede (Netherlands), Twente (Netherlands)",procurement@quixquantum.com,www.quixquantum.com,4.6,25,"$18,000,000",2019,40,"Dr. Stefan Hengesbach, +31-53-483-5000","ISO 9001",15,"Net 30",6,"ISO 9001:2015","Sustainable photonic quantum computing, Low energy use",2,42.7%
Quantum entanglement generators,CQC2T (Centre for Quantum Computation & Communication Technology),"Sydney, Australia","Sydney (Australia), Melbourne (Australia), Canberra (Australia)",procurement@cqc2t.org,www.cqc2t.org,4.7,35,"$65,000,000",2000,150,"Prof. Michelle Simmons, +61-2-9385-6311","ISO 9001",21,"Net 30",6,"ISO 9001:2015","Australian Green Lab certification, Energy efficiency",1,18.9%
Quantum entanglement generators,Paris Centre for Quantum Computing,"Paris, France","Paris (France), Palaiseau (France)",procurement@pcqc.fr,www.pcqc.fr,4.6,30,"$42,000,000",2014,90,"Dr. Frédéric Magniez, +33-1-5727-9000","ISO 9001",21,"Net 30",6,"ISO 9001:2015","Sustainable research facility, Carbon footprint reduction",2,24.6%
Quantum random number generators,Quantum eMotion,"Montreal, Quebec, Canada","Montreal (Canada), Toronto (Canada)",procurement@quantumemotion.com,www.quantumemotion.com,4.5,25,"$15,000,000",2017,35,"Francis Bellido, +1-514-360-0571","ISO 9001, ISO 27001",15,"Net 30",6,"ISO 9001:2015, ISO 27001:2013","Green quantum security, Energy efficient systems",2,38.5%
Quantum random number generators,Cambridge Quantum Computing,"Cambridge, United Kingdom","Cambridge (UK), London (UK), San Francisco (USA), Tokyo (Japan)",procurement@cambridgequantum.com,www.cambridgequantum.com,4.8,40,"$120,000,000",2014,200,"Ilyas Khan, +44-1223-627-600","ISO 9001, ISO 27001",21,"Net 30",12,"ISO 9001:2015, ISO 27001:2013","Quantum sustainability program, Green computing",1,26.4%
Quantum random number generators,Quantum Numbers Corp.,"Montreal, Quebec, Canada","Montreal (Canada), Ottawa (Canada)",procurement@quantumnumberscorp.com,www.quantumnumberscorp.com,4.4,20,"$8,000,000",2007,25,"Marc Rousseau, +1-514-213-8844","ISO 9001, ISO 27001",15,"Net 30",6,"ISO 9001:2015, ISO 27001:2013","Low-energy quantum devices, Carbon reduction",2,42.8%
Quantum random number generators,ID Quantique,"Geneva, Switzerland","Geneva (Switzerland), Boston (USA), Seoul (South Korea)",procurement@idquantique.com,www.idquantique.com,4.8,60,"$75,000,000",2001,120,"Grégoire Ribordy, +41-22-301-8383","ISO 9001, ISO 27001",30,"Net 45",12,"ISO 9001:2015, ISO 27001:2013","Sustainable quantum security, European Green standards",1,18.5%
Quantum random number generators,Quantum Numbers Technology,"Shanghai, China","Shanghai (China), Shenzhen (China)",procurement@quantumnumberstech.cn,www.quantumnumberstech.cn,4.4,30,"$25,000,000",2016,80,"Li Wei, +86-21-5108-0000","ISO 9001, ISO 27001",45,"Net 60",12,"ISO 9001:2015, ISO 27001:2013","Energy-efficient manufacturing, Green facility",2,32.7%
Quantum random number generators,ANU Quantum Random Numbers,"Canberra, Australia","Canberra (Australia), Sydney (Australia)",procurement@anu-qrng.au,www.qrng.anu.edu.au,4.7,15,"$20,000,000",2011,40,"Prof. Ping Koy Lam, +61-2-6125-8378","ISO 9001",21,"Net 30",6,"ISO 9001:2015","Australian sustainable research, Low-power computing",2,18.9%
Quantum random number generators,QuintessenceLabs,"Canberra, Australia","Canberra (Australia), San Jose (USA), London (UK)",procurement@quintessencelabs.com,www.quintessencelabs.com,4.6,35,"$45,000,000",2008,90,"Vikram Sharma, +61-2-6140-4494","ISO 9001, ISO 27001",21,"Net 30",12,"ISO 9001:2015, ISO 27001:2013","Sustainable quantum cryptography, Energy goals",1,22.6%
Quantum random number generators,Korea Institute of Science and Technology,"Seoul, South Korea","Seoul (South Korea), Daejeon (South Korea)",procurement@kist.re.kr,www.kist.re.kr,4.7,40,"$650,000,000",1966,2000,"Dr. Lee Byung-Gwon, +82-2-958-5114","ISO 9001, ISO 14001",30,"Net 45",12,"ISO 9001:2015, ISO 14001","Korean green tech initiative, Sustainable lab",1,9.2%
Quantum random number generators,Institute of Quantum Computing (University of Waterloo),"Waterloo, Ontario, Canada","Waterloo (Canada), Toronto (Canada)",procurement@uwaterloo.ca,www.uwaterloo.ca/institute-for-quantum-computing,4.7,25,"$70,000,000",2002,250,"Dr. Raymond Laflamme, +1-519-888-4021","ISO 9001",21,"Net 30",6,"ISO 9001:2015","Canadian green quantum initiative, Energy efficient",1,16.7%
Superconducting germanium compounds,American Superconductor,"Ayer, Massachusetts, USA","Ayer (USA), Klagenfurt (Austria), Timisoara (Romania)",procurement@amsc.com,www.amsc.com,4.7,85,"$117,000,000",1987,560,"Daniel McGahn, +1-978-842-3000","ISO 9001, ISO 14001",30,"Net 45",12,"ISO 9001:2015, ISO 14001","Energy efficiency program, Sustainable materials",1,9.5%
Superconducting germanium compounds,BASF Superconductor Technologies,"Ludwigshafen, Germany","Ludwigshafen (Germany), Shanghai (China), Florham Park (USA)",procurement@basf.com,www.basf.com,4.8,120,"$63,500,000,000",1865,110000,"Dr. Martin Brudermüller, +49-621-60-0","ISO 9001, ISO 14001, IATF 16949",45,"Net 60",18,"ISO 9001:2015, ISO 14001, IATF 16949:2016","Carbon Management, Circular economy initiative",1,5.6%
Superconducting germanium compounds,Bruker Advanced Supercon,"Billerica, Massachusetts, USA","Billerica (USA), Bergisch Gladbach (Germany), Beijing (China)",procurement@bruker.com,www.bruker.com,4.7,70,"$2,340,000,000",1960,7300,"Frank Laukien, +1-978-663-3660","ISO 9001, ISO 14001",30,"Net 45",12,"ISO 9001:2015, ISO 14001","Environmental sustainability, Green lab initiative",1,7.8%
Superconducting germanium compounds,CSIRO Superconductors,"Lindfield, Australia","Lindfield (Australia), Melbourne (Australia)",procurement@csiro.au,www.csiro.au,4.6,55,"$1,400,000,000",1916,5500,"Dr. Larry Marshall, +61-2-9717-9111","ISO 9001, ISO 14001",21,"Net 30",12,"ISO 9001:2015, ISO 14001","Australian sustainable research, Low carbon future",1,8.2%
Superconducting germanium compounds,Furukawa Electric,"Tokyo, Japan","Tokyo (Japan), Yokohama (Japan), Santa Clara (USA), Frankfurt (Germany)",procurement@furukawa.co.jp,www.furukawa.co.jp/english,4.6,95,"$7,200,000,000",1884,50000,"Keiichi Kobayashi, +81-3-3286-3001","ISO 9001, ISO 14001, IATF 16949",30,"Net 45",12,"ISO 9001:2015, ISO 14001, IATF 16949:2016","Global warming countermeasures, Material recycling",1,6.7%
Superconducting germanium compounds,National High Magnetic Field Laboratory,"Tallahassee, Florida, USA","Tallahassee (USA), Los Alamos (USA)",procurement@magnet.fsu.edu,www.nationalmaglab.org,4.8,50,"$65,000,000",1990,300,"Dr. Gregory Boebinger, +1-850-644-0311","ISO 9001",21,"Net 30",6,"ISO 9001:2015","Sustainable high-field science, Energy efficiency",1,12.5%
Superconducting germanium compounds,Shanghai Superconductor Technology,"Shanghai, China","Shanghai (China), Hefei (China)",procurement@sh-superconductor.com,www.sh-superconductor.com,4.5,110,"$180,000,000",2005,850,"Dr. Wang Chen, +86-21-3418-0000","ISO 9001, ISO 14001",45,"Net 60",12,"ISO 9001:2015, ISO 14001","Chinese green tech initiative, Clean production",1,16.7%
Superconducting germanium compounds,Sumitomo Electric Industries,"Osaka, Japan","Osaka (Japan), Tokyo (Japan), San Jose (USA), London (UK)",procurement@sei.co.jp,www.global-sei.com,4.7,125,"$29,800,000,000",1897,280000,"Osamu Inoue, +81-6-6220-4141","ISO 9001, ISO 14001, IATF 16949",30,"Net 45",18,"ISO 9001:2015, ISO 14001, IATF 16949:2016","Global environmental management, Carbon neutrality",1,5.2%
Superconducting germanium compounds,European Superconductors (Nexans),"Paris, France","Paris (France), Hanover (Germany), Brussels (Belgium)",procurement@nexans.com,www.nexans.com,4.6,80,"$6,700,000,000",1897,25000,"Christopher Guérin, +33-1-7813-8383","ISO 9001, ISO 14001, IATF 16949",30,"Net 45",12,"ISO 9001:2015, ISO 14001, IATF 16949:2016","Carbon neutrality pledge, Circular production",1,7.8%
Germanium junction tunneling devices,Samsung Advanced Institute of Technology,"Suwon, South Korea","Suwon (South Korea), San Jose (USA), Cambridge (UK), Moscow (Russia)",procurement@samsung.com,www.sait.samsung.co.kr,4.8,180,"$230,400,000,000",1987,320000,"Kim Ki-nam, +82-31-200-1114","ISO 9001, ISO 14001, IATF 16949",30,"Net 60",18,"ISO 9001:2015, ISO 14001, IATF 16949:2016","Carbon neutrality by 2050, Circular economy",1,4.2%
Germanium junction tunneling devices,IBM Research,"Yorktown Heights, New York, USA","Yorktown Heights (USA), Almaden (USA), Zurich (Switzerland), Tokyo (Japan)",procurement@us.ibm.com,www.research.ibm.com,4.9,120,"$73,600,000,000",1945,350000,"Dr. Dario Gil, +1-914-945-3000","ISO 9001, ISO 14001, ISO 27001",30,"Net 45",12,"ISO 9001:2015, ISO 14001, ISO 27001:2013","Net Zero 2030 pledge, Water conservation",1,3.6%
Germanium junction tunneling devices,Intel Labs,"Santa Clara, California, USA","Santa Clara (USA), Hillsboro (USA), Bangalore (India), Munich (Germany)",procurement@intel.com,www.intel.com/labs,4.8,150,"$79,000,000,000",1968,121000,"Rich Uhlig, +1-408-765-8080","ISO 9001, ISO 14001, IATF 16949",30,"Net 45",12,"ISO 9001:2015, ISO 14001, IATF 16949:2016","RISE 2030 strategy, Sustainable manufacturing",1,3.8%
Germanium junction tunneling devices,Imec,"Leuven, Belgium","Leuven (Belgium), Eindhoven (Netherlands), Hsinchu (Taiwan)",procurement@imec.be,www.imec-int.com,4.7,85,"$680,000,000",1984,4500,"Luc Van den hove, +32-16-281-211","ISO 9001, ISO 14001",21,"Net 30",12,"ISO 9001:2015, ISO 14001","Green clean room initiative, Circular program",1,11.5%
Germanium junction tunneling devices,STMicroelectronics,"Geneva, Switzerland","Geneva (Switzerland), Grenoble (France), Singapore, Catania (Italy)",procurement@st.com,www.st.com,4.6,110,"$12,800,000,000",1987,48000,"Jean-Marc Chery, +41-22-929-2929","ISO 9001, ISO 14001, IATF 16949",30,"Net 45",12,"ISO 9001:2015, ISO 14001, IATF 16949:2016","Carbon neutral by 2027, Responsible products",1,5.6%
Germanium junction tunneling devices,IHP Microelectronics,"Frankfurt (Oder), Germany","Frankfurt (Oder) (Germany), Berlin (Germany)",procurement@ihp-microelectronics.com,www.ihp-microelectronics.com,4.5,65,"$120,000,000",1991,350,"Dr. Bernd Tillack, +49-335-5625-0","ISO 9001, ISO 14001",21,"Net 30",12,"ISO 9001:2015, ISO 14001","Environmental management, Energy-saving fab",1,15.8%
Germanium junction tunneling devices,TSMC,"Hsinchu, Taiwan","Hsinchu (Taiwan), Tainan (Taiwan), San Jose (USA), Munich (Germany)",procurement@tsmc.com,www.tsmc.com,4.9,200,"$73,600,000,000",1987,65000,"Dr. C.C. Wei, +886-3-563-6688","ISO 9001, ISO 14001, IATF 16949",45,"Net 60",18,"ISO 9001:2015, ISO 14001, IATF 16949:2016","Green manufacturing, Net Zero emissions 2050",1,4.5%
Germanium junction tunneling devices,Chinese Academy of Sciences (Institute of Semiconductors),"Beijing, China","Beijing (China), Shanghai (China), Shenzhen (China)",procurement@semi.ac.cn,www.semi.ac.cn,4.6,90,"$450,000,000",1956,2000,"Dr. Hou Yang, +86-10-8230-4000","ISO 9001, ISO 14001",45,"Net 60",12,"ISO 9001:2015, ISO 14001","Green tech strategy, Energy-efficient labs",1,11.2%
Germanium junction tunneling devices,CEA-Leti,"Grenoble, France","Grenoble (France), Paris (France), Tokyo (Japan)",procurement@cea.fr,www.leti-cea.com,4.7,75,"$580,000,000",1967,1900,"Dr. Emmanuel Sabonnadiere, +33-4-3878-4414","ISO 9001, ISO 14001",21,"Net 30",12,"ISO 9001:2015, ISO 14001","Environmental leadership, Energy management",1,8.9%
Ultrafast photonic switches,Cisco Systems,"San Jose, California, USA","San Jose (USA), Bangalore (India), Research Triangle Park (USA), Singapore",procurement@cisco.com,www.cisco.com,4.8,180,"$51,600,000,000",1984,80000,"Chuck Robbins, +1-408-526-4000","ISO 9001, ISO 14001, ISO 27001",30,"Net 45",12,"ISO 9001:2015, ISO 14001, ISO 27001:2013","Net Zero commitment, Circular design",1,5.2%
Ultrafast photonic switches,Nokia Bell Labs,"Murray Hill, New Jersey, USA","Murray Hill (USA), Cambridge (UK), Espoo (Finland), Stuttgart (Germany)",procurement@nokia.com,www.bell-labs.com,4.7,110,"$23,300,000,000",1925,98000,"Pekka Lundmark, +1-908-582-3000","ISO 9001, ISO 14001, ISO 27001",30,"Net 45",12,"ISO 9001:2015, ISO 14001, ISO 27001:2013","Science-based carbon targets, Eco-design",1,6.8%
Ultrafast photonic switches,Keysight Technologies,"Santa Rosa, California, USA","Santa Rosa (USA), Colorado Springs (USA), Penang (Malaysia), Boeblingen (Germany)",procurement@keysight.com,www.keysight.com,4.7,85,"$4,900,000,000",2014,14000,"Ron Nersesian, +1-707-577-2663","ISO 9001, ISO 14001, ISO 17025",30,"Net 45",12,"ISO 9001:2015, ISO 14001, ISO 17025","Net Zero initiative, Resource efficiency",1,7.5%
Ultrafast photonic switches,Infinera Corporation,"Sunnyvale, California, USA","Sunnyvale (USA), Ottawa (Canada), Allentown (USA), Stockholm (Sweden)",procurement@infinera.com,www.infinera.com,4.6,100,"$1,420,000,000",2000,3200,"David Heard, +1-408-572-5200","ISO 9001, ISO 14001",30,"Net 45",12,"ISO 9001:2015, ISO 14001","Sustainable telecom, Energy efficient systems",1,8.4%
Ultrafast photonic switches,ADVA Optical Networking,"Munich, Germany","Munich (Germany), Meiningen (Germany), New York (USA), Shenzhen (China)",procurement@adva.com,www.adva.com,4.6,85,"$650,000,000",1994,1900,"Brian Protiva, +49-89-890-665-0","ISO 9001, ISO 14001, ISO 27001",21,"Net 30",12,"ISO 9001:2015, ISO 14001, ISO 27001:2013","Science-based targets, Green telecom",1,11.2%
Ultrafast photonic switches,Huawei Technologies,"Shenzhen, China","Shenzhen (China), Dongguan (China), Hangzhou (China), Munich (Germany)",procurement@huawei.com,www.huawei.com,4.7,190,"$136,700,000,000",1987,195000,"Ren Zhengfei, +86-755-2878-0808","ISO 9001, ISO 14001, ISO 27001",45,"Net 60",18,"ISO 9001:2015, ISO 14001, ISO 27001:2013","Carbon neutral operations, Green 5G",1,4.8%
Ultrafast photonic switches,Fujitsu Network Communications,"Richardson, Texas, USA","Richardson (USA), Tokyo (Japan), London (UK), Munich (Germany)",procurement@fnc.fujitsu.com,www.fujitsu.com/us/products/network,4.6,95,"$36,200,000,000",1935,130000,"Takahito Tokita, +1-800-777-3536","ISO 9001, ISO 14001, ISO 27001",30,"Net 45",12,"ISO 9001:2015, ISO 14001, ISO 27001:2013","Fujitsu Climate and Energy Vision, Water conservation",1,5.7%
Ultrafast photonic switches,Ciena Corporation,"Hanover, Maryland, USA","Hanover (USA), Ottawa (Canada), Gurgaon (India), London (UK)",procurement@ciena.com,www.ciena.com,4.7,110,"$3,600,000,000",1992,7500,"Gary Smith, +1-410-694-5700","ISO 9001, ISO 14001, ISO 27001",30,"Net 45",12,"ISO 9001:2015, ISO 14001, ISO 27001:2013","Sustainable network innovation, Energy reduction",1,8.3%
Ultrafast photonic switches,ZTE Corporation,"Shenzhen, China","Shenzhen (China), Nanjing (China), Shanghai (China), Richardson (USA)",procurement@zte.com.cn,www.zte.com.cn,4.5,140,"$13,100,000,000",1985,68000,"Li Zixue, +86-755-2677-0000","ISO 9001, ISO 14001, ISO 27001",45,"Net 60",12,"ISO 9001:2015, ISO 14001, ISO 27001:2013","Green 5G strategy, Circular economy practices",1,6.1%
High-performance computing memory,Samsung Electronics,"Suwon, South Korea","Suwon (South Korea), Austin (USA), Xian (China), Hwaseong (South Korea)",procurement@samsung.com,www.samsung.com/semiconductor,4.8,250,"$230,400,000,000",1969,320000,"Kim Ki-nam, +82-31-200-1114","ISO 9001, ISO 14001, IATF 16949",45,"Net 60",18,"ISO 9001:2015, ISO 14001, IATF 16949:2016","Carbon neutrality goal, Water recycling",1,4.2%
High-performance computing memory,SK hynix,"Icheon, South Korea","Icheon (South Korea), Wuxi (China), Chongqing (China), San Jose (USA)",procurement@skhynix.com,www.skhynix.com,4.7,220,"$36,000,000,000",1983,35000,"Lee Seok-Hee, +82-31-630-4114","ISO 9001, ISO 14001, IATF 16949",30,"Net 45",18,"ISO 9001:2015, ISO 14001, IATF 16949:2016","ECO Alliance 2030, Green fab operations",1,5.6%
High-performance computing memory,Micron Technology,"Boise, Idaho, USA","Boise (USA), Manassas (USA), Singapore, Taichung (Taiwan)",procurement@micron.com,www.micron.com,4.7,200,"$30,800,000,000",1978,48000,"Sanjay Mehrotra, +1-208-368-4000","ISO 9001, ISO 14001, IATF 16949",30,"Net 45",12,"ISO 9001:2015, ISO 14001, IATF 16949:2016","Net-zero operations, Water conservation",1,6.3%
High-performance computing memory,Intel Corporation,"Santa Clara, California, USA","Santa Clara (USA), Hillsboro (USA), Kiryat Gat (Israel), Dalian (China)",procurement@intel.com,www.intel.com,4.8,180,"$79,000,000,000",1968,121000,"Pat Gelsinger, +1-408-765-8080","ISO 9001, ISO 14001, IATF 16949",30,"Net 45",12,"ISO 9001:2015, ISO 14001, IATF 16949:2016","RISE 2030 strategy, Sustainable manufacturing",1,3.8%
High-performance computing memory,Western Digital,"San Jose, California, USA","San Jose (USA), Irvine (USA), Bangkok (Thailand), Shanghai (China)",procurement@wdc.com,www.westerndigital.com,4.6,120,"$16,700,000,000",1970,65000,"David Goeckeler, +1-408-717-6000","ISO 9001, ISO 14001, ISO 27001",30,"Net 45",12,"ISO 9001:2015, ISO 14001, ISO 27001:2013","Energy and carbon reduction, Circular economy",1,7.5%
High-performance computing memory,Fujitsu,"Tokyo, Japan","Tokyo (Japan), Kawasaki (Japan), Munich (Germany), Richardson (USA)",procurement@fujitsu.com,www.fujitsu.com,4.6,110,"$36,200,000,000",1935,130000,"Takahito Tokita, +81-3-6252-2220","ISO 9001, ISO 14001, ISO 27001",30,"Net 45",12,"ISO 9001:2015, ISO 14001, ISO 27001:2013","Climate and Energy Vision, Sustainable manufacturing",1,5.7%
High-performance computing memory,Huawei Technologies,"Shenzhen, China","Shenzhen (China), Shanghai (China), Munich (Germany), Singapore",procurement@huawei.com,www.huawei.com,4.7,160,"$136,700,000,000",1987,195000,"Ren Zhengfei, +86-755-2878-0808","ISO 9001, ISO 14001, ISO 27001",45,"Net 60",18,"ISO 9001:2015, ISO 14001, ISO 27001:2013","Carbon neutrality initiatives, Tech for better planet",1,4.8%
High-performance computing memory,Winbond Electronics,"Taichung, Taiwan","Taichung (Taiwan), Hsinchu (Taiwan), San Jose (USA), Munich (Germany)",procurement@winbond.com,www.winbond.com,4.5,90,"$1,900,000,000",1987,3200,"Arthur Chiao, +886-3-567-8168","ISO 9001, ISO 14001, IATF 16949",30,"Net 45",12,"ISO 9001:2015, ISO 14001, IATF 16949:2016","Green memory manufacturing, Energy efficiency",1,9.6%
High-performance computing memory,Kioxia (formerly Toshiba Memory),"Tokyo, Japan","Tokyo (Japan), Yokkaichi (Japan), San Jose (USA), Düsseldorf (Germany)",procurement@kioxia.com,www.kioxia.com,4.7,130,"$14,100,000,000",2018,12000,"Nobuo Hayasaka, +81-3-6478-2300","ISO 9001, ISO 14001, IATF 16949",30,"Net 45",12,"ISO 9001:2015, ISO 14001, IATF 16949:2016","Environmental vision, Energy conservation",1,7.4%
Topological insulator materials,Microsoft Research Quantum,"Redmond, Washington, USA","Redmond (USA), Copenhagen (Denmark), Sydney (Australia), Delft (Netherlands)",procurement@microsoft.com,www.microsoft.com/quantum,4.8,65,"$168,100,000,000",1975,180000,"Dr. Krysta Svore, +1-425-882-8080","ISO 9001, ISO 14001, ISO 27001",30,"Net 45",12,"ISO 9001:2015, ISO 14001, ISO 27001:2013","Carbon negative by 2030, Zero waste commitment",1,5.2%
Topological insulator materials,IBM Quantum,"Yorktown Heights, New York, USA","Yorktown Heights (USA), Zurich (Switzerland), Tokyo (Japan), Melbourne (Australia)",procurement@us.ibm.com,www.research.ibm.com/quantum,4.9,70,"$73,600,000,000",1945,350000,"Dr. Jay Gambetta, +1-914-945-3000","ISO 9001, ISO 14001, ISO 27001",30,"Net 45",12,"ISO 9001:2015, ISO 14001, ISO 27001:2013","Net Zero GHG 2030, Water conservation",1,3.6%
Topological insulator materials,QuTech (Delft University),"Delft, Netherlands","Delft (Netherlands), Leiden (Netherlands)",procurement@qutech.nl,www.qutech.nl,4.7,40,"$120,000,000",2014,400,"Dr. Lieven Vandersypen, +31-15-278-6000","ISO 9001",21,"Net 30",6,"ISO 9001:2015","Dutch green quantum initiative, Energy conservation",2,32.7%
Topological insulator materials,Google Quantum AI,"Santa Barbara, California, USA","Santa Barbara (USA), Mountain View (USA), London (UK), Zürich (Switzerland)",procurement@google.com,www.research.google/quantum,4.8,60,"$257,600,000,000",1998,135000,"Dr. Hartmut Neven, +1-650-253-0000","ISO 9001, ISO 14001, ISO 27001",30,"Net 45",12,"ISO 9001:2015, ISO 14001, ISO 27001:2013","Carbon free by 2030, Circular economy program",1,4.3%
Topological insulator materials,Tokyo University of Science (Quantum Materials Lab),"Tokyo, Japan","Tokyo (Japan), Chiba (Japan)",procurement@rs.tus.ac.jp,www.tus.ac.jp/en/,4.6,35,"$185,000,000",1881,1200,"Dr. Hideo Hosono, +81-3-3260-4271","ISO 9001",30,"Net 30",6,"ISO 9001:2015","Japanese green science initiative, Low carbon labs",2,14.5%
Topological insulator materials,Purdue Quantum Science and Engineering Institute,"West Lafayette, Indiana, USA","West Lafayette (USA), Indianapolis (USA)",procurement@purdue.edu,www.purdue.edu/qsei,4.7,30,"$205,000,000",2018,250,"Dr. Michael Manfra, +1-765-494-4600","ISO 9001",21,"Net 30",6,"ISO 9001:2015","Sustainable research policy, Energy efficient facilities",2,26.8%
Topological insulator materials,Majorana Quantum Materials Group (TU Delft),"Delft, Netherlands","Delft (Netherlands), Leiden (Netherlands)",procurement@tudelft.nl,www.tudelft.nl/en/faculty-of-applied-sciences/research/quantum-nanoscience,4.6,25,"$110,000,000",1985,120,"Prof. Leo Kouwenhoven, +31-15-278-1000","ISO 9001",21,"Net 30",6,"ISO 9001:2015","Dutch sustainable campus, Carbon neutral research",2,23.5%
Topological insulator materials,Beijing National Laboratory for Condensed Matter Physics,"Beijing, China","Beijing (China), Shanghai (China)",procurement@iphy.ac.cn,www.iphy.ac.cn,4.5,45,"$185,000,000",1950,800,"Prof. Qi-Kun Xue, +86-10-8264-8008","ISO 9001, ISO 14001",45,"Net 60",12,"ISO 9001:2015, ISO 14001","Chinese green science policy, Energy efficient lab",1,17.5%
Topological insulator materials,Max Planck Institute for the Physics of Complex Systems,"Dresden, Germany","Dresden (Germany), Stuttgart (Germany)",procurement@mpipks-dresden.mpg.de,www.mpipks-dresden.mpg.de,4.7,35,"$150,000,000",1996,300,"Prof. Jan-Michael Rost, +49-351-871-1100","ISO 9001, ISO 14001",21,"Net 30",6,"ISO 9001:2015, ISO 14001","German sustainability strategy, Green laboratory practices",1,12.8%
Spintronic memory devices,Samsung Electronics,"Suwon, South Korea","Suwon (South Korea), Austin (USA), Hwaseong (South Korea), San Jose (USA)",procure.semi@samsung.com,www.samsung.com/semiconductor,4.9,180,"$230,400,000,000",1969,320000,"Jung-bae Lee, +82-31-200-1114","ISO 9001, ISO 14001, IATF 16949",45,"Net 45",18,"ISO 9001:2015, ISO 14001, IATF 16949:2016","Carbon neutrality by 2050, Circular economy initiatives",1,4.2%
Spintronic memory devices,IBM Research,"Yorktown Heights, New York, USA","Yorktown Heights (USA), Almaden (USA), Zurich (Switzerland), Tokyo (Japan)",procure@us.ibm.com,www.research.ibm.com,4.8,140,"$73,600,000,000",1911,350000,"Dr. Dario Gil, +1-914-945-3000","ISO 9001, ISO 14001, ISO 27001",30,"Net 45",12,"ISO 9001:2015, ISO 14001, ISO 27001:2013","Net Zero GHG emissions, Sustainable computing",1,3.6%
Spintronic memory devices,Intel Corporation,"Santa Clara, California, USA","Santa Clara (USA), Hillsboro (USA), Chandler (USA), Leixlip (Ireland)",procurement@intel.com,www.intel.com,4.8,170,"$79,000,000,000",1968,121000,"Patrick Gelsinger, +1-408-765-8080","ISO 9001, ISO 14001, IATF 16949",30,"Net 45",12,"ISO 9001:2015, ISO 14001, IATF 16949:2016","Intel RISE 2030 strategy, Circular economy design",1,3.8%
Spintronic memory devices,Tohoku University (CSIS),"Sendai, Japan","Sendai (Japan), Tokyo (Japan)",procurement@csis.tohoku.ac.jp,www.csis.tohoku.ac.jp,4.7,40,"$220,000,000",1907,5600,"Prof. Hideo Ohno, +81-22-795-3919","ISO 9001",30,"Net 30",6,"ISO 9001:2015","Japanese green initiatives, Low-carbon research",2,15.2%
Spintronic memory devices,Everspin Technologies,"Chandler, Arizona, USA","Chandler (USA), Austin (USA), Hsinchu (Taiwan)",procurement@everspin.com,www.everspin.com,4.5,60,"$47,000,000",2008,80,"Kevin Conley, +1-480-347-1001","ISO 9001, ISO 14001",21,"Net 30",12,"ISO 9001:2015, ISO 14001","Energy efficient design, Water conservation",2,22.5%
Spintronic memory devices,IMEC,"Leuven, Belgium","Leuven (Belgium), Eindhoven (Netherlands), San Francisco (USA), Hsinchu (Taiwan)",procurement@imec.be,www.imec-int.com,4.7,55,"$750,000,000",1984,4500,"Luc Van den hove, +32-16-281-211","ISO 9001, ISO 14001, ISO 17025",21,"Net 30",12,"ISO 9001:2015, ISO 14001, ISO 17025","European sustainability targets, Green lab certification",1,13.6%
Spintronic memory devices,Toshiba Electronic Devices & Storage,"Tokyo, Japan","Tokyo (Japan), Yokohama (Japan), San Jose (USA), Shanghai (China)",procurement@toshiba.co.jp,www.toshiba.co.jp/worldwide,4.6,120,"$17,500,000,000",1939,20000,"Hiroshi Fukuchi, +81-3-3457-3000","ISO 9001, ISO 14001, IATF 16949",30,"Net 45",12,"ISO 9001:2015, ISO 14001, IATF 16949:2016","Environmental vision 2050, Green semiconductor manufacturing",1,6.3%
Spintronic memory devices,NXP Semiconductors,"Eindhoven, Netherlands","Eindhoven (Netherlands), Hamburg (Germany), Austin (USA), Bangalore (India)",procurement@nxp.com,www.nxp.com,4.7,130,"$11,060,000,000",2006,31000,"Kurt Sievers, +31-40-272-9999","ISO 9001, ISO 14001, IATF 16949",30,"Net 45",12,"ISO 9001:2015, ISO 14001, IATF 16949:2016","Smart, secure, connected solutions with low power usage",1,7.2%
Spintronic memory devices,Quantum Materials Group (TU Munich),"Munich, Germany","Munich (Germany), Garching (Germany)",procurement@tum.de,www.ph.tum.de/research/quantum-spintronics,4.6,30,"$180,000,000",1992,250,"Prof. Rudolf Gross, +49-89-289-53700","ISO 9001",21,"Net 30",6,"ISO 9001:2015","German green science initiatives, Sustainable lab protocols",2,18.5%
Quantum dot optical devices,Samsung Display,"Yongin, South Korea","Yongin (South Korea), San Jose (USA), Shenzhen (China), Tokyo (Japan)",procurement@samsungdisplay.com,www.samsungdisplay.com,4.8,150,"$26,800,000,000",2012,65000,"Choi Joo-sun, +82-31-5181-1114","ISO 9001, ISO 14001, IATF 16949",45,"Net 45",18,"ISO 9001:2015, ISO 14001, IATF 16949:2016","Eco-friendly panel production, Carbon neutrality 2050",1,7.2%
Quantum dot optical devices,LG Display,"Seoul, South Korea","Seoul (South Korea), Paju (South Korea), Guangzhou (China), San Jose (USA)",procurement@lgdisplay.com,www.lgdisplay.com,4.7,140,"$23,500,000,000",1999,60000,"Jeong Ho-young, +82-2-3777-1114","ISO 9001, ISO 14001, IATF 16949",30,"Net 45",12,"ISO 9001:2015, ISO 14001, IATF 16949:2016","Carbon-free 2030, Zero waste manufacturing",1,5.8%
Quantum dot optical devices,Nanosys,"Milpitas, California, USA","Milpitas (USA), Sunnyvale (USA), Seoul (South Korea)",procurement@nanosys.com,www.nanosys.com,4.6,60,"$85,000,000",2001,150,"Jason Hartlove, +1-408-962-7700","ISO 9001, ISO 14001",21,"Net 30",12,"ISO 9001:2015, ISO 14001","Sustainable quantum dot technology, Cadmium-free materials",1,14.6%
Quantum dot optical devices,Nanoco Technologies,"Manchester, UK","Manchester (UK), Runcorn (UK), Boston (USA), Tokyo (Japan)",procurement@nanocotechnologies.com,www.nanocotechnologies.com,4.5,45,"$42,000,000",2001,80,"Brian Tenner, +44-161-603-7900","ISO 9001, ISO 14001",21,"Net 30",12,"ISO 9001:2015, ISO 14001","Heavy metal-free quantum dots, Sustainable manufacturing",1,19.5%
Quantum dot optical devices,Quantum Materials Corp,"San Marcos, Texas, USA","San Marcos (USA), San Jose (USA)",procurement@qmcdots.com,www.qmcdots.com,4.4,30,"$15,000,000",2007,45,"Stephen Squires, +1-512-577-0660","ISO 9001",21,"Net 30",6,"ISO 9001:2015","Green quantum dot technology, Clean manufacturing",2,22.8%
Quantum dot optical devices,BOE Technology Group,"Beijing, China","Beijing (China), Hefei (China), Chengdu (China), San Jose (USA)",procurement@boe.com,www.boe.com,4.6,120,"$17,500,000,000",1993,65000,"Chen Yanshun, +86-10-6096-5800","ISO 9001, ISO 14001, IATF 16949",45,"Net 60",18,"ISO 9001:2015, ISO 14001, IATF 16949:2016","Green display technology, Energy efficiency goals",1,8.3%
Quantum dot optical devices,Avantama AG,"Stafa, Switzerland","Stafa (Switzerland), Zurich (Switzerland)",procurement@avantama.com,www.avantama.com,4.5,25,"$18,000,000",2007,30,"Dr. Samuel Halim, +41-44-501-8150","ISO 9001",21,"Net 30",6,"ISO 9001:2015","Swiss clean technology, Sustainable nanomaterials",2,27.5%
Quantum dot optical devices,VerLASE Technologies,"Bridgewater, New Jersey, USA","Bridgewater (USA), Boston (USA)",procurement@verlase.com,www.verlase.com,4.4,20,"$12,000,000",2013,25,"George Powch, +1-617-661-9627","ISO 9001",21,"Net 30",6,"ISO 9001:2015","Eco-friendly quantum well technology, Energy efficient processes",2,31.2%
Quantum dot optical devices,QD Laser,"Kanagawa, Japan","Kanagawa (Japan), Tokyo (Japan), Palo Alto (USA)",procurement@qdlaser.com,www.qdlaser.com,4.5,35,"$28,000,000",2006,65,"Mitsuru Sugawara, +81-44-333-3338","ISO 9001, ISO 14001",30,"Net 30",12,"ISO 9001:2015, ISO 14001","Japanese green photonics initiative, Sustainable manufacturing",2,17.5%
Flexible electronics substrates,DuPont Electronics,"Wilmington, Delaware, USA","Wilmington (USA), Tokai (Japan), Shanghai (China), Grenoble (France)",procurement@dupont.com,www.dupont.com/electronic-solutions.html,4.8,140,"$21,500,000,000",1802,98000,"Edward Breen, +1-302-774-1000","ISO 9001, ISO 14001, IATF 16949",30,"Net 45",12,"ISO 9001:2015, ISO 14001, IATF 16949:2016","Sustainable materials science, Carbon neutral 2050",1,6.2%
Flexible electronics substrates,Sumitomo Chemical,"Tokyo, Japan","Tokyo (Japan), Osaka (Japan), Phoenix (USA), Brussels (Belgium)",procurement@sumitomo-chem.co.jp,www.sumitomo-chem.co.jp/english/,4.7,120,"$19,800,000,000",1913,33000,"Keiichi Iwata, +81-3-5543-5500","ISO 9001, ISO 14001, IATF 16949",30,"Net 45",12,"ISO 9001:2015, ISO 14001, IATF 16949:2016","Sustainable chemistry, Environmental initiative",1,5.8%
Flexible electronics substrates,LG Chem,"Seoul, South Korea","Seoul (South Korea), Holland (USA), Wroclaw (Poland), Nanjing (China)",procurement@lgchem.com,www.lgchem.com,4.7,130,"$25,500,000,000",1947,40000,"Shin Hak-cheol, +82-2-3773-1114","ISO 9001, ISO 14001, IATF 16949",30,"Net 45",12,"ISO 9001:2015, ISO 14001, IATF 16949:2016","Carbon neutral growth 2050, Green product innovation",1,7.3%
Flexible electronics substrates,BASF Electronic Materials,"Ludwigshafen, Germany","Ludwigshafen (Germany), Singapore, Shanghai (China), Research Triangle Park (USA)",procurement@basf.com,www.electronic-materials.basf.com,4.8,110,"$63,900,000,000",1865,117000,"Martin Brudermüller, +49-621-60-0","ISO 9001, ISO 14001, IATF 16949",21,"Net 30",12,"ISO 9001:2015, ISO 14001, IATF 16949:2016","Carbon management, Water stewardship",1,4.5%
Flexible electronics substrates,Panasonic,"Osaka, Japan","Osaka (Japan), Tokyo (Japan), Newark (USA), Hamburg (Germany)",procurement@jp.panasonic.com,www.panasonic.com,4.7,115,"$63,200,000,000",1918,240000,"Yuki Kusumi, +81-6-6908-1121","ISO 9001, ISO 14001, IATF 16949",30,"Net 45",12,"ISO 9001:2015, ISO 14001, IATF 16949:2016","Panasonic GREEN IMPACT, Circular economy innovation",1,5.6%
Flexible electronics substrates,Canatu,"Helsinki, Finland","Helsinki (Finland), Tampere (Finland), Tokyo (Japan), Shenzhen (China)",procurement@canatu.com,www.canatu.com,4.5,30,"$22,000,000",2004,45,"Juha Kokkonen, +358-40-543-0367","ISO 9001, ISO 14001",21,"Net 30",6,"ISO 9001:2015, ISO 14001","Nordic sustainable technology, Carbon neutral operations",2,24.5%
Flexible electronics substrates,E Ink Holdings,"Hsinchu, Taiwan","Hsinchu (Taiwan), Billerica (USA), Tokyo (Japan), Shanghai (China)",procurement@eink.com,www.eink.com,4.6,90,"$1,600,000,000",1997,2500,"Johnson Lee, +886-3-572-8800","ISO 9001, ISO 14001",30,"Net 45",12,"ISO 9001:2015, ISO 14001","Low power sustainable displays, Energy efficiency",1,12.4%
Flexible electronics substrates,Heraeus Electronics,"Hanau, Germany","Hanau (Germany), West Conshohocken (USA), Singapore, Shanghai (China)",procurement@heraeus.com,www.heraeus-electronics.com,4.8,100,"$22,000,000,000",1851,14800,"Jan Rinnert, +49-6181-35-0","ISO 9001, ISO 14001, IATF 16949",21,"Net 30",12,"ISO 9001:2015, ISO 14001, IATF 16949:2016","Resource efficiency, Precious metals recycling",1,6.8%
Flexible electronics substrates,Cambrios Advanced Materials,"Sunnyvale, California, USA","Sunnyvale (USA), Taipei (Taiwan)",procurement@cambrios.com,www.cambrios.com,4.5,40,"$35,000,000",2002,60,"Michael Spaid, +1-408-933-3100","ISO 9001",21,"Net 30",6,"ISO 9001:2015","Sustainable nanomaterials, Low environmental impact processes",2,21.5%
Advanced radiation detectors,Mirion Technologies,"Atlanta, Georgia, USA","Atlanta (USA), Munich (Germany), Lamanon (France), Shanghai (China)",procurement@mirion.com,www.mirion.com,4.8,120,"$650,000,000",2005,2500,"Thomas Logan, +1-770-432-2744","ISO 9001, ISO 14001, ISO 17025",30,"Net 45",12,"ISO 9001:2015, ISO 14001, ISO 17025","Sustainable safety, Environmental stewardship",1,8.6%
Advanced radiation detectors,Thermo Fisher Scientific,"Waltham, Massachusetts, USA","Waltham (USA), Bremen (Germany), Shanghai (China), Singapore",procurement@thermofisher.com,www.thermofisher.com,4.9,150,"$40,500,000,000",1956,90000,"Marc Casper, +1-781-622-1000","ISO 9001, ISO 14001, ISO 13485",30,"Net 45",12,"ISO 9001:2015, ISO 14001, ISO 13485","Carbon neutrality, Sustainable laboratories",1,6.3%
Advanced radiation detectors,ORTEC (AMETEK),"Oak Ridge, Tennessee, USA","Oak Ridge (USA), Munich (Germany), Farnborough (UK), Tokyo (Japan)",procurement@ortec-online.com,www.ortec-online.com,4.7,100,"$5,500,000,000",1960,18000,"David Zapico, +1-865-482-4411","ISO 9001, ISO 14001",30,"Net 45",12,"ISO 9001:2015, ISO 14001","Energy conservation, Green manufacturing",1,7.5%
Advanced radiation detectors,Kromek Group,"Sedgefield, UK","Sedgefield (UK), Pittsburgh (USA), Saxonburg (USA)",procurement@kromek.com,www.kromek.com,4.6,60,"$15,000,000",2003,170,"Dr. Arnab Basu, +44-1740-626060","ISO 9001, ISO 14001, ISO 13485",21,"Net 30",12,"ISO 9001:2015, ISO 14001, ISO 13485","UK clean growth strategy, Sustainable design",1,16.8%
Advanced radiation detectors,Baltic Scientific Instruments,"Riga, Latvia","Riga (Latvia), Moscow (Russia)",procurement@bsi.lv,www.bsi.lv,4.5,45,"$8,000,000",1994,85,"Victor Gostilo, +371-67-383-947","ISO 9001",21,"Net 30",6,"ISO 9001:2015","EU green initiatives, Energy efficient operations",2,13.5%
Advanced radiation detectors,Canberra (Mirion Technologies),"Meriden, Connecticut, USA","Meriden (USA), Lingolsheim (France), Olen (Belgium), Tokyo (Japan)",procurement@canberra.com,www.mirion.com/canberra,4.7,110,"$250,000,000",1965,1000,"Thomas Logan, +1-203-639-2345","ISO 9001, ISO 14001",30,"Net 45",12,"ISO 9001:2015, ISO 14001","Sustainable manufacturing, Eco-friendly design",1,6.9%
Advanced radiation detectors,CAEN SpA,"Viareggio, Italy","Viareggio (Italy), Dresden (Germany), New York (USA), Shanghai (China)",procurement@caen.it,www.caen.it,4.6,70,"$45,000,000",1979,200,"Dr. Gianni Pauletta, +39-0584-388-398","ISO 9001",21,"Net 30",6,"ISO 9001:2015","Italian environmental initiatives, Energy efficiency",1,9.5%
Advanced radiation detectors,Saint-Gobain Crystals,"Hiram, Ohio, USA","Hiram (USA), Nemours (France), La Rochelle (France), Chennai (India)",procurement@saint-gobain.com,www.crystals.saint-gobain.com,4.8,90,"$43,800,000,000",1665,167000,"Pierre-André de Chalendar, +1-440-834-5600","ISO 9001, ISO 14001, IATF 16949",30,"Net 45",12,"ISO 9001:2015, ISO 14001, IATF 16949:2016","Net Zero Carbon 2050, Circular economy materials",1,5.2%
Advanced radiation detectors,Rapiscan Systems,"Torrance, California, USA","Torrance (USA), Crawley (UK), Bengaluru (India), Singapore",procurement@rapiscansystems.com,www.rapiscansystems.com,4.7,80,"$950,000,000",1993,3000,"Peter Kant, +1-310-978-1457","ISO 9001, ISO 14001",30,"Net 45",12,"ISO 9001:2015, ISO 14001","Sustainable security solutions, Energy efficient systems",1,7.8%
Germanium-tin lasers,Intel Corporation,"Santa Clara, California, USA","Santa Clara (USA), Hillsboro (USA), Chandler (USA), Haifa (Israel)",procurement@intel.com,www.intel.com,4.9,130,"$79,000,000,000",1968,121000,"Patrick Gelsinger, +1-408-765-8080","ISO 9001, ISO 14001, IATF 16949",30,"Net 45",12,"ISO 9001:2015, ISO 14001, IATF 16949:2016","RISE 2030 strategy, Carbon neutral computing",1,3.8%
Germanium-tin lasers,IBM Research,"Yorktown Heights, New York, USA","Yorktown Heights (USA), Albany (USA), Zurich (Switzerland), Tokyo (Japan)",procurement@us.ibm.com,www.research.ibm.com,4.8,110,"$73,600,000,000",1911,350000,"Dr. Dario Gil, +1-914-945-3000","ISO 9001, ISO 14001, ISO 27001",30,"Net 45",12,"ISO 9001:2015, ISO 14001, ISO 27001:2013","Net Zero GHG by 2030, Water conservation",1,3.6%
Germanium-tin lasers,Ayar Labs,"Santa Clara, California, USA","Santa Clara (USA), Boston (USA)",procurement@ayarlabs.com,www.ayarlabs.com,4.6,40,"$195,000,000",2015,120,"Charles Wuischpard, +1-650-704-3900","ISO 9001, ISO 14001",21,"Net 30",6,"ISO 9001:2015, ISO 14001","Energy efficient computing, Sustainable photonics",2,42.5%
Germanium-tin lasers,IQE plc,"Cardiff, UK","Cardiff (UK), Greensboro (USA), Hsinchu (Taiwan), Singapore",procurement@iqep.com,www.iqep.com,4.7,95,"$178,000,000",1988,650,"Dr. Drew Nelson, +44-29-2083-9400","ISO 9001, ISO 14001",21,"Net 30",12,"ISO 9001:2015, ISO 14001","Green semiconductor technology, Resource efficiency",1,12.4%
Germanium-tin lasers,IMEC,"Leuven, Belgium","Leuven (Belgium), Eindhoven (Netherlands), San Francisco (USA), Hsinchu (Taiwan)",procurement@imec.be,www.imec-int.com,4.8,80,"$750,000,000",1984,4500,"Luc Van den hove, +32-16-281-211","ISO 9001, ISO 14001, ISO 17025",21,"Net 30",12,"ISO 9001:2015, ISO 14001, ISO 17025","European climate-neutral research, Sustainable fab",1,13.6%
Germanium-tin lasers,CEA-Leti,"Grenoble, France","Grenoble (France), Paris (France), San Francisco (USA), Tokyo (Japan)",procurement@cea.fr,www.leti-cea.com,4.7,70,"$580,000,000",1967,1900,"Dr. Emmanuel Sabonnadiere, +33-4-3878-4414","ISO 9001, ISO 14001",21,"Net 30",12,"ISO 9001:2015, ISO 14001","French green tech initiatives, Low-carbon research",1,8.9%
Germanium-tin lasers,TSMC,"Hsinchu, Taiwan","Hsinchu (Taiwan), Tainan (Taiwan), Camas (USA), Nanjing (China)",procurement@tsmc.com,www.tsmc.com,4.9,150,"$73,600,000,000",1987,65000,"Dr. C.C. Wei, +886-3-563-6688","ISO 9001, ISO 14001, IATF 16949",45,"Net 60",18,"ISO 9001:2015, ISO 14001, IATF 16949:2016","Net Zero emissions 2050, Circular economy initiatives",1,4.5%
Germanium-tin lasers,Optoelectronics Research Centre (University of Southampton),"Southampton, UK","Southampton (UK), Cambridge (UK)",procurement@soton.ac.uk,www.orc.soton.ac.uk,4.6,35,"$120,000,000",1989,250,"Prof. David Richardson, +44-23-8059-3954","ISO 9001",21,"Net 30",6,"ISO 9001:2015","UK sustainable research, Clean optoelectronics",2,18.5%
Germanium-tin lasers,Peter Grünberg Institute (Forschungszentrum Jülich),"Jülich, Germany","Jülich (Germany), Aachen (Germany)",procurement@fz-juelich.de,www.fz-juelich.de/pgi,4.7,30,"$830,000,000",1956,7000,"Prof. Dr. Detlev Grützmacher, +49-2461-61-2990","ISO 9001, ISO 14001",21,"Net 30",6,"ISO 9001:2015, ISO 14001","German sustainability initiative, Green campus operations",2,15.8%
Space-based germanium photovoltaics,Airbus Defence and Space,"Toulouse, France","Toulouse (France), Munich (Germany), Stevenage (UK), Madrid (Spain)",procurement@airbus.com,www.airbus.com/defence-space,4.9,180,"$59,800,000,000",1970,134000,"Michael Schoellhorn, +33-5-82-05-20-00","ISO 9001, ISO 14001, AS9100",45,"Net 60",24,"ISO 9001:2015, ISO 14001, AS9100D","Sustainable aerospace, Carbon neutrality 2050",1,5.2%
Space-based germanium photovoltaics,Boeing Satellite Systems,"El Segundo, California, USA","El Segundo (USA), Houston (USA), Huntington Beach (USA), Seattle (USA)",procurement@boeing.com,www.boeing.com/space,4.8,160,"$62,300,000,000",1916,141000,"David Calhoun, +1-310-364-6000","ISO 9001, AS9100, ISO 14001",45,"Net 60",24,"ISO 9001:2015, AS9100D, ISO 14001","Sustainable operations vision 2050, Clean tech",1,2.8%
Space-based germanium photovoltaics,Lockheed Martin Space,"Littleton, Colorado, USA","Littleton (USA), Sunnyvale (USA), Valley Forge (USA), Denver (USA)",procurement@lmco.com,www.lockheedmartin.com/space,4.8,170,"$65,400,000,000",1912,114000,"James Taiclet, +1-303-977-3000","ISO 9001, AS9100, ISO 14001",45,"Net 60",24,"ISO 9001:2015, AS9100D, ISO 14001","Go green initiative, Sustainability excellence",1,3.2%
Space-based germanium photovoltaics,Thales Alenia Space,"Cannes, France","Cannes (France), Rome (Italy), Turin (Italy), Madrid (Spain)",procurement@thalesaleniaspace.com,www.thalesaleniaspace.com,4.7,150,"$18,500,000,000",2005,7700,"Hervé Derrey, +33-4-92-92-70-00","ISO 9001, ISO 14001, AS9100",30,"Net 45",18,"ISO 9001:2015, ISO 14001, AS9100D","European green deal, Low carbon missions",1,6.3%
Space-based germanium photovoltaics,SolAero Technologies,"Albuquerque, New Mexico, USA","Albuquerque (USA), Bernin (France)",procurement@solaerotech.com,www.solaerotech.com,4.7,130,"$120,000,000",1998,300,"Brad Clevenger, +1-505-332-5000","ISO 9001, AS9100",30,"Net 45",12,"ISO 9001:2015, AS9100D","Renewable energy practices, Zero waste initiative",1,15.4%
Space-based germanium photovoltaics,Spectrolab (Boeing),"Sylmar, California, USA","Sylmar (USA), El Segundo (USA)",procurement@spectrolab.com,www.spectrolab.com,4.8,140,"$250,000,000",1956,380,"Tony Mueller, +1-818-365-4611","ISO 9001, AS9100",30,"Net 45",12,"ISO 9001:2015, AS9100D","Boeing ecoDemonstrator program, Energy efficient ops",1,11.2%
Space-based germanium photovoltaics,AZUR SPACE Solar Power,"Heilbronn, Germany","Heilbronn (Germany), Baden-Württemberg (Germany)",procurement@azurspace.com,www.azurspace.com,4.7,120,"$85,000,000",1964,250,"Jürgen Heizmann, +49-7131-67-2603","ISO 9001, ISO 14001",21,"Net 30",12,"ISO 9001:2015, ISO 14001","Green solar manufacturing, German climate policy",1,12.5%
Space-based germanium photovoltaics,Emcore Corporation,"Alhambra, California, USA","Alhambra (USA), Albuquerque (USA), Concord (USA)",procurement@emcore.com,www.emcore.com,4.6,110,"$125,000,000",1984,300,"Jeff Rittichier, +1-626-293-3400","ISO 9001, AS9100",21,"Net 30",12,"ISO 9001:2015, AS9100D","Clean energy initiatives, Sustainable manufacturing",1,9.2%
Space-based germanium photovoltaics,MicroLink Devices,"Niles, Illinois, USA","Niles (USA), Ann Arbor (USA)",procurement@mldevices.com,www.mldevices.com,4.5,60,"$35,000,000",2000,75,"Dr. Noren Pan, +1-847-588-3001","ISO 9001",21,"Net 30",6,"ISO 9001:2015","Resource efficiency, Minimized waste production",2,24.8%
Next-generation memory devices,Samsung Electronics,"Suwon, South Korea","Suwon (South Korea), Austin (USA), Hwaseong (South Korea), Xi'an (China)",procurement@samsung.com,www.samsung.com/semiconductor,4.9,200,"$197,700,000,000",1969,267000,"Kim Ki-nam, +82-2-2255-0114","ISO 9001, ISO 14001, IATF 16949",30,"Net 45",12,"ISO 9001:2015, ISO 14001, IATF 16949:2016","Carbon neutrality by 2050, Circular economy",1,3.2%
Next-generation memory devices,SK hynix,"Icheon, South Korea","Icheon (South Korea), Wuxi (China), Chongqing (China), San Jose (USA)",procurement@skhynix.com,www.skhynix.com,4.8,180,"$35,800,000,000",1983,36000,"Lee Seok-hee, +82-31-630-4114","ISO 9001, ISO 14001, IATF 16949",30,"Net 45",12,"ISO 9001:2015, ISO 14001, IATF 16949:2016","ECO Alliance 2030, Green factories initiative",1,5.6%
Next-generation memory devices,Micron Technology,"Boise, Idaho, USA","Boise (USA), Singapore, Taichung (Taiwan), Hiroshima (Japan)",procurement@micron.com,www.micron.com,4.8,160,"$30,800,000,000",1978,48000,"Sanjay Mehrotra, +1-208-368-4000","ISO 9001, ISO 14001, IATF 16949",30,"Net 45",12,"ISO 9001:2015, ISO 14001, IATF 16949:2016","Net Zero 2050, Sustainable materials usage",1,4.3%
Next-generation memory devices,Western Digital,"San Jose, California, USA","San Jose (USA), Irvine (USA), Bangkok (Thailand), Shanghai (China)",procurement@wdc.com,www.westerndigital.com,4.7,140,"$16,900,000,000",1970,63800,"David Goeckeler, +1-408-717-6000","ISO 9001, ISO 14001",21,"Net 30",12,"ISO 9001:2015, ISO 14001","Responsible manufacturing, Smart material usage",1,3.8%
Next-generation memory devices,Kioxia (formerly Toshiba Memory),"Tokyo, Japan","Tokyo (Japan), Yokkaichi (Japan), Iwate (Japan), San Jose (USA)",procurement@kioxia.com,www.kioxia.com,4.7,150,"$11,800,000,000",2018,14500,"Nobuo Hayasaka, +81-3-6478-2300","ISO 9001, ISO 14001",30,"Net 45",12,"ISO 9001:2015, ISO 14001","Japanese Green IT initiative, Sustainable operations",1,6.8%
Next-generation memory devices,Intel Memory Solutions,"Santa Clara, California, USA","Santa Clara (USA), Folsom (USA), Rio Rancho (USA), Dalian (China)",memory.procurement@intel.com,www.intel.com/memory,4.8,170,"$79,000,000,000",1968,121000,"Patrick Gelsinger, +1-408-765-8080","ISO 9001, ISO 14001, IATF 16949",30,"Net 45",12,"ISO 9001:2015, ISO 14001, IATF 16949:2016","RISE 2030 strategy, Circular economy practices",1,2.6%
Next-generation memory devices,Adesto Technologies (Dialog Semiconductor),"Santa Clara, California, USA","Santa Clara (USA), Graz (Austria), Athens (Greece)",procurement@dialog-semiconductor.com,www.dialog-semiconductor.com,4.6,60,"$1,380,000,000",1981,2400,"Jalal Bagherli, +1-408-329-4400","ISO 9001, ISO 14001",21,"Net 30",6,"ISO 9001:2015, ISO 14001","Green semiconductor solutions, Resource efficiency",2,11.5%
Next-generation memory devices,IMEC,"Leuven, Belgium","Leuven (Belgium), Eindhoven (Netherlands), San Francisco (USA), Hsinchu (Taiwan)",procurement@imec.be,www.imec-int.com,4.8,70,"$750,000,000",1984,4500,"Luc Van den hove, +32-16-281-211","ISO 9001, ISO 14001, ISO 17025",21,"Net 30",12,"ISO 9001:2015, ISO 14001, ISO 17025","European green deal research, Carbon-neutral operations",1,14.2%
Next-generation memory devices,Crossbar Inc.,"Santa Clara, California, USA","Santa Clara (USA), Shanghai (China), Tokyo (Japan)",procurement@crossbar-inc.com,www.crossbar-inc.com,4.5,50,"$80,000,000",2010,60,"Mark Davis, +1-408-617-2303","ISO 9001",21,"Net 30",6,"ISO 9001:2015","Energy efficient memory, Sustainable electronics",2,32.5%
Phase change memory materials,STMicroelectronics,"Geneva, Switzerland","Geneva (Switzerland), Grenoble (France), Catania (Italy), Singapore",procurement@st.com,www.st.com,4.8,140,"$12,800,000,000",1987,46000,"Jean-Marc Chery, +41-22-929-29-29","ISO 9001, ISO 14001, IATF 16949",30,"Net 45",12,"ISO 9001:2015, ISO 14001, IATF 16949:2016","Carbon neutral by 2027, Sustainable technology program",1,7.8%
Phase change memory materials,IBM Research,"Yorktown Heights, New York, USA","Yorktown Heights (USA), Zurich (Switzerland), Tokyo (Japan), Beijing (China)",procurement@us.ibm.com,www.research.ibm.com,4.9,120,"$73,600,000,000",1911,350000,"Dr. Dario Gil, +1-914-945-3000","ISO 9001, ISO 14001, ISO 27001",30,"Net 45",12,"ISO 9001:2015, ISO 14001, ISO 27001:2013","Net Zero GHG by 2030, Circular economy practices",1,3.2%
Phase change memory materials,Infineon Technologies,"Neubiberg, Germany","Neubiberg (Germany), Dresden (Germany), Austin (USA), Singapore",procurement@infineon.com,www.infineon.com,4.7,130,"$11,100,000,000",1999,49000,"Dr. Reinhard Ploss, +49-89-234-0","ISO 9001, ISO 14001, IATF 16949",30,"Net 45",12,"ISO 9001:2015, ISO 14001, IATF 16949:2016","Carbon neutrality 2030, Green manufacturing",1,6.8%
Phase change memory materials,Macronix International,"Hsinchu, Taiwan","Hsinchu (Taiwan), Taipei (Taiwan), San Jose (USA), Yokohama (Japan)",procurement@macronix.com,www.macronix.com,4.6,90,"$1,400,000,000",1989,4200,"Miin Wu, +886-3-578-6688","ISO 9001, ISO 14001, IATF 16949",30,"Net 45",12,"ISO 9001:2015, ISO 14001, IATF 16949:2016","Energy efficiency program, Green operations",1,8.2%
Phase change memory materials,Applied Materials,"Santa Clara, California, USA","Santa Clara (USA), Austin (USA), Singapore, Rehovot (Israel)",procurement@amat.com,www.appliedmaterials.com,4.8,110,"$23,060,000,000",1967,27000,"Gary Dickerson, +1-408-727-5555","ISO 9001, ISO 14001",30,"Net 45",12,"ISO 9001:2015, ISO 14001","Applied 2030 vision, Eco-efficient manufacturing",1,7.5%
Phase change memory materials,IMEC,"Leuven, Belgium","Leuven (Belgium), Eindhoven (Netherlands), San Francisco (USA)",procurement@imec.be,www.imec-int.com,4.7,60,"$750,000,000",1984,4500,"Luc Van den hove, +32-16-281-211","ISO 9001, ISO 14001, ISO 17025",21,"Net 30",12,"ISO 9001:2015, ISO 14001, ISO 17025","European sustainable research, Carbon-neutral operations",1,13.5%
Phase change memory materials,Intermolecular Inc. (Merck Group),"San Jose, California, USA","San Jose (USA), Darmstadt (Germany), Shanghai (China)",procurement@intermolecular.com,www.intermolecular.com,4.5,70,"$17,500,000,000",2004,60000,"Dr. Kai Beckmann, +1-408-582-5700","ISO 9001, ISO 14001",21,"Net 30",6,"ISO 9001:2015, ISO 14001","Sustainable material discovery, Green chemistry",1,12.2%
Phase change memory materials,NXP Semiconductors,"Eindhoven, Netherlands","Eindhoven (Netherlands), Hamburg (Germany), Austin (USA), Shanghai (China)",procurement@nxp.com,www.nxp.com,4.7,100,"$8,600,000,000",2006,29000,"Kurt Sievers, +31-40-272-0000","ISO 9001, ISO 14001, IATF 16949",30,"Net 45",12,"ISO 9001:2015, ISO 14001, IATF 16949:2016","Green innovation, Carbon footprint reduction",1,5.8%
Phase change memory materials,Intel Labs,"Santa Clara, California, USA","Santa Clara (USA), Hillsboro (USA), Bangalore (India), Munich (Germany)",procurement@intel.com,www.intel.com/labs,4.8,150,"$79,000,000,000",1968,121000,"Rich Uhlig, +1-408-765-8080","ISO 9001, ISO 14001, IATF 16949",30,"Net 45",12,"ISO 9001:2015, ISO 14001, IATF 16949:2016","RISE sustainability strategy, Energy efficient computing",1,2.5%
Quantum well infrared photodetectors,FLIR Systems,"Wilsonville, Oregon, USA","Wilsonville (USA), Stockholm (Sweden), Täby (Sweden), Santa Barbara (USA)",procurement@flir.com,www.flir.com,4.7,120,"$1,900,000,000",1978,4200,"James Cannon, +1-503-498-3547","ISO 9001, ISO 14001, AS9100",30,"Net 45",12,"ISO 9001:2015, ISO 14001, AS9100D","Sustainable operations, Energy efficiency initiatives",1,8.4%
Quantum well infrared photodetectors,Leonardo DRS,"Arlington, Virginia, USA","Arlington (USA), Melbourne (USA), Dallas (USA), Rome (Italy)",procurement@drs.com,www.leonardodrs.com,4.6,110,"$14,100,000,000",1969,45000,"William Lynn, +1-703-416-8000","ISO 9001, ISO 14001, AS9100",30,"Net 45",12,"ISO 9001:2015, ISO 14001, AS9100D","EU green deal compliant, Environmental stewardship",1,5.5%
Quantum well infrared photodetectors,Teledyne DALSA,"Waterloo, Ontario, Canada","Waterloo (Canada), Montreal (Canada), Eindhoven (Netherlands), Osaka (Japan)",procurement@teledynedalsa.com,www.teledynedalsa.com,4.6,90,"$3,200,000,000",1980,10500,"Dr. Edwin Roks, +1-519-886-6000","ISO 9001, ISO 14001",21,"Net 30",12,"ISO 9001:2015, ISO 14001","Canadian green tech initiatives, Resource efficiency",1,6.8%
Quantum well infrared photodetectors,QmagiQ,"Nashua, New Hampshire, USA","Nashua (USA), Boston (USA)",procurement@qmagiq.com,www.qmagiq.com,4.5,40,"$12,000,000",2000,45,"Dr. Mani Sundaram, +1-603-821-0366","ISO 9001",21,"Net 30",6,"ISO 9001:2015","Energy efficient sensing, Low carbon footprint",2,18.5%
Quantum well infrared photodetectors,VIGO System,"Ozarow Mazowiecki, Poland","Ozarow Mazowiecki (Poland), Warsaw (Poland)",procurement@vigo.com.pl,www.vigo.com.pl,4.6,60,"$15,000,000",1987,150,"Adam Piotrowski, +48-22-733-54-10","ISO 9001, ISO 14001",21,"Net 30",6,"ISO 9001:2015, ISO 14001","European green manufacturing, Sustainable electronics",2,14.3%
Quantum well infrared photodetectors,IRnova AB,"Kista, Sweden","Kista (Sweden), Stockholm (Sweden)",procurement@irnova.se,www.irnova.se,4.5,50,"$18,000,000",2001,65,"Andres Laas, +46-8-562-900-30","ISO 9001",21,"Net 30",6,"ISO 9001:2015","Swedish sustainable tech, Clean manufacturing",2,15.8%
Quantum well infrared photodetectors,Hamamatsu Photonics,"Hamamatsu, Japan","Hamamatsu (Japan), Beijing (China), Herrsching (Germany), Bridgewater (USA)",procurement@hamamatsu.com,www.hamamatsu.com,4.8,100,"$1,200,000,000",1953,5500,"Akira Hiruma, +81-53-452-2141","ISO 9001, ISO 14001, ISO 13485",30,"Net 45",12,"ISO 9001:2015, ISO 14001, ISO 13485","Japanese eco-management, Sustainable operations",1,6.5%
Quantum well infrared photodetectors,Infratec GmbH,"Dresden, Germany","Dresden (Germany), Dallas (USA), Shanghai (China)",procurement@infratec.de,www.infratec.de,4.7,70,"$55,000,000",1991,250,"Dr. Matthias Kramer, +49-351-871-8610","ISO 9001, ISO 14001",21,"Net 30",12,"ISO 9001:2015, ISO 14001","German sustainability standards, Resource efficiency",2,11.3%
Quantum well infrared photodetectors,Xenics NV,"Leuven, Belgium","Leuven (Belgium), Singapore, Boston (USA)",procurement@xenics.com,www.xenics.com,4.6,60,"$22,000,000",2000,100,"Paul Ryckaert, +32-16-380-186","ISO 9001",21,"Net 30",6,"ISO 9001:2015","EU environmental compliance, Energy efficiency",2,16.7%
Photonic integrated circuits,Cisco Systems,"San Jose, California, USA","San Jose (USA), Research Triangle Park (USA), Bangalore (India), Shanghai (China)",procurement@cisco.com,www.cisco.com,4.8,150,"$49,300,000,000",1984,77500,"Chuck Robbins, +1-408-526-4000","ISO 9001, ISO 14001, TL 9000",30,"Net 45",12,"ISO 9001:2015, ISO 14001, TL 9000","Net Zero GHG emissions by 2040, Circular IT",1,3.7%
Photonic integrated circuits,Infinera Corporation,"Sunnyvale, California, USA","Sunnyvale (USA), Allentown (USA), Ottawa (Canada), Bangalore (India)",procurement@infinera.com,www.infinera.com,4.7,90,"$1,400,000,000",2000,3200,"David Heard, +1-408-213-6600","ISO 9001, ISO 14001, TL 9000",30,"Net 45",12,"ISO 9001:2015, ISO 14001, TL 9000","Sustainable optical solutions, Energy optimization",1,12.3%
Photonic integrated circuits,Acacia Communications (Cisco),"Maynard, Massachusetts, USA","Maynard (USA), Holmdel (USA), San Jose (USA), Bangalore (India)",procurement@acacia-inc.com,www.acacia-inc.com,4.6,70,"$580,000,000",2009,400,"Raj Shanmugaraj, +1-978-938-4896","ISO 9001, TL 9000",21,"Net 30",12,"ISO 9001:2015, TL 9000","Green photonics initiative, Energy efficient networks",2,15.4%
Photonic integrated circuits,NeoPhotonics,"San Jose, California, USA","San Jose (USA), Shenzhen (China), Tokyo (Japan), Ottawa (Canada)",procurement@neophotonics.com,www.neophotonics.com,4.5,60,"$371,000,000",1996,1700,"Timothy Jenks, +1-408-232-9200","ISO 9001, ISO 14001",21,"Net 30",12,"ISO 9001:2015, ISO 14001","Low-carbon optical networks, Sustainable manufacturing",2,8.6%
Photonic integrated circuits,II-VI Incorporated,"Saxonburg, Pennsylvania, USA","Saxonburg (USA), Santa Rosa (USA), Shanghai (China), Zurich (Switzerland)",procurement@ii-vi.com,www.ii-vi.com,4.7,120,"$3,100,000,000",1971,22000,"Dr. Vincent Mattera Jr., +1-724-352-4455","ISO 9001, ISO 14001, IATF 16949",30,"Net 45",12,"ISO 9001:2015, ISO 14001, IATF 16949:2016","Sustainable sourcing, Carbon neutrality target",1,9.3%
Photonic integrated circuits,Luxtera (Cisco),"Carlsbad, California, USA","Carlsbad (USA), San Jose (USA), Bangalore (India)",procurement@luxtera.com,www.luxtera.com,4.6,50,"$250,000,000",2001,300,"Greg Young, +1-760-448-3520","ISO 9001",21,"Net 30",6,"ISO 9001:2015","Low power silicon photonics, Sustainable design",2,18.5%
Photonic integrated circuits,Huawei Technologies,"Shenzhen, China","Shenzhen (China), Dongguan (China), Munich (Germany), Ottawa (Canada)",procurement@huawei.com,www.huawei.com,4.8,180,"$136,700,000,000",1987,197000,"Ren Zhengfei, +86-755-2878-0808","ISO 9001, ISO 14001, TL 9000",45,"Net 60",18,"ISO 9001:2015, ISO 14001, TL 9000","Digital power 2030 initiative, Green partner program",1,4.5%
Photonic integrated circuits,Nokia Bell Labs,"Murray Hill, New Jersey, USA","Murray Hill (USA), Espoo (Finland), Paris (France), Stuttgart (Germany)",procurement@bell-labs.com,www.bell-labs.com,4.7,130,"$23,300,000,000",1925,98000,"Pekka Lundmark, +1-908-582-3000","ISO 9001, ISO 14001, TL 9000",30,"Net 45",12,"ISO 9001:2015, ISO 14001, TL 9000","Zero emissions by 2040, Green manufacturing",1,2.8%
Photonic integrated circuits,VLC Photonics,"Valencia, Spain","Valencia (Spain), Eindhoven (Netherlands)",procurement@vlcphotonics.com,www.vlcphotonics.com,4.5,40,"$8,500,000",2011,35,"Dr. Pascual Muñoz, +34-96-387-9935","ISO 9001",21,"Net 30",6,"ISO 9001:2015","European green deal compliance, Eco-design principles",2,22.3%
Germanium quantum computing components,IBM Quantum,"Yorktown Heights, New York, USA","Yorktown Heights (USA), Zurich (Switzerland), Tokyo (Japan), Melbourne (Australia)",procurement@ibm.com,www.ibm.com/quantum-computing,4.9,90,"$73,600,000,000",1911,350000,"Dr. Dario Gil, +1-914-945-3000","ISO 9001, ISO 14001, ISO 27001",30,"Net 45",12,"ISO 9001:2015, ISO 14001, ISO 27001:2013","Net Zero GHG by 2030, Quantum-efficient computing",1,18.5%
Germanium quantum computing components,Intel Quantum Computing,"Santa Clara, California, USA","Santa Clara (USA), Hillsboro (USA), Delft (Netherlands), Qutech (Netherlands)",quantum.procurement@intel.com,www.intel.com/quantum,4.8,70,"$79,000,000,000",1968,121000,"James Clarke, +1-408-765-8080","ISO 9001, ISO 14001, IATF 16949",30,"Net 45",12,"ISO 9001:2015, ISO 14001, IATF 16949:2016","RISE sustainability strategy, Energy efficient computing",1,10.5%
Germanium quantum computing components,Google Quantum AI,"Santa Barbara, California, USA","Santa Barbara (USA), Mountain View (USA), Delft (Netherlands), Zurich (Switzerland)",quantum.procurement@google.com,quantumai.google,4.9,65,"$257,600,000,000",1998,156000,"Hartmut Neven, +1-650-253-0000","ISO 9001, ISO 14001, ISO 27001",30,"Net 45",12,"ISO 9001:2015, ISO 14001, ISO 27001:2013","24/7 Carbon-free energy by 2030, Quantum sustainability",1,20.8%
Germanium quantum computing components,Rigetti Computing,"Berkeley, California, USA","Berkeley (USA), Fremont (USA), London (UK), Adelaide (Australia)",procurement@rigetti.com,www.rigetti.com,4.7,50,"$32,000,000",2013,140,"Chad Rigetti, +1-510-771-1686","ISO 9001",21,"Net 30",6,"ISO 9001:2015","Sustainable quantum computing, Energy efficiency",2,38.5%
Germanium quantum computing components,IonQ,"College Park, Maryland, USA","College Park (USA), Seattle (USA), Durham (USA)",procurement@ionq.com,www.ionq.com,4.6,40,"$20,000,000",2015,180,"Peter Chapman, +1-301-298-7997","ISO 9001",21,"Net 30",6,"ISO 9001:2015","Energy efficient quantum, Sustainable technology",2,52.3%
Germanium quantum computing components,QuTech (TU Delft and TNO),"Delft, Netherlands","Delft (Netherlands), Amsterdam (Netherlands), Eindhoven (Netherlands)",procurement@qutech.nl,www.qutech.nl,4.7,55,"$45,000,000",2013,250,"Prof. Lieven Vandersypen, +31-15-278-6124","ISO 9001, ISO 14001",21,"Net 30",6,"ISO 9001:2015, ISO 14001","Dutch sustainability initiative, European green deal",1,25.6%
Germanium quantum computing components,Quantum Brilliance,"Canberra, Australia","Canberra (Australia), Stuttgart (Germany), Chicago (USA)",procurement@quantumbrilliance.com,www.quantumbrilliance.com,4.5,30,"$18,000,000",2019,60,"Dr. Marcus Doherty, +61-2-6125-5195","ISO 9001",21,"Net 30",6,"ISO 9001:2015","Room temperature quantum, Low energy computing",2,65.2%
Germanium quantum computing components,D-Wave Systems,"Burnaby, British Columbia, Canada","Burnaby (Canada), Palo Alto (USA), Tokyo (Japan)",procurement@dwavesys.com,www.dwavesys.com,4.8,60,"$150,000,000",1999,200,"Alan Baratz, +1-604-630-1428","ISO 9001, ISO 14001",21,"Net 30",12,"ISO 9001:2015, ISO 14001","Canadian green innovation, Quantum efficiency",1,18.4%
Germanium quantum computing components,Quantum Motion Technologies,"London, UK","London (UK), Oxford (UK), Cambridge (UK)",procurement@quantummotion.tech,www.quantummotion.tech,4.5,25,"$12,000,000",2017,45,"Prof. John Morton, +44-20-7679-7701","ISO 9001",21,"Net 30",6,"ISO 9001:2015","UK clean growth strategy, Sustainable quantum tech",2,58.7%
Aerospace heat sensors,Honeywell Aerospace,"Phoenix, Arizona, USA","Phoenix (USA), Plymouth (UK), Chihuahua (Mexico), Bangalore (India)",aero.sensors@honeywell.com,www.aerospace.honeywell.com,4.8,650,"$34,400,000,000",1906,103000,"Mike Madsen, +1-602-365-3099","AS9100D, ISO 9001, NADCAP",60,"Net 60",24,"AS9100D, ISO 9001:2015","Honeywell Sustainable Opportunity Policy, Net zero by 2035",1,3.8%
Aerospace heat sensors,Safran Sensing Technologies,"Paris, France","Paris (France), Irving (USA), Singapore, Bangalore (India)",procurement.sensing@safran-group.com,www.safran-group.com,4.7,580,"$21,900,000,000",2005,79000,"Olivier Andriès, +33-1-4060-8080","AS9100D, ISO 9001, NADCAP",45,"Net 45",24,"AS9100D, ISO 9001:2015","Climate strategy 2025, Eco-design approach",1,4.1%
Aerospace heat sensors,Meggitt Sensing Systems,"Fribourg, Switzerland","Fribourg (Switzerland), Irvine (USA), Basingstoke (UK), Shanghai (China)",procurement.sensing@meggitt.com,www.meggitt.com,4.6,430,"$2,300,000,000",1947,9000,"Tony Wood, +41-26-407-1111","AS9100D, ISO 9001, NADCAP",30,"Net 45",24,"AS9100D, ISO 9001:2015","Environmental sustainability charter, Energy management system",1,2.9%
Aerospace heat sensors,Kulite Semiconductor Products,"Leonia, New Jersey, USA","Leonia (USA), Basingstoke (UK), Shenzhen (China)",procurement@kulite.com,www.kulite.com,4.5,290,"$220,000,000",1959,1800,"Joseph VanDeWeert, +1-201-461-0000","AS9100D, ISO 9001",45,"Net 45",12,"AS9100D, ISO 9001:2015","Sustainable manufacturing practices, Waste reduction program",2,6.2%
Aerospace heat sensors,TE Connectivity Sensors,"Schaffhausen, Switzerland","Schaffhausen (Switzerland), Berwyn (USA), Fuzhou (China), Bangalore (India)",sensors.procurement@te.com,www.te.com/sensors,4.7,810,"$15,200,000,000",1941,80000,"Heath Mitts, +41-52-633-6666","AS9100D, ISO 9001, IATF 16949",30,"Net 45",24,"AS9100D, ISO 9001:2015","TE Connectivity 2030 One Connected World strategy, Carbon neutral by 2030",1,5.7%
Aerospace heat sensors,Amphenol Advanced Sensors,"St. Marys, Pennsylvania, USA","St. Marys (USA), Pune (India), Shenzhen (China)",adv.sensors@amphenol.com,www.amphenol-sensors.com,4.6,380,"$10,900,000,000",1932,90000,"R. Adam Norwitt, +1-203-265-8900","AS9100D, ISO 9001",30,"Net 30",12,"AS9100D, ISO 9001:2015","Amphenol sustainability initiative, Energy efficiency program",1,7.8%
Aerospace heat sensors,AMETEK Aerospace,"Berwyn, Pennsylvania, USA","Wilmington (USA), Bournemouth (UK), Singapore",aero.procurement@ametek.com,www.ametek.com,4.7,410,"$6,200,000,000",1930,19000,"David Zapico, +1-610-647-2121","AS9100D, ISO 9001, NADCAP",45,"Net 45",12,"AS9100D, ISO 9001:2015","2035 environmental targets, Sustainable operations",1,5.2%
Aerospace heat sensors,Sensata Technologies,"Attleboro, Massachusetts, USA","Attleboro (USA), Almelo (Netherlands), Changzhou (China)",aero.procurement@sensata.com,www.sensata.com,4.5,520,"$4,000,000,000",1916,21000,"Jeffrey Cote, +1-508-236-3800","AS9100D, ISO 9001, IATF 16949",30,"Net 45",12,"AS9100D, ISO 9001:2015","Sensata sustainable solutions program, Carbon footprint reduction",1,4.8%
Aerospace heat sensors,TAT Technologies,"Gedera, Israel","Gedera (Israel), Tulsa (USA), Kiryat Gat (Israel)",procurement@tat-technologies.com,www.tat-technologies.com,4.4,180,"$93,000,000",1969,500,"Igal Zamir, +972-8-862-8500","AS9100D, ISO 9001",30,"Net 45",12,"AS9100D, ISO 9001:2015","Environmental management system, Resource efficiency initiative",2,6.5%
Aerospace heat sensors,TransDigm Group (CurtissWright),"Cleveland, Ohio, USA","Cleveland (USA), Stillington (UK), Singapore",procurement@curtisswright.com,www.transdigm.com,4.5,340,"$5,100,000,000",1993,14200,"Kevin Stein, +1-216-706-2960","AS9100D, ISO 9001",45,"Net 45",24,"AS9100D, ISO 9001:2015","Sustainable operations program, Waste reduction initiative",1,9.1%
Biologically-inspired brain structures,IBM Research,"Yorktown Heights, New York, USA","Yorktown Heights (USA), Zurich (Switzerland), Tokyo (Japan), Beijing (China)",neuromorphic.proc@ibm.com,www.research.ibm.com,4.8,120,"$73,600,000,000",1911,350000,"Arvind Krishna, +1-914-945-3000","ISO 9001, ISO 14001",60,"Net 60",24,"ISO 9001:2015, ISO 14001:2015","IBM Environmental Affairs Program, Carbon neutrality by 2030",1,5.2%
Biologically-inspired brain structures,Intel Neuromorphic Lab,"Santa Clara, California, USA","Santa Clara (USA), Hillsboro (USA), Munich (Germany), Bangalore (India)",neuromorphic.proc@intel.com,www.intel.com/neuromorphic,4.7,150,"$79,000,000,000",1968,121100,"Pat Gelsinger, +1-408-765-8080","ISO 9001, ISO 14001",45,"Net 45",24,"ISO 9001:2015, ISO 14001:2015","Intel RISE strategy, 2030 sustainability goals",1,3.8%
Biologically-inspired brain structures,BrainChip Holdings,"Laguna Hills, California, USA","Laguna Hills (USA), Toulous (France), Perth (Australia)",procurement@brainchip.com,www.brainchip.com,4.5,80,"$18,000,000",2011,115,"Sean Hehir, +1-949-330-6750","ISO 9001",30,"Net 30",12,"ISO 9001:2015","Energy-efficient AI systems, Sustainable edge computing",2,27.5%
Biologically-inspired brain structures,SynSense (formerly aiCTX),"Zurich, Switzerland","Zurich (Switzerland), Chengdu (China), San Diego (USA)",procurement@synsense.ai,www.synsense.ai,4.4,65,"$35,000,000",2017,80,"Dr. Ning Qiao, +41-44-245-8690","ISO 9001",21,"Net 30",12,"ISO 9001:2015","Ultra-low power AI, Sustainable neuromorphic engineering",3,38.4%
Biologically-inspired brain structures,GrAI Matter Labs,"Paris, France","Paris (France), Eindhoven (Netherlands), San Jose (USA)",procurement@graimatterlabs.ai,www.graimatterlabs.ai,4.3,55,"$29,000,000",2016,70,"Ingolf Held, +33-1-8398-7091","ISO 9001",30,"Net 30",12,"ISO 9001:2015","Energy-efficient brain-inspired computing, Green AI initiative",3,42.7%
Biologically-inspired brain structures,Applied Brain Research,"Waterloo, Ontario, Canada","Waterloo (Canada), Toronto (Canada)",procurement@appliedbrainresearch.com,www.appliedbrainresearch.com,4.2,40,"$15,000,000",2014,45,"Dr. Chris Eliasmith, +1-519-569-9971","ISO 9001",21,"Net 30",6,"ISO 9001:2015","Energy-efficient neuromorphic algorithms, Sustainable AI",3,31.5%
Biologically-inspired brain structures,Prophesee,"Paris, France","Paris (France), Tokyo (Japan), Shanghai (China), San Francisco (USA)",procurement@prophesee.ai,www.prophesee.ai,4.5,70,"$65,000,000",2014,105,"Luca Verre, +33-1-4021-1037","ISO 9001",30,"Net 30",12,"ISO 9001:2015","Event-based, low power vision systems, Green AI computing",2,29.8%
Biologically-inspired brain structures,Eta Compute,"Westlake Village, California, USA","Westlake Village (USA), Portland (USA)",procurement@etacompute.com,www.etacompute.com,4.3,45,"$22,000,000",2015,55,"Ted Tewksbury, +1-805-338-4876","ISO 9001",30,"Net 30",12,"ISO 9001:2015","Ultra-low power edge AI, Environmental impact reduction",3,35.2%
Biologically-inspired brain structures,Innatera Nanosystems,"Delft, Netherlands","Delft (Netherlands), Eindhoven (Netherlands)",procurement@innatera.com,www.innatera.com,4.2,35,"$18,000,000",2018,40,"Sumeet Kumar, +31-15-203-0313","ISO 9001",21,"Net 30",6,"ISO 9001:2015","Sustainable spiking neural processors, Energy-efficient design",3,47.3%
Biologically-inspired brain structures,iniVation AG,"Zurich, Switzerland","Zurich (Switzerland), Berlin (Germany)",procurement@inivation.com,www.inivation.com,4.4,50,"$24,000,000",2015,60,"Dr. Kynan Eng, +41-44-635-4525","ISO 9001",21,"Net 30",12,"ISO 9001:2015","Neuromorphic vision systems, Sustainable bio-inspired computing",3,33.8%
Environmental gas sensors,Honeywell Analytics,"Charlotte, North Carolina, USA","Charlotte (USA), Poole (UK), Shanghai (China), Singapore",gas.detection@honeywell.com,www.honeywellanalytics.com,4.7,420,"$34,400,000,000",1906,103000,"Mike Madsen, +1-704-905-2000","ISO 9001, ISO 14001, IECEx",30,"Net 45",24,"ISO 9001:2015, ISO 14001:2015","Zero carbon buildings initiative, Eco-efficiency program",1,5.3%
Environmental gas sensors,Dräger Safety,"Lübeck, Germany","Lübeck (Germany), Pittsburgh (USA), Shanghai (China), Singapore",gas.procurement@draeger.com,www.draeger.com,4.8,390,"$3,400,000,000",1889,15000,"Stefan Dräger, +49-451-882-0","ISO 9001, ISO 14001, ATEX",45,"Net 45",24,"ISO 9001:2015, ISO 14001:2015","Climate strategy 2030, Energy efficiency program",1,4.2%
Environmental gas sensors,MSA Safety,"Cranberry Township, Pennsylvania, USA","Cranberry Township (USA), Berlin (Germany), Suzhou (China)",gas.procurement@msasafety.com,www.msasafety.com,4.7,360,"$1,500,000,000",1914,5000,"Nish Vartanian, +1-724-776-8600","ISO 9001, ISO 14001, ATEX",30,"Net 45",24,"ISO 9001:2015, ISO 14001:2015","Environmental sustainability initiative, Waste reduction program",1,6.8%
Environmental gas sensors,Amphenol Advanced Sensors,"St. Marys, Pennsylvania, USA","St. Marys (USA), Pune (India), Shenzhen (China)",sensors@amphenol-sensors.com,www.amphenol-sensors.com,4.6,320,"$10,900,000,000",1932,90000,"R. Adam Norwitt, +1-203-265-8900","ISO 9001, ISO 14001, RoHS",30,"Net 45",12,"ISO 9001:2015, ISO 14001:2015","Eco-friendly manufacturing, Carbon footprint reduction",1,7.2%
Environmental gas sensors,Sensirion AG,"Stäfa, Switzerland","Stäfa (Switzerland), Shanghai (China), Seoul (South Korea), San Jose (USA)",procurement@sensirion.com,www.sensirion.com,4.7,280,"$310,000,000",1998,1000,"Marc von Waldkirch, +41-44-306-4000","ISO 9001, ISO 14001",21,"Net 30",12,"ISO 9001:2015, ISO 14001:2015","CO2-neutral operations, Sustainable product development",1,12.5%
Environmental gas sensors,SGX Sensortech,"Chelmsford, UK","Chelmsford (UK), High Wycombe (UK), Neuchâtel (Switzerland)",procurement@sgxsensortech.com,www.sgxsensortech.com,4.4,150,"$45,000,000",1962,120,"Bill Schwartz, +44-1245-809-110","ISO 9001",30,"Net 30",12,"ISO 9001:2015","Energy efficiency program, Eco-friendly packaging",2,6.8%
Environmental gas sensors,Figaro Engineering,"Osaka, Japan","Osaka (Japan), Arlington Heights (USA), Shanghai (China)",procurement@figaro.co.jp,www.figaro.co.jp,4.5,180,"$82,000,000",1968,450,"Yasuhiro Mori, +81-6-6330-0100","ISO 9001, JIS Q 9001",30,"Net 30",12,"ISO 9001:2015, JIS Q 9001","Green procurement guidelines, Energy conservation",2,4.9%
Environmental gas sensors,City Technology (Honeywell),"Portsmouth, UK","Portsmouth (UK), Shanghai (China), Suzhou (China)",procurement@citytech.com,www.citytech.com,4.6,210,"$34,400,000,000",1977,103000,"Graham Howe, +44-23-9232-5511","ISO 9001, ISO 14001, ATEX",30,"Net 45",12,"ISO 9001:2015, ISO 14001:2015","Energy efficiency program, Sustainable facilities",1,3.7%
Environmental gas sensors,Alphasense Ltd,"Great Notley, UK","Great Notley (UK), Cambridge (UK), Shenzhen (China)",procurement@alphasense.com,www.alphasense.com,4.5,140,"$38,000,000",1996,120,"Arthur Burnell, +44-1376-556-700","ISO 9001",21,"Net 30",12,"ISO 9001:2015","Energy-efficient manufacturing, Eco-friendly operations",2,8.5%
Environmental gas sensors,Zhengzhou Winsen Electronics,"Zhengzhou, China","Zhengzhou (China), Shenzhen (China), Tianjin (China)",procurement@winsensor.com,www.winsensor.com,4.3,310,"$85,000,000",1998,650,"Zhao Liangshan, +86-371-6702-2868","ISO 9001, GB/T 19001",21,"50% advance, 50% before delivery",12,"ISO 9001:2015, GB/T 19001-2016","Green manufacturing initiative, Energy conservation program",2,13.7%
Directional heat extraction systems,Laird Thermal Systems,"Cleveland, Ohio, USA","Cleveland (USA), Libertyville (USA), Shenzhen (China), Bremen (Germany)",procurement@lairdthermal.com,www.lairdthermal.com,4.6,320,"$240,000,000",1954,3000,"Brett Gourdie, +1-800-489-8003","ISO 9001, ISO 14001, IATF 16949",30,"Net 45",12,"ISO 9001:2015, ISO 14001:2015","Sustainable thermal management, Energy-efficient designs",1,7.5%
Directional heat extraction systems,Gentherm Incorporated,"Northville, Michigan, USA","Northville (USA), Odelzhausen (Germany), Acuña (Mexico), Shenzhen (China)",procurement@gentherm.com,www.gentherm.com,4.5,280,"$1,100,000,000",1991,13000,"Phil Eyler, +1-248-504-0500","ISO 9001, ISO 14001, IATF 16949",45,"Net 45",24,"ISO 9001:2015, IATF 16949:2016","Energy efficiency program, Waste reduction initiative",1,6.2%
Directional heat extraction systems,II-VI Marlow,"Dallas, Texas, USA","Dallas (USA), Albuquerque (USA), Ho Chi Minh City (Vietnam)",procurement@marlow.com,www.marlow.com,4.4,190,"$3,720,000,000",1973,28000,"John Zulauf, +1-214-342-4690","ISO 9001, ISO 14001, AS9100D",30,"Net 45",12,"ISO 9001:2015, AS9100D","Sustainable thermal solutions, Environmental management system",1,9.3%
Directional heat extraction systems,Ferrotec Corporation,"Santa Clara, California, USA","Santa Clara (USA), Livermore (USA), Shenzhen (China), Tokyo (Japan)",procurement@ferrotec.com,www.ferrotec.com,4.5,240,"$870,000,000",1980,3200,"Akira Yamamura, +1-408-240-4900","ISO 9001, ISO 14001",30,"Net 45",12,"ISO 9001:2015, ISO 14001:2015","Green product design, Eco-friendly manufacturing",1,5.8%
Directional heat extraction systems,ThermoTEC Precision Temperature Control,"Boxborough, Massachusetts, USA","Boxborough (USA), San Jose (USA), Munich (Germany)",procurement@thermotec.com,www.thermotec.com,4.3,160,"$85,000,000",1988,320,"Michael Greenberg, +1-978-635-9100","ISO 9001",21,"Net 30",12,"ISO 9001:2015","Energy-efficient thermal solutions, Sustainable manufacturing",2,7.9%
Directional heat extraction systems,Boyd Corporation,"Pleasanton, California, USA","Pleasanton (USA), Elkton (USA), Shenzhen (China), Bangalore (India)",procurement@boydcorp.com,www.boydcorp.com,4.7,350,"$1,000,000,000",1928,4500,"Doug Britt, +1-888-244-6931","ISO 9001, ISO 14001, IATF 16949",30,"Net 45",24,"ISO 9001:2015, ISO 14001:2015","Responsible manufacturing, Resource conservation program",1,6.5%
Directional heat extraction systems,CUI Devices,"Lake Oswego, Oregon, USA","Lake Oswego (USA), Tualatin (USA), Shenzhen (China)",procurement@cuidevices.com,www.cuidevices.com,4.4,180,"$120,000,000",1989,450,"Matt McKenzie, +1-503-612-2300","ISO 9001",21,"Net 30",12,"ISO 9001:2015","Energy management program, Sustainable packaging",2,8.7%
Directional heat extraction systems,Advanced Cooling Technologies,"Lancaster, Pennsylvania, USA","Lancaster (USA), York (USA)",procurement@1-act.com,www.1-act.com,4.5,130,"$65,000,000",2003,210,"Dr. Jon Zuo, +1-717-295-6061","ISO 9001, AS9100D",30,"Net 30",12,"ISO 9001:2015, AS9100D","Energy-efficient thermal solutions, Green manufacturing",2,12.5%
Directional heat extraction systems,European Thermodynamics Ltd,"Leicestershire, UK","Leicestershire (UK), Cambridge (UK), Shenzhen (China)",procurement@europeanther.com,www.europeanthermodynamics.com,4.3,110,"$38,000,000",2008,95,"Dave Bates, +44-116-279-6899","ISO 9001, ISO 14001",21,"Net 30",12,"ISO 9001:2015, ISO 14001:2015","Sustainable thermal management, Energy-efficient systems",2,11.2%
Directional heat extraction systems,Kelk Ltd.,"Tokyo, Japan","Tokyo (Japan), Osaka (Japan), Shanghai (China)",procurement@kelk.co.jp,www.kelk.co.jp,4.4,170,"$220,000,000",1975,680,"Kiyoshi Takano, +81-3-3454-3855","ISO 9001, ISO 14001, JIS Q 9001",30,"Net 45",12,"ISO 9001:2015, JIS Q 9001","Green thermal technology, Energy conservation initiative",2,4.8%
Holographic AR displays,Microsoft HoloLens,"Redmond, Washington, USA","Redmond (USA), Cambridge (UK), Shenzhen (China)",hololens.procurement@microsoft.com,www.microsoft.com/hololens,4.8,320,"$168,100,000,000",1975,181000,"Satya Nadella, +1-425-882-8080","ISO 9001, ISO 14001, ISO 27001",60,"Net 60",24,"ISO 9001:2015, ISO 27001:2013","Microsoft carbon negative by 2030, Water positive by 2030",1,13.7%
Holographic AR displays,Magic Leap,"Plantation, Florida, USA","Plantation (USA), Mountain View (USA), Tel Aviv (Israel)",procurement@magicleap.com,www.magicleap.com,4.5,180,"$350,000,000",2010,1000,"Peggy Johnson, +1-800-623-4587","ISO 9001",45,"Net 45",12,"ISO 9001:2015","Sustainable product lifecycle, Recycling program",2,8.3%
Holographic AR displays,WaveOptics,"Oxford, UK","Oxford (UK), Taipei (Taiwan), Shenzhen (China)",procurement@waveoptics.com,www.waveoptics.com,4.4,150,"$75,000,000",2014,125,"David Hayes, +44-1865-713-074","ISO 9001",30,"Net 30",12,"ISO 9001:2015","Energy efficiency program, Sustainable manufacturing",2,22.7%
Holographic AR displays,DigiLens,"Sunnyvale, California, USA","Sunnyvale (USA), Tokyo (Japan), Taipei (Taiwan)",procurement@digilens.com,www.digilens.com,4.3,130,"$85,000,000",2003,110,"Chris Pickett, +1-408-239-9411","ISO 9001",45,"Net 45",12,"ISO 9001:2015","Eco-friendly materials, Low power consumption designs",2,18.5%
Holographic AR displays,Lumus,"Rehovot, Israel","Rehovot (Israel), Shenzhen (China), San Jose (USA)",procurement@lumusvision.com,www.lumusvision.com,4.5,140,"$95,000,000",2000,180,"Ari Grobman, +972-8-945-5667","ISO 9001",30,"Net 30",12,"ISO 9001:2015","Sustainable production, Energy conservation initiative",2,15.2%
Holographic AR displays,Vuzix Corporation,"Rochester, New York, USA","Rochester (USA), Oxford (UK), Tokyo (Japan)",procurement@vuzix.com,www.vuzix.com,4.2,110,"$53,500,000",1997,130,"Paul Travers, +1-585-359-5900","ISO 9001",30,"Net 30",12,"ISO 9001:2015","Green manufacturing initiative, Sustainable supply chain",2,24.3%
Holographic AR displays,Sony Spatial Reality Display,"Tokyo, Japan","Tokyo (Japan), San Diego (USA), Stuttgart (Germany)",srd.procurement@sony.com,www.sony.com/electronics/spatial-reality-display,4.7,270,"$89,300,000,000",1946,109700,"Kenichiro Yoshida, +81-3-6748-2111","ISO 9001, ISO 14001",60,"Net 60",12,"ISO 9001:2015, ISO 14001:2015","Road to Zero environmental plan, Green Management 2025",1,5.8%
Holographic AR displays,Samsung AR Division,"Seoul, South Korea","Seoul (South Korea), San Jose (USA), Bengaluru (India)",ar.procurement@samsung.com,www.samsung.com/ar,4.6,290,"$280,600,000,000",1938,267937,"Kim Ki Nam, +82-2-2053-3000","ISO 9001, ISO 14001",45,"Net 45",24,"ISO 9001:2015, ISO 14001:2015","Eco-management 2025+, Circular economy initiative",1,7.2%
Holographic AR displays,Dispelix,"Espoo, Finland","Espoo (Finland), Sunnyvale (USA), Shenzhen (China)",procurement@dispelix.com,www.dispelix.com,4.4,95,"$68,000,000",2015,120,"Antti Sunnari, +358-10-325-1251","ISO 9001",21,"Net 30",12,"ISO 9001:2015","Nordic green initiative, Energy-efficient operations",2,31.5%
Holographic AR displays,CREAL,"Lausanne, Switzerland","Lausanne (Switzerland), Orlando (USA)",procurement@creal.com,www.creal.com,4.3,75,"$35,000,000",2017,80,"Tomas Sluka, +41-21-693-1111","ISO 9001",30,"Net 30",6,"ISO 9001:2015","Sustainable light-field display technology, Low power consumption",3,42.7%
Magnetic field imaging,SQUID AG,"Berlin, Germany","Berlin (Germany), Munich (Germany), Boston (USA)",procurement@squid-ag.com,www.squid-sensors.com,4.6,120,"$85,000,000",2002,180,"Dr. Michael Schmidt, +49-30-6392-4500","ISO 9001, ISO 13485",30,"Net 45",12,"ISO 9001:2015, ISO 13485:2016","Sustainable medical technology, Energy-efficient operations",2,9.8%
Magnetic field imaging,Tristan Technologies,"San Diego, California, USA","San Diego (USA), Boulder (USA)",procurement@tristantech.com,www.tristantech.com,4.5,90,"$32,000,000",1994,75,"Dr. Sarah Thompson, +1-619-821-2500","ISO 9001, ISO 13485",21,"Net 30",12,"ISO 9001:2015, ISO 13485:2016","Green lab initiative, Energy conservation program",2,7.5%
Magnetic field imaging,Quantum Design,"San Diego, California, USA","San Diego (USA), Shanghai (China), Tokyo (Japan), Darmstadt (Germany)",procurement@qdusa.com,www.qdusa.com,4.7,130,"$95,000,000",1982,220,"Dr. Ronald Sager, +1-858-481-4400","ISO 9001",30,"Net 45",12,"ISO 9001:2015","Sustainable scientific instruments, Energy efficiency program",1,6.2%
Magnetic field imaging,Bartington Instruments,"Witney, UK","Witney (UK), Oxford (UK)",procurement@bartington.com,www.bartington.com,4.6,80,"$28,000,000",1972,70,"Dr. Andrew Feat, +44-1993-706-565","ISO 9001",21,"Net 30",12,"ISO 9001:2015","Eco-friendly manufacturing, Low-energy operations",2,5.8%
Magnetic field imaging,Supracon AG,"Jena, Germany","Jena (Germany), Ilmenau (Germany)",procurement@supracon.com,www.supracon.com,4.5,70,"$22,000,000",2001,55,"Dr. Matthias Schmelz, +49-3641-2325-100","ISO 9001",30,"Net 30",12,"ISO 9001:2015","Sustainable superconducting technology, Energy-efficient systems",2,8.7%
Magnetic field imaging,MAGNICON GmbH,"Hamburg, Germany","Hamburg (Germany), Berlin (Germany)",procurement@magnicon.com,www.magnicon.com,4.4,65,"$18,000,000",2005,40,"Dr. Dietmar Drung, +49-40-788-927-70","ISO 9001",21,"Net 30",12,"ISO 9001:2015","Green technology initiative, Sustainable lab practices",2,9.5%
Magnetic field imaging,Star Cryoelectronics,"Santa Fe, New Mexico, USA","Santa Fe (USA), Albuquerque (USA)",procurement@starcryo.com,www.starcryo.com,4.5,55,"$15,000,000",1994,35,"Robin Cantor, +1-505-424-6454","ISO 9001",30,"Net 30",12,"ISO 9001:2015","Eco-friendly lab equipment, Energy-efficient operations",2,6.8%
Magnetic field imaging,Cryogenic Limited,"London, UK","London (UK), Cambridge (UK)",procurement@cryogenic.co.uk,www.cryogenic.co.uk,4.6,85,"$30,000,000",1991,65,"Dr. Jeremy Good, +44-20-8743-6049","ISO 9001",30,"Net 45",12,"ISO 9001:2015","Sustainable cryogenic systems, Resource efficiency program",2,7.2%
Magnetic field imaging,NanoMagnetics Instruments,"Oxford, UK","Oxford (UK), Istanbul (Turkey)",procurement@nanomagnetics-inst.com,www.nanomagnetics-inst.com,4.3,60,"$12,000,000",1998,30,"Dr. Ahmet Oral, +44-1865-522-989","ISO 9001",21,"Net 30",6,"ISO 9001:2015","Energy-efficient instruments, Green laboratory initiative",3,8.5%
Magnetic field imaging,Beijing Wanfeng Electronics,"Beijing, China","Beijing (China), Shenzhen (China), Shanghai (China)",procurement@wanfeng-tech.com,www.wanfeng-tech.cn,4.2,110,"$45,000,000",2004,180,"Dr. Li Jianping, +86-10-6271-5588","ISO 9001, GB/T 19001",30,"50% advance, 50% before delivery",12,"ISO 9001:2015, GB/T 19001-2016","Green manufacturing program, Energy conservation policy",2,11.7%
Quantum photonic circuits,PsiQuantum,"Palo Alto, California, USA","Palo Alto (USA), Bristol (UK), Tempe (USA)",procurement@psiquantum.com,www.psiquantum.com,4.7,95,"$665,000,000",2016,200,"Jeremy O'Brien, +1-650-843-0900","ISO 9001, ISO 14001",30,"Net 30",12,"ISO 9001:2015","Energy-efficient quantum computing, Sustainable manufacturing",2,32.5%
Quantum photonic circuits,Xanadu Quantum Technologies,"Toronto, Canada","Toronto (Canada), Vancouver (Canada)",procurement@xanadu.ai,www.xanadu.ai,4.6,85,"$450,000,000",2016,180,"Christian Weedbrook, +1-416-900-5458","ISO 9001",30,"Net 30",12,"ISO 9001:2015","Photonic quantum computing, Low energy footprint",2,40.2%
Quantum photonic circuits,Quandela,"Palaiseau, France","Palaiseau (France), Munich (Germany), Milan (Italy)",procurement@quandela.com,www.quandela.com,4.5,60,"$90,000,000",2017,90,"Valérian Giesz, +33-1-8498-0777","ISO 9001",21,"50% advance, 50% on delivery",12,"ISO 9001:2015","Sustainable photonic quantum computing, Low-power operations",3,45.8%
Quantum photonic circuits,Quantum Light,"Hefei, China","Hefei (China), Beijing (China), Shanghai (China)",procurement@quantumlight.cn,www.quantumlight.cn,4.3,120,"$180,000,000",2019,150,"Prof. Jian-Wei Pan, +86-551-6360-5880","ISO 9001",45,"50% advance, 50% before delivery",12,"ISO 9001:2015","Green lab initiative, Sustainable quantum technology",2,38.5%
Quantum photonic circuits,ORCA Computing,"London, UK","London (UK), Oxford (UK), Bristol (UK)",procurement@orcacomputing.com,www.orcacomputing.com,4.5,45,"$54,000,000",2019,70,"Richard Murray, +44-20-3389-9720","ISO 9001",30,"Net 30",12,"ISO 9001:2015","Energy-efficient quantum computing, Environmental responsibility",3,52.3%
Quantum photonic circuits,QuiX Quantum,"Enschede, Netherlands","Enschede (Netherlands), Delft (Netherlands), Eindhoven (Netherlands)",procurement@quixquantum.com,www.quixquantum.com,4.4,55,"$32,000,000",2019,45,"Stefan Hengesbach, +31-53-483-6450","ISO 9001",21,"Net 30",12,"ISO 9001:2015","Sustainable quantum photonics, Energy efficiency focus",3,47.8%
Quantum photonic circuits,VLC Photonics,"Valencia, Spain","Valencia (Spain), Eindhoven (Netherlands), Boston (USA)",procurement@vlcphotonics.com,www.vlcphotonics.com,4.3,70,"$28,000,000",2011,75,"Iñigo Artundo, +34-96-147-7118","ISO 9001",30,"Net 30",12,"ISO 9001:2015","Green photonics initiative, Low-power design focus",2,19.5%
Quantum photonic circuits,Ayar Labs,"Santa Clara, California, USA","Santa Clara (USA), Boston (USA), Brighton (UK)",procurement@ayarlabs.com,www.ayarlabs.com,4.6,110,"$195,000,000",2015,180,"Charles Wuischpard, +1-650-843-0870","ISO 9001",30,"Net 45",12,"ISO 9001:2015","Optical I/O for energy efficiency, Sustainable computing initiative",2,35.2%
Quantum photonic circuits,NTT Research,"Sunnyvale, California, USA","Sunnyvale (USA), Tokyo (Japan), Munich (Germany)",procurement@ntt-research.com,www.ntt-research.com,4.7,130,"$108,500,000,000",2019,330000,"Kazuhiro Gomi, +1-650-897-9300","ISO 9001, ISO 14001",45,"Net 45",12,"ISO 9001:2015, ISO 14001:2015","NTT Group environmental vision, Carbon neutrality by 2040",1,14.3%
Quantum photonic circuits,Quantum Silicon Inc.,"Vancouver, Canada","Vancouver (Canada), Toronto (Canada)",procurement@quantumsilicon.com,www.quantumsilicon.com,4.2,40,"$25,000,000",2018,35,"Dr. Stephanie Simmons, +1-604-822-3909","ISO 9001",21,"Net 30",6,"ISO 9001:2015","Silicon-based quantum computing, Sustainable technology development",3,41.7%
Exotic superconducting qubits,IBM Quantum,"Yorktown Heights, New York, USA","Yorktown Heights (USA), Zurich (Switzerland), Tokyo (Japan)",quantum.procurement@ibm.com,www.ibm.com/quantum,4.8,95,"$73,600,000,000",1911,350000,"Dario Gil, +1-914-945-3000","ISO 9001, ISO 14001",60,"Net 60",24,"ISO 9001:2015, ISO 14001:2015","IBM Environmental Affairs Program, Carbon neutrality by 2030",1,18.5%
Exotic superconducting qubits,Google Quantum AI,"Santa Barbara, California, USA","Santa Barbara (USA), Mountain View (USA), Munich (Germany)",quantum.procurement@google.com,www.quantumai.google,4.9,110,"$257,600,000,000",1998,156500,"Sundar Pichai, +1-650-253-0000","ISO 9001, ISO 14001",60,"Net 60",24,"ISO 9001:2015, ISO 14001:2015","24/7 carbon-free energy by 2030, Circular economy approach",1,21.3%
Exotic superconducting qubits,Rigetti Computing,"Berkeley, California, USA","Berkeley (USA), Fremont (USA), Bromley (UK)",procurement@rigetti.com,www.rigetti.com,4.6,85,"$32,000,000",2013,140,"Chad Rigetti, +1-510-871-1715","ISO 9001",30,"Net 45",12,"ISO 9001:2015","Sustainable quantum computing, Energy-efficient quantum systems",2,31.7%
Exotic superconducting qubits,D-Wave Systems,"Burnaby, British Columbia, Canada","Burnaby (Canada), Palo Alto (USA)",procurement@dwavesys.com,www.dwavesys.com,4.7,105,"$40,000,000",1999,200,"Alan Baratz, +1-604-630-1428","ISO 9001",45,"Net 45",12,"ISO 9001:2015","Green quantum computing initiative, Energy-efficient datacenter",1,15.8%
Exotic superconducting qubits,Alice & Bob,"Paris, France","Paris (France), Lyon (France)",procurement@alice-bob.com,www.alice-bob.com,4.5,65,"$27,000,000",2020,60,"Théau Peronnin, +33-1-8488-9135","ISO 9001",21,"Net 30",12,"ISO 9001:2015","Sustainable quantum technologies, Low-energy quantum hardware",3,48.5%
Exotic superconducting qubits,Oxford Quantum Circuits,"Oxford, UK","Oxford (UK), London (UK)",procurement@oxfordquantumcircuits.com,www.oxfordquantumcircuits.com,4.6,75,"$47,000,000",2017,85,"Ilana Wisby, +44-1865-952-290","ISO 9001",30,"Net 30",12,"ISO 9001:2015","Energy-efficient quantum computing, Sustainable operations",2,37.2%
Exotic superconducting qubits,Nord Quantique,"Sherbrooke, Québec, Canada","Sherbrooke (Canada), Montréal (Canada)",procurement@nordquantique.ca,www.nordquantique.ca,4.4,55,"$22,000,000",2020,45,"Philippe St-Jean, +1-819-791-5480","ISO 9001",21,"Net 30",6,"ISO 9001:2015","Energy-efficient error-corrected qubits, Sustainable quantum tech",3,51.8%
Exotic superconducting qubits,Quantum Circuits Inc.,"New Haven, Connecticut, USA","New Haven (USA), Boston (USA)",procurement@quantumcircuits.com,www.quantumcircuits.com,4.5,70,"$38,000,000",2015,80,"Robert Schoelkopf, +1-203-562-5151","ISO 9001",30,"Net 30",12,"ISO 9001:2015","Green quantum computing, Energy-efficient hardware",2,28.7%
Exotic superconducting qubits,Equal1 Laboratories,"Dublin, Ireland","Dublin (Ireland), Fremont (USA)",procurement@equal1.com,www.equal1.com,4.3,60,"$25,000,000",2017,55,"Jason Lynch, +353-1-716-1700","ISO 9001",21,"Net 30",6,"ISO 9001:2015","Low-power quantum computing, Sustainable semiconductor technology",3,43.5%
Exotic superconducting qubits,IQM Quantum Computers,"Espoo, Finland","Espoo (Finland), Munich (Germany), Bilbao (Spain)",procurement@meetiqm.com,www.meetiqm.com,4.7,90,"$71,000,000",2018,130,"Jan Goetz, +358-50-477-5857","ISO 9001",30,"Net 45",12,"ISO 9001:2015","Carbon-neutral quantum computing, Sustainable operations",2,41.3%
Space-based laser communications,Mynaric AG,"Gilching, Germany","Gilching (Germany), Hawthorne (USA), Shanghai (China)",procurement@mynaric.com,www.mynaric.com,4.6,120,"$18,500,000",2009,250,"Bulent Altan, +49-8105-7999-0","ISO 9001, EN 9100",45,"Net 45",12,"EN 9100:2018, ISO 9001:2015","Sustainable satellite communications, Energy efficiency initiative",2,28.7%
Space-based laser communications,TESAT-Spacecom,"Backnang, Germany","Backnang (Germany), Richardson (USA), Vienna (Austria)",procurement@tesat.de,www.tesat.de,4.7,180,"$350,000,000",1949,1200,"Matthias Motzigemba, +49-7191-930-0","ISO 9001, EN 9100, AQAP 2110",60,"Net 60",24,"EN 9100:2018, ISO 9001:2015","Green space tech initiative, Eco-friendly satellite components",1,7.3%
Space-based laser communications,General Atomics,"San Diego, California, USA","San Diego (USA), Colorado Springs (USA), Dresden (Germany)",procurement@ga-asi.com,www.ga.com,4.6,210,"$1,700,000,000",1955,15000,"Neal Blue, +1-858-455-3000","ISO 9001, AS9100D",60,"Net 60",24,"AS9100D, ISO 9001:2015","Environmental sustainability program, Carbon neutrality goal",1,6.8%
Space-based laser communications,BridgeComm,"Denver, Colorado, USA","Denver (USA), Washington DC (USA), Singapore",procurement@bridgecomminc.com,www.bridgecomminc.com,4.5,95,"$35,000,000",2015,85,"Barry Matsumori, +1-303-942-1181","ISO 9001",30,"Net 30",12,"ISO 9001:2015","Green optical wireless initiative, Low-power operations",2,33.5%
Space-based laser communications,Hensoldt Optronics,"Oberkochen, Germany","Oberkochen (Germany), Pretoria (South Africa), Paris (France)",procurement@hensoldt.net,www.hensoldt.net,4.7,230,"$1,600,000,000",2017,6400,"Thomas Müller, +49-7364-9557-0","ISO 9001, EN 9100",45,"Net 45",24,"EN 9100:2018, ISO 9001:2015","Sustainability management framework, Climate action program",1,9.4%
Space-based laser communications,Honeywell Aerospace Electronics,"Phoenix, Arizona, USA","Phoenix (USA), Toronto (Canada), Singapore",aero.procurement@honeywell.com,www.aerospace.honeywell.com,4.8,260,"$34,400,000,000",1906,103000,"Mike Madsen, +1-602-365-3099","AS9100D, ISO 9001, NADCAP",60,"Net 60",24,"AS9100D, ISO 9001:2015","Honeywell Sustainable Opportunity Policy, Net zero by 2035",1,4.5%
Space-based laser communications,SpaceX Starlink,"Hawthorne, California, USA","Hawthorne (USA), Redmond (USA), Cape Canaveral (USA)",procurement@spacex.com,www.spacex.com,4.9,350,"$5,000,000,000",2002,12000,"Gwynne Shotwell, +1-310-363-6000","ISO 9001, AS9100D",90,"Net 45",36,"AS9100D, ISO 9001:2015","Sustainable space communications, Reusable space technology",1,23.5%
Space-based laser communications,Thales Alenia Space,"Cannes, France","Cannes (France), Rome (Italy), Turin (Italy), L'Aquila (Italy)",procurement@thalesaleniaspace.com,www.thalesaleniaspace.com,4.7,280,"$2,700,000,000",2005,8000,"Hervé Derrey, +33-4-9292-7000","ISO 9001, EN 9100",60,"Net 60",24,"EN 9100:2018, ISO 9001:2015","Eco-design approach, Low-carbon strategy",1,5.8%
Space-based laser communications,Space Micro,"San Diego, California, USA","San Diego (USA), Albuquerque (USA)",procurement@spacemicro.com,www.spacemicro.com,4.4,70,"$45,000,000",2002,120,"David Strobel, +1-858-332-0700","ISO 9001, AS9100D",30,"Net 30",12,"AS9100D, ISO 9001:2015","Energy efficient space hardware, Responsible manufacturing",2,17.2%
Space-based laser communications,China Aerospace Science and Technology Corp.,"Beijing, China","Beijing (China), Shanghai (China), Xi'an (China)",procurement@casc.cn,www.spacechina.com,4.6,410,"$36,000,000,000",1968,200000,"Wu Yansheng, +86-10-6837-8800","ISO 9001, GB/T 19001",90,"50% advance, 50% before delivery",24,"ISO 9001:2015, GB/T 19001-2016","Green aerospace initiative, Low-carbon aerospace technology",1,8.3%
Robotic vision systems,Cognex Corporation,"Natick, Massachusetts, USA","Natick (USA), Cork (Ireland), Shanghai (China), Tokyo (Japan)",procurement@cognex.com,www.cognex.com,4.7,380,"$952,000,000",1981,2300,"Robert Willett, +1-508-650-3000","ISO 9001, ISO 14001",30,"Net 45",12,"ISO 9001:2015, ISO 14001:2015","Energy efficiency program, Sustainable facility management",1,8.7%
Robotic vision systems,Keyence Corporation,"Osaka, Japan","Osaka (Japan), Chicago (USA), Hamburg (Germany), Shanghai (China)",procurement@keyence.com,www.keyence.com,4.8,450,"$5,700,000,000",1974,8400,"Takizaki Takemitsu, +81-6-6379-1111","ISO 9001, ISO 14001",30,"Net 45",12,"ISO 9001:2015, ISO 14001:2015","Green procurement guidelines, Eco-friendly product design",1,11.2%
Robotic vision systems,SICK AG,"Waldkirch, Germany","Waldkirch (Germany), Minneapolis (USA), Singapore, Shanghai (China)",procurement@sick.com,www.sick.com,4.7,410,"$2,100,000,000",1946,11000,"Mats Gökstorp, +49-7681-202-0","ISO 9001, ISO 14001",45,"Net 45",24,"ISO 9001:2015, ISO 14001:2015","Climate neutrality by 2030, Eco-balance improvement",1,6.8%
Robotic vision systems,Teledyne DALSA,"Waterloo, Ontario, Canada","Waterloo (Canada), Eindhoven (Netherlands), Aguadilla (Puerto Rico)",procurement@teledynedalsa.com,www.teledynedalsa.com,4.6,280,"$4,900,000,000",1980,14000,"Edwin Roks, +1-519-886-6000","ISO 9001, ISO 14001",30,"Net 45",12,"ISO 9001:2015, ISO 14001:2015","Responsible sourcing, Environmental protection initiative",1,5.3%
Robotic vision systems,Basler AG,"Ahrensburg, Germany","Ahrensburg (Germany), Singapore, Taipei (Taiwan), Beijing (China)",procurement@baslerweb.com,www.baslerweb.com,4.5,250,"$260,000,000",1988,800,"Dietmar Ley, +49-4102-463-0","ISO 9001, ISO 14001",21,"Net 30",12,"ISO 9001:2015, ISO 14001:2015","Sustainable business practices, Green logistics program",1,9.4%
Robotic vision systems,Allied Vision,"Stadtroda, Germany","Stadtroda (Germany), Burnaby (Canada), Singapore",procurement@alliedvision.com,www.alliedvision.com,4.4,190,"$120,000,000",1989,300,"Andreas Gerk, +49-36428-677-0","ISO 9001",30,"Net 30",12,"ISO 9001:2015","Energy conservation program, Sustainable packaging",2,7.2%
Robotic vision systems,Omron Corporation,"Kyoto, Japan","Kyoto (Japan), Hoffman Estates (USA), Amsterdam (Netherlands), Shanghai (China)",vision.procurement@omron.com,www.omron.com,4.7,520,"$7,500,000,000",1933,35000,"Yoshihito Yamada, +81-75-344-7000","ISO 9001, ISO 14001",30,"Net 45",12,"ISO 9001:2015, ISO 14001:2015","Omron Green Wave 2030, Circular economy initiative",1,4.9%
Robotic vision systems,FANUC Corporation,"Oshino, Japan","Oshino (Japan), Rochester Hills (USA), Echternach (Luxembourg)",procurement@fanuc.com,www.fanuc.com,4.8,680,"$7,100,000,000",1972,9000,"Kenji Yamaguchi, +81-555-84-5555","ISO 9001, ISO 14001",60,"Net 60",24,"ISO 9001:2015, ISO 14001:2015","Environmental vision for manufacturing, Energy conservation",1,3.8%
Robotic vision systems,Mech-Vision Robotics,"Shanghai, China","Shanghai (China), Shenzhen (China), Beijing (China)",procurement@mechvision.com,www.mechvision.com,4.3,310,"$85,000,000",2016,320,"Dr. Wei Chen, +86-21-6131-9855","ISO 9001, GB/T 19001",21,"50% advance, 50% before delivery",12,"ISO 9001:2015, GB/T 19001-2016","Green intelligent manufacturing, Energy-saving focus",2,31.7%
Robotic vision systems,Photoneo,"Bratislava, Slovakia","Bratislava (Slovakia), Boston (USA), Munich (Germany)",procurement@photoneo.com,www.photoneo.com,4.4,140,"$42,000,000",2013,120,"Jan Zizka, +421-948-766-471","ISO 9001",21,"Net 30",12,"ISO 9001:2015","Energy-efficient 3D vision, Sustainable innovation",2,26.5%
Terahertz signal processing,Terasense Group,"San Jose, California, USA","San Jose (USA), New York (USA), Hamburg (Germany)",procurement@terasense.com,www.terasense.com,4.5,130,"$48,000,000",2008,110,"Michael Jetson, +1-408-600-1459","ISO 9001",30,"Net 30",12,"ISO 9001:2015","Energy-efficient THz systems, Eco-friendly manufacturing",2,14.7%
Terahertz signal processing,Teraprobe Inc.,"Ann Arbor, Michigan, USA","Ann Arbor (USA), Santa Clara (USA)",procurement@teraprobe.com,www.teraprobe.com,4.4,110,"$35,000,000",2012,85,"Dr. Lei Cheng, +1-734-418-8110","ISO 9001",21,"Net 30",12,"ISO 9001:2015","Green laboratory practices, Energy conservation program",2,18.5%
Terahertz signal processing,TeraView Ltd.,"Cambridge, UK","Cambridge (UK), Seoul (South Korea)",procurement@teraview.com,www.teraview.com,4.6,140,"$42,000,000",2001,95,"Dr. Don Arnone, +44-1223-435-380","ISO 9001, ISO 14001",30,"Net 45",12,"ISO 9001:2015, ISO 14001:2015","Sustainable THz technology, Energy efficiency program",2,9.4%
Terahertz signal processing,Hubner Photonics,"Kassel, Germany","Kassel (Germany), Cobham (UK), Stockholm (Sweden), San Jose (USA)",procurement@hubner-photonics.com,www.hubner-photonics.com,4.7,160,"$95,000,000",1946,3500,"Ingolf Cedra, +49-561-998-0","ISO 9001, ISO 14001",30,"Net 45",12,"ISO 9001:2015, ISO 14001:2015","Green photonics initiative, Sustainable manufacturing",1,7.8%
Terahertz signal processing,Advantest Corporation,"Tokyo, Japan","Tokyo (Japan), San Jose (USA), Munich (Germany), Shanghai (China)",thz.procurement@advantest.com,www.advantest.com,4.8,280,"$3,900,000,000",1954,5600,"Yoshiaki Yoshida, +81-3-3214-7500","ISO 9001, ISO 14001",45,"Net 60",24,"ISO 9001:2015, ISO 14001:2015","Advantest green products program, Carbon neutrality by 2030",1,5.3%
Terahertz signal processing,Menlo Systems,"Martinsried, Germany","Martinsried (Germany), Newton (USA)",procurement@menlosystems.com,www.menlosystems.com,4.6,120,"$75,000,000",2001,180,"Dr. Michael Mei, +49-89-189-166-0","ISO 9001",30,"Net 45",12,"ISO 9001:2015","Energy-efficient photonics, Sustainable manufacturing",2,11.2%
Terahertz signal processing,Virginia Diodes Inc.,"Charlottesville, Virginia, USA","Charlottesville (USA), Santa Clara (USA)",procurement@vadiodes.com,www.vadiodes.com,4.5,95,"$38,000,000",1996,100,"Dr. Thomas Crowe, +1-434-297-3257","ISO 9001",21,"Net 30",12,"ISO 9001:2015","Green manufacturing initiative, Resource conservation program",2,8.9%
Terahertz signal processing,Toptica Photonics AG,"Graefelfing, Germany","Graefelfing (Germany), Farmington (USA), Tokyo (Japan)",procurement@toptica.com,www.toptica.com,4.7,150,"$110,000,000",1998,350,"Dr. Wilhelm Kaenders, +49-89-85837-0","ISO 9001, ISO 14001",30,"Net 45",12,"ISO 9001:2015, ISO 14001:2015","Environmental management system, Sustainable photonics",1,12.3%
Terahertz signal processing,TeraSense Technology Co.,"Shenzhen, China","Shenzhen (China), Shanghai (China), Beijing (China)",procurement@terasense-tech.cn,www.terasense-tech.cn,4.3,210,"$65,000,000",2014,280,"Dr. Zhang Wei, +86-755-2690-0880","ISO 9001, GB/T 19001",30,"50% advance, 50% before delivery",12,"ISO 9001:2015, GB/T 19001-2016","Energy efficiency initiative, Green factory concept",2,21.5%
Terahertz signal processing,NEC Corporation (THz Division),"Tokyo, Japan","Tokyo (Japan), Kawasaki (Japan), Santa Clara (USA), London (UK)",thz.procurement@nec.com,www.nec.com,4.8,320,"$27,100,000,000",1899,110000,"Takayuki Morita, +81-3-3454-1111","ISO 9001, ISO 14001",60,"Net 60",24,"ISO 9001:2015, ISO 14001:2015","Environmental management system, Carbon neutrality by 2050",1,4.7%
X-ray monochromator crystals,Rigaku Corporation,"Tokyo, Japan","Tokyo (Japan), The Woodlands (USA), Wroclaw (Poland), Beijing (China)",crystals.procurement@rigaku.com,www.rigaku.com,4.8,320,"$400,000,000",1951,1500,"Hikaru Shimura, +81-3-3479-0618","ISO 9001, ISO 14001",30,"Net 45",12,"ISO 9001:2015, ISO 14001:2015","Green energy initiative, Sustainable lab practices",1,4.7%
X-ray monochromator crystals,Inrad Optics,"Northvale, New Jersey, USA","Northvale (USA), Sarasota (USA)",procurement@inradoptics.com,www.inradoptics.com,4.5,180,"$45,000,000",1973,120,"Amy Eskilson, +1-201-767-1910","ISO 9001",21,"Net 30",12,"ISO 9001:2015, ANSI/ASQC Q9001","Eco-friendly manufacturing, Reduced waste initiative",2,6.8%
X-ray monochromator crystals,Saint-Gobain Crystals,"Malvern, Pennsylvania, USA","Malvern (USA), Hiram (USA), Nemours (France), Shangyu (China)",crystals.procurement@saint-gobain.com,www.crystals.saint-gobain.com,4.7,560,"$44,600,000,000",1665,167000,"Benoit Bazin, +33-1-8818-1300","ISO 9001, ISO 14001",45,"Net 45",24,"ISO 9001:2015, ISO 14001:2015","Zero carbon emissions by 2050, Circular economy program",1,3.5%
X-ray monochromator crystals,Crytur,"Turnov, Czech Republic","Turnov (Czech Republic), Palermo (Italy)",sales@crytur.cz,www.crytur.com,4.4,140,"$32,000,000",1998,180,"Jindřich Houžvička, +420-481-319-511","ISO 9001",30,"Net 30",12,"ISO 9001:2015","Energy-efficient production, Resource conservation",2,8.9%
X-ray monochromator crystals,Coherent (formerly II-VI),"Saxonburg, Pennsylvania, USA","Saxonburg (USA), Santa Clara (USA), Singapore, Penang (Malaysia)",x-ray.procurement@coherent.com,www.coherent.com,4.7,420,"$3,720,000,000",1966,28000,"Andreas Mattes, +1-724-352-4455","ISO 9001, ISO 14001",30,"Net 30",12,"ISO 9001:2015, ISO 14001:2015","Sustainable manufacturing program, Green procurement",1,9.3%
X-ray monochromator crystals,Crystal Scientific Ltd,"Oxford, UK","Oxford (UK), Cambridge (UK)",procurement@crystal-scientific.com,www.crystal-scientific.com,4.3,90,"$15,000,000",1995,45,"Dr. Victoria Henderson, +44-1235-778-844","ISO 9001",14,"Net 30",6,"ISO 9001:2015","Low-energy manufacturing, Recyclable packaging",2,10.5%
X-ray monochromator crystals,FMB Oxford,"Oxford, UK","Oxford (UK), Berlin (Germany)",procurement@fmb-oxford.com,www.fmb-oxford.com,4.5,110,"$27,000,000",1993,85,"Dr. Alan Partridge, +44-1865-320-300","ISO 9001",21,"Net 30",12,"ISO 9001:2015","Energy-efficient facilities, Sustainable engineering practices",2,7.2%
X-ray monochromator crystals,Shanghai Institute of Ceramics,"Shanghai, China","Shanghai (China), Hefei (China)",procurement@siccas.ac.cn,www.siccas.ac.cn,4.4,280,"$75,000,000",1959,650,"Prof. Liu Junfeng, +86-21-5241-2990","ISO 9001, GB/T 19001",45,"50% advance, 50% before delivery",12,"GB/T 19001-2016","Green laboratory initiative, Energy efficiency program",1,12.8%
X-ray monochromator crystals,Gooch & Housego PLC,"Ilminster, UK","Ilminster (UK), Fremont (USA), St. Asaph (UK), Cleveland (USA)",procurement@goochandhousego.com,www.goochandhousego.com,4.6,170,"$140,000,000",1948,850,"Mark Webster, +44-1460-256-440","ISO 9001, ISO 14001",30,"Net 30",12,"ISO 9001:2015, ISO 14001:2015","Environmental sustainability program, Energy reduction targets",2,5.3%
X-ray monochromator crystals,Trioptics GmbH,"Wedel, Germany","Wedel (Germany), Wetzlar (Germany), Beijing (China), Irvine (USA)",procurement@trioptics.com,www.trioptics.com,4.5,130,"$120,000,000",1991,450,"Eugen Dumitrescu, +49-4103-18006-0","ISO 9001, ISO 14001",21,"Net 30",12,"ISO 9001:2015, ISO 14001:2015","Environmental management system, Low-waste manufacturing",2,6.9%
Infrared spectroscopy components,Thermo Fisher Scientific,"Waltham, Massachusetts, USA","Waltham (USA), Madison (USA), Eindhoven (Netherlands), Shanghai (China)",spectroscopy.procurement@thermofisher.com,www.thermofisher.com/spectroscopy,4.9,1250,"$34,500,000,000",1956,90000,"Dr. Marc Casper, +1-781-622-1000","ISO 9001, ISO 14001, ISO 13485",45,"Net 60",24,"ISO 9001:2015, ISO 13485:2016","Science-based targets initiative, Net zero by 2050 commitment",1,6.8%
Infrared spectroscopy components,Agilent Technologies,"Santa Clara, California, USA","Santa Clara (USA), Waldbronn (Germany), Singapore, Melbourne (Australia)",spectroscopy.suppliers@agilent.com,www.agilent.com,4.8,980,"$6,850,000,000",1999,16700,"Mike McMullen, +1-408-345-8886","ISO 9001, ISO 14001, ISO 13485",30,"Net 45",24,"ISO 9001:2015, ISO 13485:2016","Agilent zero waste program, Environmental sustainability framework",1,7.2%
Infrared spectroscopy components,Bruker Corporation,"Billerica, Massachusetts, USA","Billerica (USA), Bremen (Germany), Karlsruhe (Germany), Shanghai (China)",supplier.relations@bruker.com,www.bruker.com,4.7,850,"$2,480,000,000",1960,7800,"Frank Laukien, +1-978-663-3660","ISO 9001, ISO 14001",30,"Net 45",12,"ISO 9001:2015, ISO 17025","Bruker sustainability initiative, Energy efficiency program",1,5.5%
Infrared spectroscopy components,Shimadzu Corporation,"Kyoto, Japan","Kyoto (Japan), Columbia (USA), Beijing (China), Duisburg (Germany)",procurement@shimadzu.com,www.shimadzu.com,4.8,920,"$3,900,000,000",1875,11500,"Teruhisa Ueda, +81-75-823-1111","ISO 9001, ISO 14001, JIS Q 9100",45,"Net 60",12,"ISO 9001:2015, JIS Q 9100","Environmental management system, Eco-solution development",1,4.3%
Infrared spectroscopy components,PerkinElmer,"Waltham, Massachusetts, USA","Waltham (USA), Singapore, Llantrisant (UK), Shanghai (China)",spectroscopy.procurement@perkinelmer.com,www.perkinelmer.com,4.7,780,"$5,200,000,000",1937,14000,"Prahlad Singh, +1-781-663-6900","ISO 9001, ISO 14001, ISO 13485",30,"Net 45",24,"ISO 9001:2015, ISO 13485:2016","Corporate social responsibility program, Sustainable product design",1,8.1%
Infrared spectroscopy components,JASCO Corporation,"Tokyo, Japan","Tokyo (Japan), Easton (USA), Gross-Umstadt (Germany), Shanghai (China)",procurement@jasco.co.jp,www.jasco.co.jp,4.5,480,"$420,000,000",1958,900,"Hideharu Gomi, +81-3-6870-2111","ISO 9001, ISO 14001",21,"Net 30",12,"ISO 9001:2015","Energy-saving initiative, Resource efficiency program",2,4.7%
Infrared spectroscopy components,Edinburgh Instruments,"Livingston, UK","Livingston (UK), Shanghai (China), New Jersey (USA)",procurement@edinst.com,www.edinst.com,4.4,210,"$85,000,000",1971,180,"Mark Vosloo, +44-1506-425-300","ISO 9001, ISO 14001",14,"Net 30",12,"ISO 9001:2015","Sustainable manufacturing practices, Waste reduction program",2,9.3%
Infrared spectroscopy components,ABB Analytical,"Québec City, Canada","Québec (Canada), Frankfurt (Germany), Singapore",ftir.procurement@ca.abb.com,www.abb.com/analytical,4.6,550,"$29,400,000,000",1988,110000,"Björn Rosengren, +41-43-317-7111","ISO 9001, ISO 14001",45,"Net 45",24,"ISO 9001:2015, ISO 14001:2015","ABB Better World initiative, Carbon reduction program",1,3.2%
Infrared spectroscopy components,Horiba Scientific,"Kyoto, Japan","Kyoto (Japan), Edison (USA), Palaiseau (France), Shanghai (China)",spectro.info@horiba.com,www.horiba.com,4.7,420,"$1,800,000,000",1945,9000,"Atsushi Horiba, +81-75-313-8121","ISO 9001, ISO 14001",30,"Net 45",12,"ISO 9001:2015, ISO 14001:2015","Horiba sustainability vision, Environmental impact reduction",1,5.8%
Infrared spectroscopy components,Hitachi High-Tech,"Tokyo, Japan","Tokyo (Japan), Shanghai (China), Dallas (USA), Mannheim (Germany)",spectro.procurement@hitachi-hightech.com,www.hitachi-hightech.com,4.6,680,"$2,700,000,000",1947,10000,"Masahiro Miyazaki, +81-3-3504-7111","ISO 9001, ISO 14001",30,"Net 45",12,"ISO 9001:2015, ISO 14001:2015","Hitachi Environmental Vision, Zero carbon emission plan",1,4.1%